policy,candidate,fold,era,first_timestamp,high_minus_low_next_net_return,high_minus_low_next_gross_return,high_minus_low_next_cost_ratio,high_minus_low_next_drawdown_change,rank_association_next_net_return,rank_association_next_gross_return,rank_association_next_cost_ratio,rank_association_next_drawdown_change
agent,realized_market_volatility,2009,2009-2018,2009-04-03T00:00:00+01:00,-0.0012463235396332187,-0.0012180465959259492,2.805533302286829e-05,0.04960803074868264,-0.036905128769535556,-0.0364142637023993,0.23329517939687436,0.24569902897472637
agent,realized_market_volatility,2010,2009-2018,2010-03-31T00:00:00+01:00,-0.0010406387650243646,-0.00103142926475195,9.075554309482216e-06,0.024454043790959987,-0.0759344588793409,-0.07510673678543806,0.03451643687980688,0.08865773719737441
agent,realized_market_volatility,2011,2009-2018,2011-03-31T00:00:00+01:00,0.003258102877486628,0.0032709851730143894,1.3391965203280143e-05,-0.000205563672118967,0.08301782962799913,0.08370680167290337,0.13116883116883118,-0.09080880380750915
agent,realized_market_volatility,2012,2009-2018,2012-03-29T00:00:00+01:00,-0.0010420709686759526,-0.0010139430913355249,2.820476035831997e-05,0.02031546898682799,-0.008754916594764073,-0.008514472901676616,0.22580960902366032,0.17164130038119008
agent,realized_market_volatility,2013,2009-2018,2013-04-01T00:00:00+01:00,0.0044889521372962985,0.004460182253939282,-2.782957914024186e-05,-0.0201214027229344,-0.005563875279167606,-0.006293173594639983,-0.17940738560620492,-0.204519348106111
agent,realized_market_volatility,2014,2009-2018,2014-03-31T00:00:00+01:00,-0.0006512684241683506,-0.0006308919666931092,2.0210852893554906e-05,0.018303206579252915,0.006595108070219487,0.007480174921013536,0.17197079070156718,0.17184047470983096
agent,realized_market_volatility,2015,2009-2018,2015-03-31T00:00:00+01:00,-0.0001462997678786511,-0.00014770682969295762,-1.3777488524114608e-06,0.006577110235421561,0.0004373025338438683,0.0012428598330299417,0.031998409808967836,0.11333724763044302
agent,realized_market_volatility,2016,2009-2018,2016-03-30T00:00:00+01:00,-0.002122975958758077,-0.0021219133138915243,7.956327776546509e-07,0.026141787567408724,-0.052285864145057766,-0.05205605955343436,0.01682361114509713,0.32971591053504495
agent,realized_market_volatility,2017,2009-2018,2017-03-30T00:00:00+01:00,-7.416484579433658e-05,-8.089342655535054e-05,-6.780130551987379e-06,-0.002149298466949112,0.0025005502971604666,0.0015034118423948935,-0.060462249614792,0.010236481021855396
agent,realized_market_volatility,2018,2009-2018,2018-03-29T00:00:00+01:00,-0.0009347442042407722,-0.0009349449388896,-2.7826104733316367e-07,-0.010433932817585319,-0.104885652710648,-0.10500491703805995,-0.07659280647793609,-0.07501357160167192
agent,realized_market_volatility,2019,2019-2025,2019-03-29T00:00:00+00:00,0.0003110757775842801,0.00030483166737135185,-6.230251269690221e-06,-0.029604179508927374,0.029845871337090355,0.02895218681411043,-0.14759944634115982,-0.2799673193709506
agent,realized_market_volatility,2020,2019-2025,2020-03-30T00:00:00+01:00,0.002503754171113045,0.0024888727885373826,-1.4621437127693344e-05,-0.020540790424921282,0.045661903145158805,0.04366801444489027,-0.2210438593783759,-0.3508995394185286
agent,realized_market_volatility,2021,2019-2025,2021-03-31T00:00:00+01:00,0.0016252987887244827,0.001626704594178496,1.5857777046995278e-06,-0.02213254026424244,-0.026437103228009774,-0.025224245661108445,0.020740928304159145,0.0042491395663704435
agent,realized_market_volatility,2022,2019-2025,2022-03-31T00:00:00+01:00,-0.0037920498570756522,-0.0037702564999817605,2.131341527832287e-05,0.04519845561021213,-0.14777271861636745,-0.14717326569830858,0.23544433094994893,0.3734428544119376
agent,realized_market_volatility,2023,2019-2025,2023-03-30T00:00:00+01:00,-0.00040390342733857593,-0.00039946789253797417,4.450768034141981e-06,0.019887402192255006,-0.028326607648024475,-0.026960547020040877,0.11249892279097676,0.38393291263585466
agent,realized_market_volatility,2024,2019-2025,2024-03-28T00:00:00+00:00,0.000512367256945891,0.0005132987479419168,9.364366157020815e-07,-0.0050234653395310296,-0.03344213587763899,-0.0311572824472203,0.033343795116439645,-0.01391503325371231
agent,realized_market_volatility,2025,2019-2025,2025-04-01T00:00:00+01:00,0.000825026731483971,0.0008204930922162427,-4.638456032112834e-06,-0.0053135302007734,0.1350961018252228,0.13421680571770267,-0.13136706626042882,-0.29359348351613085
agent,mean_cross_pair_correlation,2009,2009-2018,2009-04-03T00:00:00+01:00,-0.003753674632142112,-0.0037199505740231845,3.3216025790902185e-05,-0.016215055473584705,-0.030937706361435176,-0.03071978868589038,0.2859322033898305,-0.10542381333021125
agent,mean_cross_pair_correlation,2010,2009-2018,2010-03-31T00:00:00+01:00,0.0011929284983976758,0.0011953073122632362,2.472229889820626e-06,0.0441938433809123,-0.04748337374418707,-0.04748124592389425,-0.01368507621320334,0.16884607495669432
agent,mean_cross_pair_correlation,2011,2009-2018,2011-03-31T00:00:00+01:00,0.0030351748540194783,0.00305438203404362,1.953888064393572e-05,-0.013208861275570551,0.1413845476557341,0.14239489324235086,0.18773057451023553,-0.22966600553055538
agent,mean_cross_pair_correlation,2012,2009-2018,2012-03-29T00:00:00+01:00,0.002260500240747934,0.002285756162786244,2.588647952043309e-05,0.014597067560934813,0.08733106436762778,0.08770768855945503,0.22745441411000195,0.028379900003627712
agent,mean_cross_pair_correlation,2013,2009-2018,2013-04-01T00:00:00+01:00,0.0035252493786608,0.0034960683524291433,-2.836313844296121e-05,-0.020469958660477818,0.019900971243572655,0.0187669881061616,-0.2036084035941206,-0.3574257661621869
agent,mean_cross_pair_correlation,2014,2009-2018,2014-03-31T00:00:00+01:00,-0.0007434992782935072,-0.0007338088198696331,9.528800931622126e-06,0.00802392249687919,0.01537045173979453,0.015740798861758,0.10262381520306321,0.03155873441582339
agent,mean_cross_pair_correlation,2015,2009-2018,2015-03-31T00:00:00+01:00,0.0013711375478340508,0.0013648737601840435,-5.96953907180561e-06,0.017545845169877394,0.00511581193898688,0.0057665348481995265,-0.017730630008578663,0.1931880145743299
agent,mean_cross_pair_correlation,2016,2009-2018,2016-03-30T00:00:00+01:00,-0.001526942263990826,-0.001527598414149288,-8.895006737449468e-07,0.02644894054252042,-0.08443510094911424,-0.08392655189913281,0.0029417115548089276,0.34386506067052475
agent,mean_cross_pair_correlation,2017,2009-2018,2017-03-30T00:00:00+01:00,-0.0008114469760301373,-0.0008182409898530686,-6.884370698059973e-06,0.005477849882921097,-0.0751353731014748,-0.0767378384327537,-0.08379925159586178,0.2258124997195914
agent,mean_cross_pair_correlation,2018,2009-2018,2018-03-29T00:00:00+01:00,0.001103664803493374,0.0011242578739984479,2.0926951621874626e-05,-0.01013389568766795,-0.025168957797166946,-0.025168957797166946,0.020222626744502332,-0.09711815504285892
agent,mean_cross_pair_correlation,2019,2019-2025,2019-03-29T00:00:00+00:00,-0.0009451671215015044,-0.0009550257436753903,-9.897528468625337e-06,-0.021955956293237933,-0.03192900740375071,-0.03316101535328733,-0.16447093344284514,-0.08885126649064813
agent,mean_cross_pair_correlation,2020,2019-2025,2020-03-30T00:00:00+01:00,0.001058003935689755,0.0010459477737611328,-1.2070899037629998e-05,-0.017406680344539748,0.030463903206889104,0.030348673312962333,-0.08020000617303004,-0.30264768897944805
agent,mean_cross_pair_correlation,2021,2019-2025,2021-03-31T00:00:00+01:00,-0.00017154301652804013,-0.00016594381419838687,5.534644664555765e-06,-0.013017043060617703,-0.06987655450571266,-0.06836580209781803,0.03352061698277211,0.08057493484066008
agent,mean_cross_pair_correlation,2022,2019-2025,2022-03-31T00:00:00+01:00,-0.0032921795089069766,-0.0032729373283497095,1.88871625190159e-05,0.03899674294719632,-0.14630113744568135,-0.1455610186804245,0.23604811204792164,0.27796316535966364
agent,mean_cross_pair_correlation,2023,2019-2025,2023-03-30T00:00:00+01:00,-0.0001706895111599817,-0.00016619217236353868,4.5002564789395415e-06,0.016485464215026367,-0.021875056520226532,-0.020402604877602457,0.05083043506477618,0.37292304593211706
agent,mean_cross_pair_correlation,2024,2019-2025,2024-03-28T00:00:00+00:00,4.6272266233849765e-05,5.1448463758915547e-05,5.093305156796791e-06,-0.0024796879232691776,-0.12201786872554557,-0.11931454397087439,0.08216893687360075,0.015541711359492909
agent,mean_cross_pair_correlation,2025,2019-2025,2025-04-01T00:00:00+01:00,0.001124132503346613,0.0011338418858669276,9.723226055143518e-06,-0.004870455479539159,0.12867678464648763,0.13021896978843361,0.15929952447393148,-0.23495419252233246
agent,cross_sectional_return_dispersion,2009,2009-2018,2009-04-03T00:00:00+01:00,-5.193832684202205e-05,-3.768876950614405e-05,1.4053864350773771e-05,0.06967507046499073,-0.02229804094210874,-0.021732335461149024,0.13584415584415588,0.3489191056120588
agent,cross_sectional_return_dispersion,2010,2009-2018,2010-03-31T00:00:00+01:00,-0.001060044143074779,-0.0010451928811586223,1.4671529039577265e-05,-0.022078755169552766,-0.03988492747856487,-0.03819331034578144,0.1008980465545802,-0.09846435419598158
agent,cross_sectional_return_dispersion,2011,2009-2018,2011-03-31T00:00:00+01:00,-0.0027930618464094325,-0.002811350755559982,-1.8516828047541366e-05,0.010909236055996727,-0.13104336341624478,-0.13161787365177197,-0.19887299141536433,0.16105221411553236
agent,cross_sectional_return_dispersion,2012,2009-2018,2012-03-29T00:00:00+01:00,-0.0061861245954456905,-0.006173649907908139,1.1374309779508973e-05,0.023412394021942843,-0.19321991341899228,-0.1928709508909716,0.08661186110865822,0.33615328312041604
agent,cross_sectional_return_dispersion,2013,2009-2018,2013-04-01T00:00:00+01:00,-0.005885591293570141,-0.005886350671659978,-2.1257420488394324e-06,0.028968575907872236,-0.04821808832949569,-0.04758400997212652,-0.00029431623413722066,0.3276670184271247
agent,cross_sectional_return_dispersion,2014,2009-2018,2014-03-31T00:00:00+01:00,-0.0013588891519735944,-0.0013352150853204211,2.352927433994083e-05,0.03951787162241559,-0.05323792187140377,-0.05185487414474923,0.21094093277258175,0.46538746248281393
agent,cross_sectional_return_dispersion,2015,2009-2018,2015-03-31T00:00:00+01:00,0.0026576115776463516,0.0026783232077659492,2.1364788771503524e-05,-0.049844367281722465,0.04047245412508108,0.041514447722469816,0.13747619944343314,-0.17372007965132719
agent,cross_sectional_return_dispersion,2016,2009-2018,2016-03-30T00:00:00+01:00,-0.0009917854771180172,-0.0009895534809469303,2.1282356978795256e-06,0.018338889694068154,-0.04629179438021383,-0.0460364559450767,0.03402703821246073,0.23102995799324852
agent,cross_sectional_return_dispersion,2017,2009-2018,2017-03-30T00:00:00+01:00,0.002569930840969109,0.0025698213878915096,9.656237650425899e-08,-0.026635404283686482,0.1592956196346027,0.15932423508694696,0.010365397314549859,-0.6938722365963153
agent,cross_sectional_return_dispersion,2018,2009-2018,2018-03-29T00:00:00+01:00,0.0006039969856105913,0.0005833225143059881,-2.066130514444042e-05,-0.006952170912797987,-0.08338041135731175,-0.08387211516330842,-0.23471219634674534,-0.12326186597015361
agent,cross_sectional_return_dispersion,2019,2019-2025,2019-03-29T00:00:00+00:00,-0.0004754868981489968,-0.0004778732576069155,-2.425372331142322e-06,-0.026992535068616083,0.04383416194201903,0.04357031222571067,-0.10062142991651497,-0.30992957256331977
agent,cross_sectional_return_dispersion,2020,2019-2025,2020-03-30T00:00:00+01:00,0.0023644469808188455,0.00234959405567134,-1.464470568536815e-05,-0.014018032310700548,0.04528123295986501,0.042859347510725634,-0.21867135816949085,-0.27724288086307264
agent,cross_sectional_return_dispersion,2021,2019-2025,2021-03-31T00:00:00+01:00,0.0021021918112318263,0.0020934436829211974,-8.494338865681585e-06,-0.036718003844033884,0.06796364406247705,0.06681674892465282,-0.08620970307331725,-0.42119103290065313
agent,cross_sectional_return_dispersion,2022,2019-2025,2022-03-31T00:00:00+01:00,-0.0007592548546358478,-0.0007599254283679692,-8.041357266731064e-07,0.022125228301624476,-0.004598691158394072,-0.004771818354945379,-0.02768303872855387,0.26057975878232964
agent,cross_sectional_return_dispersion,2023,2019-2025,2023-03-30T00:00:00+01:00,-0.0004980724894766062,-0.0004923237158661082,5.776700177889958e-06,0.012533890836860032,-0.06316753712248478,-0.06256323615932693,0.14184794808969614,0.4013843602841996
agent,cross_sectional_return_dispersion,2024,2019-2025,2024-03-28T00:00:00+00:00,0.000955539728845574,0.0009490466218504344,-6.387731091401602e-06,0.001429160797595537,0.025503734856568955,0.026514343104638755,-0.07389785114974996,0.008908899858403034
agent,cross_sectional_return_dispersion,2025,2019-2025,2025-04-01T00:00:00+01:00,-0.0013293296854110935,-0.0013377492426463382,-8.70634525486278e-06,-0.001793808860959041,-0.027605569634670687,-0.029006520686807705,-0.21227825393661548,-0.025086956100677713
agent,momentum_dispersion,2009,2009-2018,2009-04-03T00:00:00+01:00,0.0063994909661502265,0.006402979150230095,4.723523617700131e-06,-0.03613038199265135,0.07432313449262602,0.07498128989654414,0.07189962579793088,-0.2556818901474126
agent,momentum_dispersion,2010,2009-2018,2010-03-31T00:00:00+01:00,-0.0019048042107547671,-0.0019085408786050165,-3.917860081622564e-06,0.004274949437912661,-0.010444405907254699,-0.009246443082403032,0.01053803000013831,0.00648593103414558
agent,momentum_dispersion,2011,2009-2018,2011-03-31T00:00:00+01:00,-0.00014735874514946188,-0.00016547106225170416,-1.818026218606788e-05,0.0009959896990342255,-0.025956416464891045,-0.025943209333039844,-0.14363196125907993,-0.009984999117056859
agent,momentum_dispersion,2012,2009-2018,2012-03-29T00:00:00+01:00,-0.0005615065249758608,-0.0005738289645479374,-1.2101830790064319e-05,0.0011080404416758671,0.03349082749867278,0.034007887829825445,-0.0429851616451881,-0.06536692442221133
agent,momentum_dispersion,2013,2009-2018,2013-04-01T00:00:00+01:00,-0.0015573740199422816,-0.0015942200019953918,-3.756669138900235e-05,-0.015553780590874068,-0.03129706895656239,-0.032251432627551466,-0.2859801596232753,-0.14892205601188724
agent,momentum_dispersion,2014,2009-2018,2014-03-31T00:00:00+01:00,0.0007565038413528426,0.0007682161465196899,1.1932960905905498e-05,0.017150545356448808,-0.0011382420019668152,4.393948904651309e-05,0.138790199401586,0.3096795658204019
agent,momentum_dispersion,2015,2009-2018,2015-03-31T00:00:00+01:00,0.002971442472900916,0.0029790778474818366,8.062248422981938e-06,0.0018134735211440128,-0.018575942083568723,-0.018469231895884335,0.1443119285250978,0.0657055885534286
agent,momentum_dispersion,2016,2009-2018,2016-03-30T00:00:00+01:00,0.0008111212936939599,0.0008163340031713557,5.1813031594865586e-06,0.014522255455832418,0.0528390974211882,0.052336931832085196,0.04852387786737083,0.08846629295689767
agent,momentum_dispersion,2017,2009-2018,2017-03-30T00:00:00+01:00,0.001173613290006101,0.0011594309751955594,-1.4035635172814678e-05,-0.008864430986942751,0.09856042262821925,0.09817961699317632,-0.14191943649570768,-0.25968382421070807
agent,momentum_dispersion,2018,2009-2018,2018-03-29T00:00:00+01:00,0.0044708703377710195,0.0044707303110055815,2.487220311755457e-07,-0.01902397979355832,0.20788818446215973,0.2084426589667943,-0.0025526750779402843,-0.43019762883465434
agent,momentum_dispersion,2019,2019-2025,2019-03-29T00:00:00+00:00,-0.00036366054345192205,-0.0003649182170082895,-1.2234729967645024e-06,-0.017312211338197617,-0.04087649173501403,-0.04186592817117038,0.008416593168207386,-0.02056406259984901
agent,momentum_dispersion,2020,2019-2025,2020-03-30T00:00:00+01:00,0.0029560474924181686,0.0029428259225866356,-1.286982093546391e-05,-0.015414965753040577,0.0895274545510664,0.0881035422903999,-0.17219667273681283,-0.3707525759248294
agent,momentum_dispersion,2021,2019-2025,2021-03-31T00:00:00+01:00,0.0007834660007195679,0.0007967343457875646,1.3331070680077959e-05,0.0009359871197481169,0.01053164653925988,0.010999767003677939,0.06813174186560901,-0.014214218694822561
agent,momentum_dispersion,2022,2019-2025,2022-03-31T00:00:00+01:00,0.0014716656821485853,0.0014764444655668357,4.913360117849588e-06,0.04460844578828542,0.05285356901715692,0.05306564983293225,-0.02196551306244698,0.13860962332512033
agent,momentum_dispersion,2023,2019-2025,2023-03-30T00:00:00+01:00,-0.0006319339889798489,-0.0006355326123662174,-3.672802014629447e-06,0.006091102887637326,-0.011597684505957367,-0.010295458486758042,0.0022033579132040826,0.2225676911077384
agent,momentum_dispersion,2024,2019-2025,2024-03-28T00:00:00+00:00,-0.0009067611287471018,-0.0009018069087754082,4.819337675967465e-06,0.008067741053906445,-0.05583872115163309,-0.05360199192350344,0.03603038101814073,0.15869148631948485
agent,momentum_dispersion,2025,2019-2025,2025-04-01T00:00:00+01:00,-4.5436168647041905e-05,-4.927374249398368e-05,-3.822930827687652e-06,0.0045650509689746255,-0.04577009595945214,-0.04667900566644836,-0.14223981320652637,0.11131859023399544
agent,carry_dispersion,2009,2009-2018,2009-04-03T00:00:00+01:00,-0.001823580970367289,-0.0018160263503202098,7.015358212720174e-06,0.055600758384827004,-0.0635271146041718,-0.06277849908124981,0.1929368249031294,0.32841428270703654
agent,carry_dispersion,2010,2009-2018,2010-03-31T00:00:00+01:00,-0.0011572409549719116,-0.0011492284153081058,8.012096948599231e-06,-0.03537625645858648,-0.06914659592662005,-0.0679850445554058,0.08506970789732475,-0.06281966871931872
agent,carry_dispersion,2011,2009-2018,2011-03-31T00:00:00+01:00,-0.0006550287629373919,-0.000660029084734643,-4.74813232576752e-06,0.009213547165408762,-0.07361837838552267,-0.07334939518153388,-0.012486133913553396,0.22746103527974956
agent,carry_dispersion,2012,2009-2018,2012-03-29T00:00:00+01:00,-0.0012341800480371533,-0.0012265190241988358,7.628579147691029e-06,0.02018552211590687,-0.02887287732648442,-0.028156303838896578,0.1395658078216694,0.1648345953115278
agent,carry_dispersion,2013,2009-2018,2013-04-01T00:00:00+01:00,0.0023133891764289963,0.0022715400451158553,-4.1393086047366174e-05,-0.02072450775201715,0.02063571459432407,0.01958599756118614,-0.24709118105365724,-0.17139532470071128
agent,carry_dispersion,2014,2009-2018,2014-03-31T00:00:00+01:00,-0.0005513894031535216,-0.0005541365439214787,-2.6902447653924326e-06,0.031810554584893964,0.003148104191816287,0.004106955050640973,-0.006175167934933519,0.2902693249135472
agent,carry_dispersion,2015,2009-2018,2015-03-31T00:00:00+01:00,-0.0014787684534855413,-0.001469715047814168,8.703037030242318e-06,0.04663709388575077,-0.06256472652271615,-0.06276174261896679,0.05347459348287386,0.04741082739172094
agent,carry_dispersion,2016,2009-2018,2016-03-30T00:00:00+01:00,-0.0020416228807703315,-0.002059271382681218,-1.7789194309364153e-05,0.01623367720399035,-0.09814025498638605,-0.09761012604045524,-0.15304126540103416,0.38832152054847213
agent,carry_dispersion,2017,2009-2018,2017-03-30T00:00:00+01:00,0.0017695749954228868,0.0017934675700889214,2.417363512141992e-05,-0.0037062672831355524,0.09689643130913882,0.0968798022478872,0.238639223605745,-0.15680716475583942
agent,carry_dispersion,2018,2009-2018,2018-03-29T00:00:00+01:00,0.0011010529365941162,0.0010913067466135074,-9.632326666060025e-06,0.004929115702662957,0.0624221460686893,0.06198166296623956,-0.07932489478470281,-0.012782787531551454
agent,carry_dispersion,2019,2019-2025,2019-03-29T00:00:00+00:00,0.0004645251818662675,0.0004724523674121681,7.941009307244507e-06,-0.008953939925945948,0.05053289530670346,0.0514709900826777,0.1216364099646502,-0.2374740551086858
agent,carry_dispersion,2020,2019-2025,2020-03-30T00:00:00+01:00,0.0014869259496452165,0.0014692839846596015,-1.7417748282298306e-05,-0.007116179501239186,0.03280473037548421,0.030409286732375137,-0.24788386512552021,-0.10241956324121619
agent,carry_dispersion,2021,2019-2025,2021-03-31T00:00:00+01:00,-0.0021898558064307903,-0.0021943600890268694,-4.753485735845385e-06,0.02064152355805611,-0.05131399636965722,-0.05277450791851797,-0.1309327708487468,0.016235519167552465
agent,carry_dispersion,2022,2019-2025,2022-03-31T00:00:00+01:00,0.003013786108574668,0.0029949323270908107,-1.8596411539481675e-05,-0.04801716521001288,0.11594906666414778,0.11430636779832798,-0.1826247875605011,-0.33592436938186815
agent,carry_dispersion,2023,2019-2025,2023-03-30T00:00:00+01:00,0.0014932950959286066,0.001498747244638946,5.569877685840212e-06,-0.01199007870627575,0.02702246862857511,0.026578986820497495,0.03705156927630625,-0.14681988975589175
agent,carry_dispersion,2024,2019-2025,2024-03-28T00:00:00+00:00,-0.002021236260428971,-0.0020294827011613876,-8.469150119019405e-06,4.770687281777791e-06,-0.14528474094375093,-0.14421962052245638,-0.0757677411151898,-0.07520255447049647
agent,carry_dispersion,2025,2019-2025,2025-04-01T00:00:00+01:00,-0.0017085879241538911,-0.0017078820754972343,6.464149589509018e-07,0.00567990562351894,-0.11167716856126748,-0.11008531425735672,0.12963191084667247,0.30480484964903515
agent,trend_reversal_proxy,2009,2009-2018,2009-04-03T00:00:00+01:00,0.0008963615035187272,0.000889658659181124,-6.823044305544787e-06,0.021254638694517436,-0.04546555139775479,-0.04583975346687211,-0.11760950913493286,0.1351324295160786
agent,trend_reversal_proxy,2010,2009-2018,2010-03-31T00:00:00+01:00,-0.001673958410283079,-0.0016744422015489938,-7.011421570531567e-07,0.0211190698335716,0.10105550525624807,0.09992137704018068,-0.02374328273731314,0.07708377851841897
agent,trend_reversal_proxy,2011,2009-2018,2011-03-31T00:00:00+01:00,0.0038392469787926977,0.003852428457583529,1.3483461112719764e-05,-0.01211958889441839,0.1462293638564825,0.14695355491965661,0.1582258419546555,-0.22317178680269925
agent,trend_reversal_proxy,2012,2009-2018,2012-03-29T00:00:00+01:00,-0.0009336416189410833,-0.0009234169332160806,9.484778542521744e-06,0.006905447040926164,-0.0611439800240231,-0.06109929579787409,0.009578383048081292,0.16032861977544816
agent,trend_reversal_proxy,2013,2009-2018,2013-04-01T00:00:00+01:00,-0.0029089048482724756,-0.0028975422948226727,1.111954251772432e-05,0.03013053843349546,-0.04687202437630928,-0.04772467581932447,0.07503332698533613,0.3463545898598165
agent,trend_reversal_proxy,2014,2009-2018,2014-03-31T00:00:00+01:00,-5.31711022697624e-05,-5.321825546880302e-05,-1.9067204861273343e-07,0.005506743298218451,-0.04327202728433035,-0.04221957190383529,0.03934048919297805,0.10856393018157647
agent,trend_reversal_proxy,2015,2009-2018,2015-03-31T00:00:00+01:00,-0.0006595787924764118,-0.0006655475326577728,-5.867160541318781e-06,-0.03258820931689402,0.036909170799070995,0.03660787144560919,-0.01605046764170485,-0.1595298995835391
agent,trend_reversal_proxy,2016,2009-2018,2016-03-30T00:00:00+01:00,-0.00253196188987323,-0.00252942631866551,2.328066728093844e-06,-0.00011039298182055277,-0.11660774377639162,-0.11576938258102476,0.09499121742174142,0.059149117457742886
agent,trend_reversal_proxy,2017,2009-2018,2017-03-30T00:00:00+01:00,-0.0009778431633168825,-0.0009772450470416998,4.6847167417051556e-07,0.010540262835396497,-0.057686550737398194,-0.05847457627118645,-0.13305084745762713,0.14887925667729676
agent,trend_reversal_proxy,2018,2009-2018,2018-03-29T00:00:00+01:00,-0.0024169572593401847,-0.002402295378568174,1.4437549093620572e-05,0.021092019328635657,-0.016372690561379282,-0.014583725650199818,0.16974452325654385,0.3243332984162957
agent,trend_reversal_proxy,2019,2019-2025,2019-03-29T00:00:00+00:00,0.00022511248622753303,0.00022922037867119285,4.0882207690535566e-06,-0.027025021852372696,0.005080170949082325,0.005954705089426968,0.12851928177553837,-0.3899637165243529
agent,trend_reversal_proxy,2020,2019-2025,2020-03-30T00:00:00+01:00,0.0003191729032432455,0.00033571261084766574,1.647262294866005e-05,0.00602043381231368,0.07536446598146032,0.07715670236735701,0.20243423150920298,0.24014601704304864
agent,trend_reversal_proxy,2021,2019-2025,2021-03-31T00:00:00+01:00,-0.0023583789909141836,-0.0023538247258367245,4.305133889585393e-06,0.041496856640364316,-0.14991025917915077,-0.1502549660665859,0.06346968760406371,0.3383088440362381
agent,trend_reversal_proxy,2022,2019-2025,2022-03-31T00:00:00+01:00,0.0038036773157511345,0.0037891392795407707,-1.4269193272920802e-05,-0.029867806598621503,0.08837710565952805,0.08705917487578124,-0.2042900919305414,-0.23681990612422688
agent,trend_reversal_proxy,2023,2019-2025,2023-03-30T00:00:00+01:00,-0.0004885747206138134,-0.0004913888793189902,-2.8440653335886387e-06,0.013379245425782178,-0.014372362167780756,-0.014512798307106176,-0.018568423785200797,0.1463714094384458
agent,trend_reversal_proxy,2024,2019-2025,2024-03-28T00:00:00+00:00,0.0005056826636245717,0.000506855202921896,1.2236826502885225e-06,-0.0006907097580837636,0.04186387127822066,0.04257736488607118,-0.026167011905509175,-0.05844482098663128
agent,trend_reversal_proxy,2025,2019-2025,2025-04-01T00:00:00+01:00,0.0017681624554641974,0.001772296568057064,4.4348654706196825e-06,0.0036787579684914697,0.06110538454967396,0.06274552236680998,0.1762544491585751,0.19568259295447904
agent,decision_gross_exposure,2009,2009-2018,2009-04-03T00:00:00+01:00,0.0028698106233599092,0.0029147664768721633,4.525491371056181e-05,-0.020239201074504526,0.034098613251155624,0.0349372661237068,0.42647809817301346,-0.14131434023895942
agent,decision_gross_exposure,2010,2009-2018,2010-03-31T00:00:00+01:00,0.0014456543812522457,0.0014816107370865539,3.6019413766147384e-05,-0.00272476076069339,0.03700598662239382,0.03954234841142257,0.37997657269857615,0.03861641571560971
agent,decision_gross_exposure,2011,2009-2018,2011-03-31T00:00:00+01:00,0.004270402241704616,0.0042904789912864335,2.0490052729863826e-05,-0.013567478021286189,0.10920096852300241,0.11068456966762052,0.27884437596302003,-0.2733658128412258
agent,decision_gross_exposure,2012,2009-2018,2012-03-29T00:00:00+01:00,-0.00034151442925459087,-0.00031681455420071516,2.439255260669953e-05,0.010846117854405344,0.020751567405623193,0.02102180058280998,0.2390701850884482,0.08596714301885458
agent,decision_gross_exposure,2013,2009-2018,2013-04-01T00:00:00+01:00,-0.0012530911558701608,-0.001187632805219073,6.557500862322581e-05,0.009728491059481592,0.011757500735790587,0.013400045013071104,0.46435094614012923,0.09148591123842678
agent,decision_gross_exposure,2014,2009-2018,2014-03-31T00:00:00+01:00,0.0016087046485769143,0.001647741109803198,3.9172588656255316e-05,0.013849087160000117,-0.02212248655660871,-0.021241604419057182,0.4160002510827946,0.0767550701638502
agent,decision_gross_exposure,2015,2009-2018,2015-03-31T00:00:00+01:00,-0.005293416410509318,-0.0052228150891349915,6.918580217669486e-05,0.062063669772465094,-0.013663088736844306,-0.012451614253133302,0.5019689075806081,0.3116230103506683
agent,decision_gross_exposure,2016,2009-2018,2016-03-30T00:00:00+01:00,0.003745055452239519,0.003762149900048352,1.7323405394043906e-05,0.00936897913687727,0.04892816372300461,0.048179170979935716,0.32232328186490683,-0.031965611631021865
agent,decision_gross_exposure,2017,2009-2018,2017-03-30T00:00:00+01:00,2.6418679417813842e-06,1.7947351149750698e-05,1.532180077642279e-05,-0.0019148940114407063,0.027955095751705922,0.029790887079022672,0.30593220338983057,-0.12042012198005414
agent,decision_gross_exposure,2018,2009-2018,2018-03-29T00:00:00+01:00,0.002929572149371366,0.0029729351550684176,4.3914624799274696e-05,0.0074675955433274425,0.11258761743351538,0.1140878371309606,0.3373611198292637,0.11897411196168774
agent,decision_gross_exposure,2019,2019-2025,2019-03-29T00:00:00+00:00,-0.0009596035832981464,-0.0009477449552175763,1.1800255597228579e-05,0.008116119298637925,-0.049009020894131367,-0.04685992239839392,0.25396918277869923,0.0030490109894202454
agent,decision_gross_exposure,2020,2019-2025,2020-03-30T00:00:00+01:00,-0.0006194207207506214,-0.0005807988311171745,3.863053391148802e-05,0.0017864304906503106,-0.08676811012685576,-0.08354373077358354,0.45782071463111,0.011159102090969056
agent,decision_gross_exposure,2021,2019-2025,2021-03-31T00:00:00+01:00,-0.0030884088069544798,-0.0030695962713279644,1.8490967584690478e-05,0.02425407412730428,-0.17650801283926765,-0.1757419975338563,0.24024474189007894,0.30834223729742305
agent,decision_gross_exposure,2022,2019-2025,2022-03-31T00:00:00+01:00,0.0006733329800153831,0.0007121682920389019,3.8708486570149714e-05,0.01203298621707042,0.0684999394054812,0.0710232682952165,0.4689582936583508,-0.06026175318168753
agent,decision_gross_exposure,2023,2019-2025,2023-03-30T00:00:00+01:00,-0.0001960207642802679,-0.00018101031726803108,1.5038866157460812e-05,-0.005343629543823683,-0.021600567702454124,-0.019889800187035407,0.33462633879793047,-0.0777151408906996
agent,decision_gross_exposure,2024,2019-2025,2024-03-28T00:00:00+00:00,0.001561690932652132,0.0015790014516304644,1.753984759747472e-05,-0.012411791265987883,0.13886552423995147,0.14105203690917079,0.23259682380264893,-0.29979215126250514
agent,decision_gross_exposure,2025,2019-2025,2025-04-01T00:00:00+01:00,0.001831492550219463,0.0018568323419124798,2.5601766523181084e-05,-0.0015231064174416088,0.09327942139582561,0.09631367635752726,0.29332156382584923,-0.12897038816885764
agent,decision_turnover,2009,2009-2018,2009-04-03T00:00:00+01:00,-0.011030234285227203,-0.010973301893197552,5.5152071706597e-05,0.012376192854152701,-0.0988201628879595,-0.09915914593880695,0.38078802553378827,0.04851192796796321
agent,decision_turnover,2010,2009-2018,2010-03-31T00:00:00+01:00,-0.000495493958120162,-0.0004592607347776214,3.62998611382977e-05,0.0005528756938561197,-0.04945160751503571,-0.04748124592389425,0.5304794298292743,-0.0019909210495489553
agent,decision_turnover,2011,2009-2018,2011-03-31T00:00:00+01:00,-0.0013217559004321303,-0.0012857808122028953,3.579872018590951e-05,-0.0035800662107007934,-0.06507814219678627,-0.06374862425709883,0.5907836231565046,-0.0384338669636007
agent,decision_turnover,2012,2009-2018,2012-03-29T00:00:00+01:00,-0.0025524288451008468,-0.0025047907789979566,4.7423428181869474e-05,0.011062728733338946,-0.023466666099247923,-0.021896334723154623,0.4365574421046696,0.19066175748920303
agent,decision_turnover,2013,2009-2018,2013-04-01T00:00:00+01:00,0.002940618775346949,0.0029915199325161726,5.1243685171929254e-05,0.009902438224344168,0.08646621422759303,0.08867142189366528,0.4717802669621371,0.10515823219409944
agent,decision_turnover,2014,2009-2018,2014-03-31T00:00:00+01:00,-0.001959017725449008,-0.0019101330830852948,4.872953055391794e-05,-0.010855716785935852,-0.01672839118699391,-0.012422321260435628,0.4581842529240684,-0.09671174423366735
agent,decision_turnover,2015,2009-2018,2015-03-31T00:00:00+01:00,0.0016563213461114465,0.001671497242303676,1.533422702690258e-05,-0.04037979363066485,0.019117862448475718,0.020379553491097022,0.15110999518757978,-0.25749750457989884
agent,decision_turnover,2016,2009-2018,2016-03-30T00:00:00+01:00,-0.0011463479343063487,-0.0011455061671426033,8.264644476640932e-07,-0.004183975248752653,0.02052814627487821,0.021349484907902623,0.1353070285096002,0.08032168574573943
agent,decision_turnover,2017,2009-2018,2017-03-30T00:00:00+01:00,-0.00018115903265040372,-0.0001487052889958437,3.245587081763926e-05,0.0026807993961682833,-0.014307726172132954,-0.011906229363856482,0.49443759630200307,0.003637484759755886
agent,decision_turnover,2018,2009-2018,2018-03-29T00:00:00+01:00,-0.000221119665736656,-0.00021467755376891346,6.397671344896612e-06,0.004813035608707408,-0.012083359487791098,-0.011765321281359195,0.25503734856568955,0.10698947078225089
agent,decision_turnover,2019,2019-2025,2019-03-29T00:00:00+00:00,0.0009853808485672114,0.0009960736146661104,1.0756505218955365e-05,-0.01329144676906014,0.14736113046836516,0.1500613344199402,0.3723759986126612,-0.13741195460487005
agent,decision_turnover,2020,2019-2025,2020-03-30T00:00:00+01:00,-0.0011930752618213756,-0.001166354173345365,2.6508865793446997e-05,0.001821095626290438,-0.07507844892332068,-0.0723952385361688,0.49228268362192246,0.08528080897254686
agent,decision_turnover,2021,2019-2025,2021-03-31T00:00:00+01:00,0.0015625356114000195,0.0015879877702981151,2.5563279906756816e-05,-0.013020091384078631,0.10622185292718919,0.10928378632854184,0.4641382487400645,-0.0894705388814622
agent,decision_turnover,2022,2019-2025,2022-03-31T00:00:00+01:00,-0.0018815466514537724,-0.0018504224907570398,3.09316537024023e-05,0.0004183825070073893,-0.07692906978757293,-0.0753925659181801,0.4720118245875245,0.007053130154646314
agent,decision_turnover,2023,2019-2025,2023-03-30T00:00:00+01:00,0.0006273380997659319,0.0006410566885322179,1.3820412256255615e-05,0.0007098166287214658,0.07390877396058639,0.07472585695302518,0.3632221157129953,0.07957566360900328
agent,decision_turnover,2024,2019-2025,2024-03-28T00:00:00+00:00,0.0007184708784537966,0.0007464443294816882,2.8056128056212055e-05,-0.0011436573062563668,-0.04121524072562928,-0.04154164835854623,0.47389157407988614,0.014371091585694726
agent,decision_turnover,2025,2019-2025,2025-04-01T00:00:00+01:00,-0.0017489522010203443,-0.0017250433397697133,2.3725515987865696e-05,0.0042030247670731165,-0.02174663287679034,-0.018388906290042424,0.46331273669523615,0.21359679481417443
rule,realized_market_volatility,2009,2009-2018,2009-04-03T00:00:00+01:00,0.002282431901973367,0.002294177812304879,1.2144990529013152e-05,-0.01237454374833331,0.019172353070658156,0.01863306185340084,0.05865287255117764,-0.0339449388402516
rule,realized_market_volatility,2010,2009-2018,2010-03-31T00:00:00+01:00,-0.0003458973834558276,-0.00036453966697829447,-1.879815430089348e-05,0.004658957796764857,0.04502786912628507,0.04478529761290481,-0.0312438492694661,0.10512383981567608
rule,realized_market_volatility,2011,2009-2018,2011-03-31T00:00:00+01:00,0.0008695534245659992,0.0008942867605645132,2.4951157875906493e-05,-0.018091057381370658,0.02868368919216377,0.03024873431653093,0.13400836451683912,-0.3022321251353629
rule,realized_market_volatility,2012,2009-2018,2012-03-29T00:00:00+01:00,-0.002827128366191257,-0.0028322743626421885,-5.394956597758101e-06,0.02954415662620262,-0.18376175221745472,-0.18327660919069422,0.06299518367876723,0.5367364086516293
rule,realized_market_volatility,2013,2009-2018,2013-04-01T00:00:00+01:00,0.000930944253874676,0.000929242942987215,-1.6614889525939317e-06,-0.003088107323858391,0.056712141410294147,0.055021987153962025,-0.02118211249805232,-0.14505224817838908
rule,realized_market_volatility,2014,2009-2018,2014-03-31T00:00:00+01:00,0.0006708689512496445,0.0006602174091778627,-1.0690343031516354e-05,0.01764011717410076,-0.055231937731466944,-0.0523256543845333,-0.014780407172598497,0.24331163408811077
rule,realized_market_volatility,2015,2009-2018,2015-03-31T00:00:00+01:00,-0.0007600295567971141,-0.0007732638775252769,-1.3383287713815233e-05,0.004616992902842353,0.02660012972611052,0.025838511915970953,-0.05062666080806813,0.07636614524097195
rule,realized_market_volatility,2016,2009-2018,2016-03-30T00:00:00+01:00,-0.0005177531678777012,-0.0005229108853596487,-5.323880117677715e-06,0.0016626720868698902,-0.03664000153203062,-0.03772731770165619,-0.04791744908392017,-0.14564400989632534
rule,realized_market_volatility,2017,2009-2018,2017-03-30T00:00:00+01:00,0.0009221137691595423,0.0009065634435413462,-1.5431438431461717e-05,-0.01826182968008401,0.016777459828307285,0.014701738939027076,-0.09390050627338764,-0.553852973078119
rule,realized_market_volatility,2018,2009-2018,2018-03-29T00:00:00+01:00,0.0005838145200929574,0.000598360064223362,1.460507694698676e-05,0.00042057975147689886,0.03295043207164229,0.03563283326010085,0.10695499340907666,-0.10679207458116616
rule,realized_market_volatility,2019,2019-2025,2019-03-29T00:00:00+00:00,0.00044996070971541167,0.00045970405023342307,9.763994332106352e-06,-0.007829259430535564,0.05949917493768147,0.059518325320316756,0.04728123081637017,-0.319605160203645
rule,realized_market_volatility,2020,2019-2025,2020-03-30T00:00:00+01:00,-0.0011033402270108309,-0.0011180454994160324,-1.4907520389038378e-05,0.013128948891956288,-0.053120981100239724,-0.05310040433346708,-0.07502700700638909,0.41802865198859585
rule,realized_market_volatility,2021,2019-2025,2021-03-31T00:00:00+01:00,-0.0005472772489645352,-0.0005624631112880609,-1.533810204138578e-05,0.01216408774625125,0.0009053875345903787,-0.001313929030809774,-0.09497845049998459,0.11796706055295014
rule,realized_market_volatility,2022,2019-2025,2022-03-31T00:00:00+01:00,0.0019139263730959418,0.001929108888710333,1.5493900778225253e-05,-0.024787876358965844,0.08382818857014249,0.08498814078703625,0.04873314173923582,-0.5000977912922273
rule,realized_market_volatility,2023,2019-2025,2023-03-30T00:00:00+01:00,-0.00024185877726544974,-0.00023843179058138296,3.466544934978364e-06,0.006282890295585191,-0.015657565624637604,-0.015432016673599816,0.04184464996824228,0.20241456813136258
rule,realized_market_volatility,2024,2019-2025,2024-03-28T00:00:00+00:00,0.002243123534768196,0.002251999865539393,9.223503165456284e-06,-0.013807599896800814,0.1302533843868349,0.1301131964932103,0.04176553051702132,-0.46104488207716426
rule,realized_market_volatility,2025,2019-2025,2025-04-01T00:00:00+01:00,0.0013292887139648394,0.0013293976011817938,2.3413835524918472e-07,-0.0009625021622672045,0.0916392835786896,0.09310629573735014,-0.0028782140721546738,-0.06376367602583627
rule,mean_cross_pair_correlation,2009,2009-2018,2009-04-03T00:00:00+01:00,-0.002442090434842118,-0.002433369091179343,8.425688093097395e-06,0.001038026237009687,-0.06816420867268325,-0.06799911952454325,0.05383447061413163,0.05418761659840215
rule,mean_cross_pair_correlation,2010,2009-2018,2010-03-31T00:00:00+01:00,-0.0008307839169018167,-0.0008434036144665188,-1.2820825695250375e-05,0.012300777462286663,0.0033821703554204633,0.003197049989946049,-0.018653536596913173,0.2483872448371651
rule,mean_cross_pair_correlation,2011,2009-2018,2011-03-31T00:00:00+01:00,-0.0016825414123648572,-0.0016600481862508335,2.2353372506169757e-05,-0.0019337025398647144,-0.06939687431212856,-0.06772176975566807,0.09967422408100374,0.0073536736442685454
rule,mean_cross_pair_correlation,2012,2009-2018,2012-03-29T00:00:00+01:00,-0.0023661157249878478,-0.002367473923304828,-1.5627999861269671e-06,0.022830333434726197,-0.18257868413465275,-0.18217227045872614,0.049806953503934874,0.5384853147535872
rule,mean_cross_pair_correlation,2013,2009-2018,2013-04-01T00:00:00+01:00,-0.0006036317312291673,-0.0006118894973624549,-8.364405545709255e-06,0.0006340604808008111,-0.04843233323522792,-0.05012897976143073,0.0004133411817662437,0.04765556464783506
rule,mean_cross_pair_correlation,2014,2009-2018,2014-03-31T00:00:00+01:00,0.00011795632429404274,0.0001033928704469197,-1.4620013149356162e-05,0.015526215515780713,-0.06533383549892244,-0.06238988973280606,-0.04987968949427741,0.15112938717650484
rule,mean_cross_pair_correlation,2015,2009-2018,2015-03-31T00:00:00+01:00,0.0006725743237548459,0.0006583348063879922,-1.4221805642071283e-05,0.0025809870120797745,0.033021572196765214,0.03214278241583495,-0.06545937689619818,0.08035123106868071
rule,mean_cross_pair_correlation,2016,2009-2018,2016-03-30T00:00:00+01:00,-0.0003850493587294234,-0.00039203418935774756,-7.147455325593789e-06,-0.0012243077201326454,-0.03908061140788294,-0.04031261935741955,-0.059873671309215906,-0.08266074416282236
rule,mean_cross_pair_correlation,2017,2009-2018,2017-03-30T00:00:00+01:00,0.00026256231701402564,0.0002430820949703386,-1.9419953445262274e-05,-0.0138923916840083,0.016497908870790227,0.014382566585956416,-0.12058991855602025,-0.4381639377340293
rule,mean_cross_pair_correlation,2018,2009-2018,2018-03-29T00:00:00+01:00,0.0004659126608071503,0.0004719207171121218,6.092887024144154e-06,0.002312386482124666,-0.020469524825811308,-0.01813445483648233,0.011344757600485426,-0.004194756444508736
rule,mean_cross_pair_correlation,2019,2019-2025,2019-03-29T00:00:00+00:00,0.0006857545139665368,0.000668612405357385,-1.7051468305625205e-05,-0.008329105319635014,0.05100491632878653,0.04993249490121062,-0.0666997188085483,-0.3253275387008208
rule,mean_cross_pair_correlation,2020,2019-2025,2020-03-30T00:00:00+01:00,-0.0008807607163346472,-0.0009110080048209727,-3.0654265442817596e-05,0.001607951572028931,0.008553761947385207,0.007751268043252363,-0.19023426648970646,0.08028603714880103
rule,mean_cross_pair_correlation,2021,2019-2025,2021-03-31T00:00:00+01:00,-0.00033322609813314305,-0.00034716535253180505,-1.3976322430094061e-05,0.013532950382252468,-0.02982672095445507,-0.03306100779952528,-0.11584811193185869,0.21750722893783503
rule,mean_cross_pair_correlation,2022,2019-2025,2022-03-31T00:00:00+01:00,0.001045404322010911,0.0010615625244843594,1.6568667891812244e-05,-0.018194598136486433,0.07218538460206714,0.07282811931926388,0.0804587005072627,-0.3884924190001278
rule,mean_cross_pair_correlation,2023,2019-2025,2023-03-30T00:00:00+01:00,0.00039363923252593437,0.0003950890673211731,1.6023924123373954e-06,0.010884879265351992,-0.0003564098990455662,-0.0011968989147052597,-0.01053377435955269,0.31607708478224356
rule,mean_cross_pair_correlation,2024,2019-2025,2024-03-28T00:00:00+00:00,0.0017857413632675321,0.0017842237496675138,-1.1710050351963872e-06,-0.014468350383519627,0.14046199234197473,0.14039712928671563,0.001985646433578139,-0.5007737503671716
rule,mean_cross_pair_correlation,2025,2019-2025,2025-04-01T00:00:00+01:00,-0.0008352205220880694,-0.0008457449548168406,-1.0557352912319689e-05,0.003695983291072743,-0.06193456533500385,-0.062230701329764514,-0.03909336826219425,0.2542430971390286
rule,cross_sectional_return_dispersion,2009,2009-2018,2009-04-03T00:00:00+01:00,0.0022345389667380116,0.0022447534642846376,1.0539575184791101e-05,-0.014763989369010393,0.10007704160246535,0.09948712304644508,0.054530046224961486,-0.1749341096399982
rule,cross_sectional_return_dispersion,2010,2009-2018,2010-03-31T00:00:00+01:00,0.00018643055535560755,0.00017488360741233291,-1.165960050245705e-05,0.000835172986993496,0.04357669568658909,0.043229860978861175,-0.04578111750993959,-0.07644092817638398
rule,cross_sectional_return_dispersion,2011,2009-2018,2011-03-31T00:00:00+01:00,0.0031714720003455602,0.0031662691157023134,-4.739785490514263e-06,-0.009296947260161836,0.08670702179176756,0.08619194364957077,-0.01048646268985252,-0.183000002698525
rule,cross_sectional_return_dispersion,2012,2009-2018,2012-03-29T00:00:00+01:00,-0.0008633875787614069,-0.000860919442806248,2.3813172695171935e-06,0.017085541986089355,-0.13481124638137562,-0.1341218326065054,0.0001415000494718218,0.33528648247900017
rule,cross_sectional_return_dispersion,2013,2009-2018,2013-04-01T00:00:00+01:00,0.0014183828012775464,0.0014083768732543627,-9.959896507696778e-06,-0.01001306085591795,0.05542234379598692,0.05487050085697962,-0.03681982652654906,-0.21374329384605598
rule,cross_sectional_return_dispersion,2014,2009-2018,2014-03-31T00:00:00+01:00,0.0004070479137122614,0.00039354503074070255,-1.36360907746747e-05,0.013347649384827895,-0.03415562948548951,-0.0323687569309313,0.05007009394681229,0.13300428790811078
rule,cross_sectional_return_dispersion,2015,2009-2018,2015-03-31T00:00:00+01:00,-0.00013893545962573848,-0.00013435136308263078,4.8368821414031976e-06,-0.010320794847663038,0.02869039399075178,0.02917163601364216,0.04923524365492854,-0.2084040652075219
rule,cross_sectional_return_dispersion,2016,2009-2018,2016-03-30T00:00:00+01:00,-0.0005167727909505325,-0.0005183992831431586,-1.794929958729032e-06,-0.007560925323668831,-0.04990696105769691,-0.050104848344928184,0.01643422003151302,-0.25369123572797253
rule,cross_sectional_return_dispersion,2017,2009-2018,2017-03-30T00:00:00+01:00,0.0010801923672067843,0.0010939776359139518,1.3819416380807448e-05,-0.013352970155357762,0.07256658595641646,0.07383447061413163,0.044065595421527624,-0.3982131653711189
rule,cross_sectional_return_dispersion,2018,2009-2018,2018-03-29T00:00:00+01:00,0.002193867345702404,0.002213207232565767,1.964743552567356e-05,-0.004532716500090562,0.12404536229154896,0.12427133680664532,0.1303203397987153,-0.17493463218870703
rule,cross_sectional_return_dispersion,2019,2019-2025,2019-03-29T00:00:00+00:00,0.0002616922546552225,0.0002743802838407483,1.275047975640985e-05,-0.007235834629277035,0.06017156615020923,0.0613971906388674,0.1159864202508913,-0.2744751933796926
rule,cross_sectional_return_dispersion,2020,2019-2025,2020-03-30T00:00:00+01:00,-0.0011324098257293265,-0.001127751286173468,4.416740913201485e-06,0.024569300017874933,-0.05751000545284319,-0.057464736565943385,-0.0042676214286449165,0.5233473940350193
rule,cross_sectional_return_dispersion,2021,2019-2025,2021-03-31T00:00:00+01:00,2.4098279420273878e-05,2.8874019473250725e-05,4.72620282332867e-06,0.0027222561000877794,0.06002687437029818,0.061948296094705035,0.03486327158753481,-0.07236921346708605
rule,cross_sectional_return_dispersion,2022,2019-2025,2022-03-31T00:00:00+01:00,-0.0006595628278522731,-0.0006702998210757372,-1.1131042406336796e-05,0.012588904440622557,-0.028269507106871417,-0.028020636761828924,-0.0887406727722858,0.17885023593520308
rule,cross_sectional_return_dispersion,2023,2019-2025,2023-03-30T00:00:00+01:00,-0.0014660367790073681,-0.001459263194797948,6.509706506082561e-06,0.0005948696028120065,-0.06231640900536105,-0.06111844618050938,0.06178870957274432,0.08002188760108118
rule,cross_sectional_return_dispersion,2024,2019-2025,2024-03-28T00:00:00+00:00,0.0014228771164046877,0.0014396152236372177,1.6948339962285293e-05,-0.010613483038046285,0.0817797585420459,0.0825560228485343,0.115573410332057,-0.3160032819075098
rule,cross_sectional_return_dispersion,2025,2019-2025,2025-04-01T00:00:00+01:00,0.0016458391155490643,0.0016529844807228668,7.2960101894714515e-06,0.0019498388550172703,0.08740681682280246,0.08919502263731884,0.034466812836356386,-0.10227055893879716
rule,momentum_dispersion,2009,2009-2018,2009-04-03T00:00:00+01:00,0.00214025559373425,0.0021235108355138715,-1.65014580449366e-05,-0.007784677933436585,0.13027955095751706,0.13024213075060534,-0.09257979308826768,-0.15059044959272094
rule,momentum_dispersion,2010,2009-2018,2010-03-31T00:00:00+01:00,0.0008522579322846549,0.000821952439469645,-3.0378425362548555e-05,-0.012970648688129,0.09205269759737172,0.09031001277756087,-0.20051408138274274,-0.2225432452939909
rule,momentum_dispersion,2011,2009-2018,2011-03-31T00:00:00+01:00,0.002942974404951808,0.0029202615186756766,-2.2354896348513977e-05,-0.00607213123186227,0.11944089808496589,0.1190578912612811,-0.12278450363196128,-0.18782154115695768
rule,momentum_dispersion,2012,2009-2018,2012-03-29T00:00:00+01:00,0.0001465540915496496,0.00010218852289737052,-4.4334633482846515e-05,-0.009404350870003114,-0.05560739162213316,-0.05625850463173283,-0.2929700009256019,-0.058903966502765005
rule,momentum_dispersion,2013,2009-2018,2013-04-01T00:00:00+01:00,0.0006919887397333808,0.0006804010963924212,-1.1562132610576256e-05,-0.0016307047660839083,0.03867445161960493,0.038579231661501706,-0.03474879243780406,-0.09344020070450092
rule,momentum_dispersion,2014,2009-2018,2014-03-31T00:00:00+01:00,0.0023826168336400473,0.0023582037735162204,-2.422927130346365e-05,-0.002613891978302904,0.12467306927792772,0.12213713305295754,-0.09380243968782039,-0.2627369917341023
rule,momentum_dispersion,2015,2009-2018,2015-03-31T00:00:00+01:00,0.005941185965293871,0.005940507961767563,-1.498929971002717e-09,-0.013630063637185772,0.16051304584353357,0.16145251396648044,0.07720377461134476,-0.24866767948253718
rule,momentum_dispersion,2016,2009-2018,2016-03-30T00:00:00+01:00,-1.1516084990702725e-05,-2.0796832480934565e-05,-9.379704073720922e-06,-0.016335316266619604,-0.01407446732678745,-0.01427448243431153,-0.022941094486924014,-0.157251571043613
rule,momentum_dispersion,2017,2009-2018,2017-03-30T00:00:00+01:00,0.0001316853455452662,0.0001167047378308147,-1.4883577779606805e-05,-0.007418901465116107,0.05103235747303544,0.04836671802773498,-0.051510015408320495,-0.21369898427386377
rule,momentum_dispersion,2018,2009-2018,2018-03-29T00:00:00+01:00,0.000456880424111249,0.00043830185819603457,-1.8615429459389963e-05,-0.005968357162324002,0.03941372167472224,0.03779842236310757,-0.09226455757119242,-0.07266900220193968
rule,momentum_dispersion,2019,2019-2025,2019-03-29T00:00:00+00:00,0.0008321334909690766,0.0008121575542750009,-1.979601754564854e-05,-0.009247892872006124,0.057858625491925456,0.05539886523343785,-0.07510673678543806,-0.38909088080230075
rule,momentum_dispersion,2020,2019-2025,2020-03-30T00:00:00+01:00,0.0016864466975751032,0.001672944487574266,-1.3224020754055857e-05,0.006876027016794916,0.03479531261252919,0.03353189913268928,-0.12927559492576932,0.14938825735445682
rule,momentum_dispersion,2021,2019-2025,2021-03-31T00:00:00+01:00,-1.4369950831067985e-05,-2.894236725597797e-05,-1.4614876766215192e-05,-0.006329153928884043,0.059048077035605884,0.05805864059944953,-0.12382531020960094,-0.23480248637031448
rule,momentum_dispersion,2022,2019-2025,2022-03-31T00:00:00+01:00,-0.00037479017444782056,-0.00038692674653964505,-1.2431486503523641e-05,-0.012494032113298897,0.07619111511227299,0.07586217343882551,-0.08822778345250257,-0.26048475080152556
rule,momentum_dispersion,2023,2019-2025,2023-03-30T00:00:00+01:00,0.0016124962209234652,0.0016064973914270543,-5.955872456692591e-06,-0.001443812864430214,0.08696295145697176,0.08712466579922526,-0.019494025612572866,0.01996394025946808
rule,momentum_dispersion,2024,2019-2025,2024-03-28T00:00:00+00:00,0.001934941250335956,0.0019163549975121379,-1.830071242907904e-05,-0.011038105247366554,0.11816584018580129,0.115908187391459,-0.10655116858117297,-0.39704303472515273
rule,momentum_dispersion,2025,2019-2025,2025-04-01T00:00:00+01:00,0.00158246035142708,0.0015831581180137813,9.16855361305063e-07,-0.006507006738611468,0.15754776616646257,0.15738830832312992,-0.050747458640621884,-0.3606501962672225
rule,carry_dispersion,2009,2009-2018,2009-04-03T00:00:00+01:00,0.0017336821570134412,0.0017417739391449249,8.264986848703193e-06,-0.006598641253174584,0.04688260083269613,0.04707639922990226,0.04790253411170671,-0.21131406285005716
rule,carry_dispersion,2010,2009-2018,2010-03-31T00:00:00+01:00,6.360472702653274e-05,6.0058980356564686e-05,-3.4499104741081215e-06,-0.005362103437194128,0.022621320108583233,0.023208525045322545,-0.03699283947272128,-0.24740191603427034
rule,carry_dispersion,2011,2009-2018,2011-03-31T00:00:00+01:00,-0.0022834325594495116,-0.002275650305783188,7.462008233769966e-06,0.002073992042126053,-0.0903207963484311,-0.0887389980006946,0.061345881337688764,-0.034971963881208636
rule,carry_dispersion,2012,2009-2018,2012-03-29T00:00:00+01:00,-0.001070919116301978,-0.0010717903275181205,-1.005799119317371e-06,0.00757263271516221,0.0001649511466196246,0.0003202622911640764,0.07739957666156295,0.0708632388140224
rule,carry_dispersion,2013,2009-2018,2013-04-01T00:00:00+01:00,0.00025633666270901583,0.0002443125518102532,-1.2072171334818094e-05,0.0035987363883475815,0.054389076931931415,0.053060307395695554,-0.026197143777158646,-0.06647792268024164
rule,carry_dispersion,2014,2009-2018,2014-03-31T00:00:00+01:00,-0.000258777679695242,-0.00027885794550174697,-2.0246156457586628e-05,0.023417900581847496,-0.10318856130440553,-0.10378850091969649,-0.028163481098167905,0.41525986463163306
rule,carry_dispersion,2015,2009-2018,2015-03-31T00:00:00+01:00,0.0003574925853314688,0.0003687465408337454,1.1509195469980386e-05,0.0023075166244714024,0.004211087362105895,0.006232872863202021,0.028686386463702605,-0.04308822095055656
rule,carry_dispersion,2016,2009-2018,2016-03-30T00:00:00+01:00,-0.0005232017378706097,-0.0005178488826199321,5.322328332250752e-06,-0.00025231995826103734,-0.047706250295934685,-0.04918954037697341,0.04327137359876406,0.14647077863093658
rule,carry_dispersion,2017,2009-2018,2017-03-30T00:00:00+01:00,0.0002975856347482128,0.0003114766999808541,1.3948232581157251e-05,0.0053799200526476465,0.054526691844080294,0.05567853148677621,0.11050343782930232,-0.026107313176528753
rule,carry_dispersion,2018,2009-2018,2018-03-29T00:00:00+01:00,-0.0005760857736413093,-0.0005730117593167528,2.9664914989115283e-06,0.003610152563983428,-0.006631483645253929,-0.006194161904783505,0.01436417504663218,0.037358134898604324
rule,carry_dispersion,2019,2019-2025,2019-03-29T00:00:00+00:00,-0.0006390595453402178,-0.0006493716670565786,-1.0355690848120117e-05,0.005212116515861506,-0.0546740054650281,-0.056009398371009676,-0.01432522125366136,0.35255286236270406
rule,carry_dispersion,2020,2019-2025,2020-03-30T00:00:00+01:00,-0.0010954328288912485,-0.0010915049957751976,3.847099050221115e-06,0.029883583802397688,-0.09641867881822248,-0.09628087864325124,-0.012634100252626315,0.5520053418309582
rule,carry_dispersion,2021,2019-2025,2021-03-31T00:00:00+01:00,-0.0012231921163057286,-0.0012434270682641533,-2.042422542044737e-05,0.013193184180869812,-0.05467113700251173,-0.057794681510896936,-0.07858580813051896,0.09672708168449169
rule,carry_dispersion,2022,2019-2025,2022-03-31T00:00:00+01:00,-0.0005449222127748662,-0.000569319149919936,-2.475905491145346e-05,0.0058841583276606595,0.0029947412722798423,0.0006302999624318534,-0.13968274504228123,0.06940577309235905
rule,carry_dispersion,2023,2019-2025,2023-03-30T00:00:00+01:00,-0.0017209558190333877,-0.0017136480796215935,7.086175724996789e-06,-0.004152676760638661,-0.12057148299224392,-0.12158133915762549,0.016797808532944682,0.04841239762519677
rule,carry_dispersion,2024,2019-2025,2024-03-28T00:00:00+00:00,0.0006713000751820184,0.0006901756711229229,1.8949135090772998e-05,-0.0054106696200274355,0.07792429422115076,0.07810848006475406,0.10096752199172633,-0.33075171975285694
rule,carry_dispersion,2025,2019-2025,2025-04-01T00:00:00+01:00,-0.0017322767121975041,-0.0017282503941645723,3.7657341186528325e-06,0.0041544412175951095,-0.17466420936349183,-0.17464130498501831,0.007240074035484771,0.30829602039554027
rule,trend_reversal_proxy,2009,2009-2018,2009-04-03T00:00:00+01:00,-0.0009088554335268989,-0.0009151607305158526,-6.6532104493103954e-06,0.02937236225751922,-0.10241030156284393,-0.10317851639885539,-0.0659145938806956,0.4004418590088833
rule,trend_reversal_proxy,2010,2009-2018,2010-03-31T00:00:00+01:00,0.0002703912935305259,0.0002712560035000745,8.718159423298409e-07,0.002386614111673499,0.01017417273006791,0.009648601117744,0.02424544832641614,0.09876582633606903
rule,trend_reversal_proxy,2011,2009-2018,2011-03-31T00:00:00+01:00,-0.0011224553792903839,-0.0011269338760131783,-4.698514707513049e-06,0.0037118183460486086,-0.04883557120845257,-0.04848338102575391,-0.01744441998679287,0.10327249914136234
rule,trend_reversal_proxy,2012,2009-2018,2012-03-29T00:00:00+01:00,0.002276414321688694,0.002293860109720008,1.7681931801475845e-05,-0.007432926583072371,0.16626894159026906,0.16644980631515785,0.02703927637087482,-0.2336774862108986
rule,trend_reversal_proxy,2013,2009-2018,2013-04-01T00:00:00+01:00,0.00023636142800574547,0.00022852690751870184,-7.73728553246769e-06,-0.011076131273433916,0.02134441924481917,0.01976679766624539,-0.018903325773445754,-0.22942830932358702
rule,trend_reversal_proxy,2014,2009-2018,2014-03-31T00:00:00+01:00,0.0002117580932371562,0.0002157103003259111,3.915011529907758e-06,0.004919981282044336,0.008310840499654762,0.006846190864770991,0.09359948109555791,0.07257996199845335
rule,trend_reversal_proxy,2015,2009-2018,2015-03-31T00:00:00+01:00,-0.0009476854615240192,-0.000960052510566588,-1.2480124180372219e-05,-0.0052733096899520784,-0.03190843847425355,-0.0323750340007951,-0.08649593036637164,-0.0488707291962706
rule,trend_reversal_proxy,2016,2009-2018,2016-03-30T00:00:00+01:00,0.0007844782883079901,0.0007869145877875939,2.6583505308287562e-06,-0.0008684366205818361,0.00692711896324084,0.005367426688611587,0.03916146857900969,0.030922968861921054
rule,trend_reversal_proxy,2017,2009-2018,2017-03-30T00:00:00+01:00,-0.0005534700556597683,-0.0005519055961994144,1.5729899715095854e-06,0.01191658190289313,-0.03459388069557561,-0.03381906229363857,-0.06861325115562404,0.3054585065124496
rule,trend_reversal_proxy,2018,2009-2018,2018-03-29T00:00:00+01:00,0.0008682390444107128,0.000889310684010956,2.115639953243567e-05,-0.01837758742220238,0.04912016404075911,0.04902810034942356,0.0890004812420229,-0.41226744361619644
rule,trend_reversal_proxy,2019,2019-2025,2019-03-29T00:00:00+00:00,0.0006053184192109383,0.0006290710381074315,2.3846266000243874e-05,-0.005501566727299907,0.04627264399757854,0.04791744908392017,0.18130837541984554,-0.18993551015960808
rule,trend_reversal_proxy,2020,2019-2025,2020-03-30T00:00:00+01:00,0.00039315716783529437,0.0003845509100991214,-8.4103652942662e-06,-0.007482431139531419,-0.0013045670133851868,-0.003479531261252919,-0.04704466187228001,-0.09034652563009336
rule,trend_reversal_proxy,2021,2019-2025,2021-03-31T00:00:00+01:00,0.00047596551677690535,0.0004749511612127488,-8.497638819872648e-07,-0.0012471408173989236,0.00023512414235543323,-0.0024523128874627768,-0.01027205246353714,-0.0532710125575716
rule,trend_reversal_proxy,2022,2019-2025,2022-03-31T00:00:00+01:00,-0.002208051190618743,-0.0022449154813633265,-3.7354698403240224e-05,0.011571694023167472,-0.09315108810443033,-0.09505981544640849,-0.22378205017226158,0.1401181997158853
rule,trend_reversal_proxy,2023,2019-2025,2023-03-30T00:00:00+01:00,0.000296115301366734,0.00029453192746776394,-1.4776522380400528e-06,-0.002459495752490201,0.045498117410995936,0.046444997441296106,0.02744994568738703,-0.008857953543407236
rule,trend_reversal_proxy,2024,2019-2025,2024-03-28T00:00:00+00:00,5.877059451731676e-05,6.302732530838072e-05,4.3544550730303445e-06,-0.003930766903683712,0.05187161299771933,0.0510137467830017,0.05944385161006842,-0.13477266663516232
rule,trend_reversal_proxy,2025,2019-2025,2025-04-01T00:00:00+01:00,-3.6173599046420346e-05,-4.186174700022971e-05,-5.554211806207184e-06,0.001104818340237351,-0.053396736809134655,-0.05329422819556365,0.029712691135852388,0.1120121514920011
rule,decision_gross_exposure,2009,2009-2018,2009-04-03T00:00:00+01:00,0.0028408573535566983,0.0028291897450156023,-1.1363176868339195e-05,0.006827294728578945,0.06475016508914815,0.06460708782742682,-0.05574290116662998,0.10348975348966086
rule,decision_gross_exposure,2010,2009-2018,2010-03-31T00:00:00+01:00,0.00264624804324566,0.002626628674682482,-1.931272598079811e-05,-0.00568105326851185,0.09027809547316873,0.09116539653527023,-0.10739853754911276,-0.1252208253330009
rule,decision_gross_exposure,2011,2009-2018,2011-03-31T00:00:00+01:00,0.00256183499049385,0.0025585223440395726,-2.7907338250628274e-06,-0.000993138581577846,0.06210433634162448,0.06373981950253137,-0.04014307726172133,-0.04214377677271201
rule,decision_gross_exposure,2012,2009-2018,2012-03-29T00:00:00+01:00,0.00034380668452556307,0.00032514389498553177,-1.8762554541892895e-05,-0.0029903251326882825,0.06448465788373378,0.06258664218254784,-0.10655804853345306,-0.08723347776113805
rule,decision_gross_exposure,2013,2009-2018,2013-04-01T00:00:00+01:00,0.0003405539662167679,0.00032447155403378587,-1.611591881562767e-05,-0.00044132275442937755,0.032669101989231494,0.03096379910320112,-0.10284188293138968,0.013191889313168793
rule,decision_gross_exposure,2014,2009-2018,2014-03-31T00:00:00+01:00,0.002390858225454629,0.0023790134986789637,-1.1699477105517146e-05,-0.0018001639970811958,0.12775301822442617,0.12503504697340614,-0.09124348754001632,-0.08264597190231801
rule,decision_gross_exposure,2015,2009-2018,2015-03-31T00:00:00+01:00,-0.0004777840372161748,-0.0005171671698798636,-3.956997984770264e-05,-0.004000332337196814,0.03898269621074216,0.037731466951227165,-0.23178917414684158,-0.12035084912167114
rule,decision_gross_exposure,2016,2009-2018,2016-03-30T00:00:00+01:00,0.0012002528840206713,0.0011859837497412394,-1.4105690033231673e-05,0.004947313027422746,0.059463001992703705,0.05839483620571341,-0.07593233105904808,0.008977223896480285
rule,decision_gross_exposure,2017,2009-2018,2017-03-30T00:00:00+01:00,0.0009109734261580841,0.0009214363551038542,1.053935571733699e-05,-0.0026373506520265544,0.05986132511556241,0.06090909090909091,0.08386528725511777,-0.06476534060397522
rule,decision_gross_exposure,2018,2009-2018,2018-03-29T00:00:00+01:00,0.00023652368529824327,0.00023592707665131283,-5.808119052695758e-07,-0.0027265566026779056,0.06337120498817818,0.06366831962839747,-0.0318331136358881,-0.0548394562267766
rule,decision_gross_exposure,2019,2019-2025,2019-03-29T00:00:00+00:00,-9.805349386784719e-05,-0.0001252884374435011,-2.7278721824517224e-05,-0.003155640928819599,-0.008597457893096181,-0.01358719647973411,-0.13259405763626828,-0.10577675135417385
rule,decision_gross_exposure,2020,2019-2025,2020-03-30T00:00:00+01:00,0.0008551786076818246,0.0008227333658148356,-3.234484678274802e-05,-0.0042323242969968256,-0.004049507700854964,-0.0039034126567692416,-0.15658919513976768,-0.07029975018058525
rule,decision_gross_exposure,2021,2019-2025,2021-03-31T00:00:00+01:00,0.0005194603079991563,0.0004884228707455196,-3.113104785702696e-05,0.0015133722375332663,0.04579814007228206,0.04174677023477305,-0.18638961027907427,0.028757587800366895
rule,decision_gross_exposure,2022,2019-2025,2022-03-31T00:00:00+01:00,0.0016052449863500702,0.0016018794243204194,-3.203083685374917e-06,-0.0009277661686980312,0.04526626962829591,0.04479016983777982,-0.04392669794498018,-0.010494349672579449
rule,decision_gross_exposure,2023,2019-2025,2023-03-30T00:00:00+01:00,0.0005750579773339263,0.0005368474742389931,-3.822281754570576e-05,-0.0030943136196801904,0.015221362464611692,0.015925670981531585,-0.1989629003892847,-0.020160949324811953
rule,decision_gross_exposure,2024,2019-2025,2024-03-28T00:00:00+00:00,0.0007870600907618318,0.0007866585975329152,-1.7158440890791297e-07,-0.0044037707281596675,0.08117925219174357,0.0801435356642186,0.006996840541501893,-0.14448521755124497
rule,decision_gross_exposure,2025,2019-2025,2025-04-01T00:00:00+01:00,0.002932709462171534,0.0029117471464526518,-2.0670781151521238e-05,-0.000982087262687903,0.11490646089011647,0.1138631510008827,-0.10514991884734759,-0.05167154040101309
rule,decision_turnover,2009,2009-2018,2009-04-03T00:00:00+01:00,-0.015488251165269657,-0.015385613163251015,9.919262596605173e-05,-0.006459047109532299,0.0060423512348732064,0.00886595842095687,0.6198051973113907,-0.006796962787656427
rule,decision_turnover,2010,2009-2018,2010-03-31T00:00:00+01:00,-0.03427989597676517,-0.03412877795465542,0.00014202301981344997,0.011116739695684857,0.0590466536043579,0.06424481624713027,0.6219334083502815,-0.18814296112562826
rule,decision_turnover,2011,2009-2018,2011-03-31T00:00:00+01:00,0.002785626849136437,0.0030096960654427624,0.00022551378480432954,-0.0017617890383752784,-0.04986102599432013,-0.043969977525577846,0.7260398510112731,-0.05847437923708654
rule,decision_turnover,2012,2009-2018,2012-03-29T00:00:00+01:00,0.003682693284344296,0.0038529434057607147,0.00017096811498207548,-0.007858638016853076,0.11857636726846175,0.12373842546843541,0.675747677255497,0.08175189997957331
rule,decision_turnover,2013,2009-2018,2013-04-01T00:00:00+01:00,0.00744980663304004,0.007550546135761295,0.00010256465090320634,0.01303388629369373,-0.034059714653619594,-0.026716804591418935,0.6747042993809057,-0.021819510181763743
rule,decision_turnover,2014,2009-2018,2014-03-31T00:00:00+01:00,-0.0011537086440516892,-0.0010071347776599798,0.00014638019228807125,0.03310075359127834,-0.04364128482136563,-0.03602628750650956,0.6787813666183716,0.14581705735752826
rule,decision_turnover,2015,2009-2018,2015-03-31T00:00:00+01:00,0.009242344782831488,0.009417265134964967,0.00017779781010253398,-0.005924731185644717,0.1447704786382551,0.14934300700684036,0.6438218954409135,-0.0594686717801028
rule,decision_turnover,2016,2009-2018,2016-03-30T00:00:00+01:00,0.00039286792287202574,0.0005342929211188671,0.0001415827617210543,-0.02391131492269775,-0.029608453043092668,-0.023999680268003396,0.6534709217093889,-0.037948534041817805
rule,decision_turnover,2017,2009-2018,2017-03-30T00:00:00+01:00,-0.0013534388430475966,-0.0010953008755224527,0.00025768546809349686,0.015346113913986235,-0.06772895497454653,-0.058214116520053226,0.6902135191299984,0.16807430649969318
rule,decision_turnover,2018,2009-2018,2018-03-29T00:00:00+01:00,0.00044885966058170004,0.0005830420953739677,0.00013425589756500082,-0.0010693249104379438,0.06331564057380566,0.07009274968976814,0.6518038928333126,-0.05019917029513932
rule,decision_turnover,2019,2019-2025,2019-03-29T00:00:00+00:00,1.5761076073826614e-05,0.00013844357682335137,0.0001226636853093194,0.0002898194538558073,0.030731472821517756,0.040960664710949016,0.7254420438030916,0.051670686348451025
rule,decision_turnover,2020,2019-2025,2020-03-30T00:00:00+01:00,0.0043812365310961715,0.004509958668837043,0.0001298934771304777,0.01730362629192433,0.1195781906323042,0.12370444078497812,0.6704797303304861,0.12481519347339246
rule,decision_turnover,2021,2019-2025,2021-03-31T00:00:00+01:00,0.0017127555308672116,0.0018957466109432812,0.00018367212695193409,0.003946896324894178,-0.043492810057181516,-0.03177582611279959,0.7212460945622723,0.03636364623223159
rule,decision_turnover,2022,2019-2025,2022-03-31T00:00:00+01:00,0.00010898684793721113,0.00027382609264932096,0.00016505183099235003,-0.013103464119825508,-0.08842529772310784,-0.084784631400079,0.7618327656984226,0.03189106653953627
rule,decision_turnover,2023,2019-2025,2023-03-30T00:00:00+01:00,-0.0022999772959610256,-0.00204849644759821,0.0002506827379768241,-0.001912163065881739,-0.023134067898768672,-0.018663615748655632,0.6948258831851744,0.03383751257142579
rule,decision_turnover,2024,2019-2025,2024-03-28T00:00:00+00:00,-0.0019509869540616075,-0.0017910626317853777,0.00015970266490678977,0.004121265859353684,-0.12030347526350951,-0.11559195703056792,0.6262785328875553,0.10833734365020516
rule,decision_turnover,2025,2019-2025,2025-04-01T00:00:00+01:00,-0.006748188659727785,-0.006655560380679411,9.12748013773037e-05,0.0059745909665008725,-0.06553659509430718,-0.05728306282126649,0.6880338210670762,0.24468870878121377
