scope,metric,legacy,current,current_minus_legacy,interpretation
overall,annualized_net_return,0.10309790844356927,0.10309790844356927,0.0,descriptive_only_not_paired_evidence
overall,annualized_gross_return,0.13064794654829387,0.13064794654829387,0.0,descriptive_only_not_paired_evidence
overall,mean_max_drawdown,0.16518710676241696,0.16518710676241696,0.0,descriptive_only_not_paired_evidence
overall,worst_max_drawdown,0.3695491764122204,0.3695491764122204,0.0,descriptive_only_not_paired_evidence
era:2009-2018,annualized_net_return,0.17238431838578644,0.17238431838578644,0.0,descriptive_only_not_paired_evidence
era:2009-2018,annualized_gross_return,0.20427616632512802,0.20427616632512802,0.0,descriptive_only_not_paired_evidence
era:2009-2018,mean_max_drawdown,0.1875954341751056,0.1875954341751056,0.0,descriptive_only_not_paired_evidence
era:2019-2025,annualized_net_return,0.004117322811830443,0.004117322811830443,0.0,descriptive_only_not_paired_evidence
era:2019-2025,annualized_gross_return,0.0254647754385308,0.0254647754385308,0.0,descriptive_only_not_paired_evidence
era:2019-2025,mean_max_drawdown,0.13317521045857608,0.13317521045857608,0.0,descriptive_only_not_paired_evidence
fold:2009,annualized_net_return,-0.23199223685295273,-0.23199223685295273,0.0,descriptive_only_not_paired_evidence
fold:2009,annualized_gross_return,-0.20968935079039716,-0.20968935079039716,0.0,descriptive_only_not_paired_evidence
fold:2009,mean_max_drawdown,0.3325743923328528,0.3325743923328528,0.0,descriptive_only_not_paired_evidence
fold:2010,annualized_net_return,0.13769744158011207,0.13769744158011207,0.0,descriptive_only_not_paired_evidence
fold:2010,annualized_gross_return,0.16299453714879142,0.16299453714879142,0.0,descriptive_only_not_paired_evidence
fold:2010,mean_max_drawdown,0.2158002782631231,0.2158002782631231,0.0,descriptive_only_not_paired_evidence
fold:2011,annualized_net_return,0.42200668948742576,0.42200668948742576,0.0,descriptive_only_not_paired_evidence
fold:2011,annualized_gross_return,0.4510083504385349,0.4510083504385349,0.0,descriptive_only_not_paired_evidence
fold:2011,mean_max_drawdown,0.0927342947593528,0.0927342947593528,0.0,descriptive_only_not_paired_evidence
fold:2012,annualized_net_return,0.4422795185901192,0.4422795185901192,0.0,descriptive_only_not_paired_evidence
fold:2012,annualized_gross_return,0.4869790809226216,0.4869790809226216,0.0,descriptive_only_not_paired_evidence
fold:2012,mean_max_drawdown,0.1556201963131758,0.1556201963131758,0.0,descriptive_only_not_paired_evidence
fold:2013,annualized_net_return,0.8860130048605047,0.8860130048605047,0.0,descriptive_only_not_paired_evidence
fold:2013,annualized_gross_return,0.9470929500000353,0.9470929500000353,0.0,descriptive_only_not_paired_evidence
fold:2013,mean_max_drawdown,0.16753637313331216,0.16753637313331216,0.0,descriptive_only_not_paired_evidence
fold:2014,annualized_net_return,-0.04375483571666398,-0.04375483571666398,0.0,descriptive_only_not_paired_evidence
fold:2014,annualized_gross_return,-0.013075353377718951,-0.013075353377718951,0.0,descriptive_only_not_paired_evidence
fold:2014,mean_max_drawdown,0.17017008474293982,0.17017008474293982,0.0,descriptive_only_not_paired_evidence
fold:2015,annualized_net_return,-0.36572754195237245,-0.36572754195237245,0.0,descriptive_only_not_paired_evidence
fold:2015,annualized_gross_return,-0.3453276877600568,-0.3453276877600568,0.0,descriptive_only_not_paired_evidence
fold:2015,mean_max_drawdown,0.3695491764122204,0.3695491764122204,0.0,descriptive_only_not_paired_evidence
fold:2016,annualized_net_return,0.0019153267994546236,0.0019153267994546236,0.0,descriptive_only_not_paired_evidence
fold:2016,annualized_gross_return,0.020116335106939703,0.020116335106939703,0.0,descriptive_only_not_paired_evidence
fold:2016,mean_max_drawdown,0.14248232742314304,0.14248232742314304,0.0,descriptive_only_not_paired_evidence
fold:2017,annualized_net_return,-0.040841544544530026,-0.040841544544530026,0.0,descriptive_only_not_paired_evidence
fold:2017,annualized_gross_return,-0.019715797318917674,-0.019715797318917674,0.0,descriptive_only_not_paired_evidence
fold:2017,mean_max_drawdown,0.1397672195245614,0.1397672195245614,0.0,descriptive_only_not_paired_evidence
fold:2018,annualized_net_return,0.5162473616067673,0.5162473616067673,0.0,descriptive_only_not_paired_evidence
fold:2018,annualized_gross_return,0.5623785988814476,0.5623785988814476,0.0,descriptive_only_not_paired_evidence
fold:2018,mean_max_drawdown,0.08971999884637483,0.08971999884637483,0.0,descriptive_only_not_paired_evidence
fold:2019,annualized_net_return,-0.17945595567588216,-0.17945595567588216,0.0,descriptive_only_not_paired_evidence
fold:2019,annualized_gross_return,-0.16468502417452419,-0.16468502417452419,0.0,descriptive_only_not_paired_evidence
fold:2019,mean_max_drawdown,0.16726750535696677,0.16726750535696677,0.0,descriptive_only_not_paired_evidence
fold:2020,annualized_net_return,-0.16825961677126447,-0.16825961677126447,0.0,descriptive_only_not_paired_evidence
fold:2020,annualized_gross_return,-0.14927853963403398,-0.14927853963403398,0.0,descriptive_only_not_paired_evidence
fold:2020,mean_max_drawdown,0.17100839075319696,0.17100839075319696,0.0,descriptive_only_not_paired_evidence
fold:2021,annualized_net_return,-0.05670464475755263,-0.05670464475755263,0.0,descriptive_only_not_paired_evidence
fold:2021,annualized_gross_return,-0.035424403121215114,-0.035424403121215114,0.0,descriptive_only_not_paired_evidence
fold:2021,mean_max_drawdown,0.16110412702968002,0.16110412702968002,0.0,descriptive_only_not_paired_evidence
fold:2022,annualized_net_return,-0.022537451631452324,-0.022537451631452324,0.0,descriptive_only_not_paired_evidence
fold:2022,annualized_gross_return,0.0020076930297762865,0.0020076930297762865,0.0,descriptive_only_not_paired_evidence
fold:2022,mean_max_drawdown,0.2204834731755646,0.2204834731755646,0.0,descriptive_only_not_paired_evidence
fold:2023,annualized_net_return,-0.028122744445984362,-0.028122744445984362,0.0,descriptive_only_not_paired_evidence
fold:2023,annualized_gross_return,-0.012159572029868499,-0.012159572029868499,0.0,descriptive_only_not_paired_evidence
fold:2023,mean_max_drawdown,0.09281489115238173,0.09281489115238173,0.0,descriptive_only_not_paired_evidence
fold:2024,annualized_net_return,0.27133846832591246,0.27133846832591246,0.0,descriptive_only_not_paired_evidence
fold:2024,annualized_gross_return,0.3005534793884247,0.3005534793884247,0.0,descriptive_only_not_paired_evidence
fold:2024,mean_max_drawdown,0.07647594117039114,0.07647594117039114,0.0,descriptive_only_not_paired_evidence
fold:2025,annualized_net_return,0.21256320463903658,0.21256320463903658,0.0,descriptive_only_not_paired_evidence
fold:2025,annualized_gross_return,0.2372397946111564,0.2372397946111564,0.0,descriptive_only_not_paired_evidence
fold:2025,mean_max_drawdown,0.04307214457185127,0.04307214457185127,0.0,descriptive_only_not_paired_evidence
