fold,era,policy,gap,response,correlation,status,decisions
2009,2009-2018,supervised,bottom_boundary_gap,membership_exit_rate,-0.020219757837139602,defined,194
2009,2009-2018,supervised,bottom_boundary_gap,cost_ratio,0.052058695483918276,defined,194
2009,2009-2018,supervised,top_boundary_gap,membership_exit_rate,-0.1157187329427503,defined,194
2009,2009-2018,supervised,top_boundary_gap,cost_ratio,-0.03875343974675599,defined,194
2009,2009-2018,reversal,bottom_boundary_gap,membership_exit_rate,-0.2520726057373891,defined,194
2009,2009-2018,reversal,bottom_boundary_gap,cost_ratio,-0.1579626598566948,defined,194
2009,2009-2018,reversal,top_boundary_gap,membership_exit_rate,-0.18198616105254753,defined,194
2009,2009-2018,reversal,top_boundary_gap,cost_ratio,-0.1260675055894724,defined,194
2010,2009-2018,supervised,bottom_boundary_gap,membership_exit_rate,0.10951430042445875,defined,196
2010,2009-2018,supervised,bottom_boundary_gap,cost_ratio,0.10045034428256376,defined,196
2010,2009-2018,supervised,top_boundary_gap,membership_exit_rate,-0.009475916665906702,defined,196
2010,2009-2018,supervised,top_boundary_gap,cost_ratio,-0.06964688094139417,defined,196
2010,2009-2018,reversal,bottom_boundary_gap,membership_exit_rate,-0.2607091619739004,defined,196
2010,2009-2018,reversal,bottom_boundary_gap,cost_ratio,-0.190481460136844,defined,196
2010,2009-2018,reversal,top_boundary_gap,membership_exit_rate,-0.2150575820040238,defined,196
2010,2009-2018,reversal,top_boundary_gap,cost_ratio,-0.11345524536832675,defined,196
2011,2009-2018,supervised,bottom_boundary_gap,membership_exit_rate,0.06410595590316705,defined,194
2011,2009-2018,supervised,bottom_boundary_gap,cost_ratio,0.06068514946329171,defined,194
2011,2009-2018,supervised,top_boundary_gap,membership_exit_rate,0.05284852244837102,defined,194
2011,2009-2018,supervised,top_boundary_gap,cost_ratio,0.06653755908972246,defined,194
2011,2009-2018,reversal,bottom_boundary_gap,membership_exit_rate,-0.1738876414628687,defined,194
2011,2009-2018,reversal,bottom_boundary_gap,cost_ratio,-0.1471510017441632,defined,194
2011,2009-2018,reversal,top_boundary_gap,membership_exit_rate,-0.26084789163292704,defined,194
2011,2009-2018,reversal,top_boundary_gap,cost_ratio,-0.20946461450324852,defined,194
2012,2009-2018,supervised,bottom_boundary_gap,membership_exit_rate,0.006958607778308171,defined,196
2012,2009-2018,supervised,bottom_boundary_gap,cost_ratio,0.01884344287022316,defined,196
2012,2009-2018,supervised,top_boundary_gap,membership_exit_rate,0.024360976868078345,defined,196
2012,2009-2018,supervised,top_boundary_gap,cost_ratio,0.11019901044711983,defined,196
2012,2009-2018,reversal,bottom_boundary_gap,membership_exit_rate,-0.3449341943277588,defined,196
2012,2009-2018,reversal,bottom_boundary_gap,cost_ratio,-0.19966676213683188,defined,196
2012,2009-2018,reversal,top_boundary_gap,membership_exit_rate,-0.3584292083142363,defined,196
2012,2009-2018,reversal,top_boundary_gap,cost_ratio,-0.25281140091890364,defined,196
2013,2009-2018,supervised,bottom_boundary_gap,membership_exit_rate,-0.05474311259500659,defined,195
2013,2009-2018,supervised,bottom_boundary_gap,cost_ratio,-0.027960512317539783,defined,195
2013,2009-2018,supervised,top_boundary_gap,membership_exit_rate,-0.013127086388422152,defined,195
2013,2009-2018,supervised,top_boundary_gap,cost_ratio,-0.025134449068942043,defined,195
2013,2009-2018,reversal,bottom_boundary_gap,membership_exit_rate,-0.1499295133471786,defined,195
2013,2009-2018,reversal,bottom_boundary_gap,cost_ratio,-0.11963055664634463,defined,195
2013,2009-2018,reversal,top_boundary_gap,membership_exit_rate,-0.13329217515660946,defined,195
2013,2009-2018,reversal,top_boundary_gap,cost_ratio,-0.04322245204948939,defined,195
2014,2009-2018,supervised,bottom_boundary_gap,membership_exit_rate,0.058617829008237365,defined,197
2014,2009-2018,supervised,bottom_boundary_gap,cost_ratio,0.132942544901081,defined,197
2014,2009-2018,supervised,top_boundary_gap,membership_exit_rate,0.0742241369294203,defined,197
2014,2009-2018,supervised,top_boundary_gap,cost_ratio,0.015985209262117762,defined,197
2014,2009-2018,reversal,bottom_boundary_gap,membership_exit_rate,-0.2853722223885887,defined,197
2014,2009-2018,reversal,bottom_boundary_gap,cost_ratio,-0.1828596630258197,defined,197
2014,2009-2018,reversal,top_boundary_gap,membership_exit_rate,-0.2617648994952996,defined,197
2014,2009-2018,reversal,top_boundary_gap,cost_ratio,-0.16419653360813188,defined,197
2015,2009-2018,supervised,bottom_boundary_gap,membership_exit_rate,0.08102324222617735,defined,197
2015,2009-2018,supervised,bottom_boundary_gap,cost_ratio,0.10150479480932482,defined,197
2015,2009-2018,supervised,top_boundary_gap,membership_exit_rate,0.010177899430669976,defined,197
2015,2009-2018,supervised,top_boundary_gap,cost_ratio,0.05646232270679645,defined,197
2015,2009-2018,reversal,bottom_boundary_gap,membership_exit_rate,-0.2707718260333676,defined,197
2015,2009-2018,reversal,bottom_boundary_gap,cost_ratio,-0.1820519594845654,defined,197
2015,2009-2018,reversal,top_boundary_gap,membership_exit_rate,-0.2276936442191893,defined,197
2015,2009-2018,reversal,top_boundary_gap,cost_ratio,-0.14806503542950278,defined,197
2016,2009-2018,supervised,bottom_boundary_gap,membership_exit_rate,0.10350697636022672,defined,196
2016,2009-2018,supervised,bottom_boundary_gap,cost_ratio,0.009790146703096416,defined,196
2016,2009-2018,supervised,top_boundary_gap,membership_exit_rate,-0.039599534298989714,defined,196
2016,2009-2018,supervised,top_boundary_gap,cost_ratio,-0.0661751074750563,defined,196
2016,2009-2018,reversal,bottom_boundary_gap,membership_exit_rate,-0.2570660407163451,defined,196
2016,2009-2018,reversal,bottom_boundary_gap,cost_ratio,-0.1688531793985568,defined,196
2016,2009-2018,reversal,top_boundary_gap,membership_exit_rate,-0.3956291281698712,defined,196
2016,2009-2018,reversal,top_boundary_gap,cost_ratio,-0.2728496162800657,defined,196
2017,2009-2018,supervised,bottom_boundary_gap,membership_exit_rate,-0.09443256574250418,defined,194
2017,2009-2018,supervised,bottom_boundary_gap,cost_ratio,-0.08385395624982886,defined,194
2017,2009-2018,supervised,top_boundary_gap,membership_exit_rate,-0.07983993996945916,defined,194
2017,2009-2018,supervised,top_boundary_gap,cost_ratio,-0.08125949288816164,defined,194
2017,2009-2018,reversal,bottom_boundary_gap,membership_exit_rate,-0.26065961521683384,defined,194
2017,2009-2018,reversal,bottom_boundary_gap,cost_ratio,-0.16126867008452514,defined,194
2017,2009-2018,reversal,top_boundary_gap,membership_exit_rate,-0.2744185609027434,defined,194
2017,2009-2018,reversal,top_boundary_gap,cost_ratio,-0.16272063501671943,defined,194
2018,2009-2018,supervised,bottom_boundary_gap,membership_exit_rate,0.04602123353083439,defined,197
2018,2009-2018,supervised,bottom_boundary_gap,cost_ratio,0.06696508409541911,defined,197
2018,2009-2018,supervised,top_boundary_gap,membership_exit_rate,-0.16187284837854662,defined,197
2018,2009-2018,supervised,top_boundary_gap,cost_ratio,-0.09411059793511012,defined,197
2018,2009-2018,reversal,bottom_boundary_gap,membership_exit_rate,-0.27546183356817644,defined,197
2018,2009-2018,reversal,bottom_boundary_gap,cost_ratio,-0.16333256330408774,defined,197
2018,2009-2018,reversal,top_boundary_gap,membership_exit_rate,-0.44424409326774317,defined,197
2018,2009-2018,reversal,top_boundary_gap,cost_ratio,-0.29897434310375626,defined,197
2019,2019-2025,supervised,bottom_boundary_gap,membership_exit_rate,-0.017722687661314955,defined,196
2019,2019-2025,supervised,bottom_boundary_gap,cost_ratio,0.005703119076651983,defined,196
2019,2019-2025,supervised,top_boundary_gap,membership_exit_rate,-0.0021867139790041745,defined,196
2019,2019-2025,supervised,top_boundary_gap,cost_ratio,0.08120345374890157,defined,196
2019,2019-2025,reversal,bottom_boundary_gap,membership_exit_rate,-0.2915739331661308,defined,196
2019,2019-2025,reversal,bottom_boundary_gap,cost_ratio,-0.12147197007203393,defined,196
2019,2019-2025,reversal,top_boundary_gap,membership_exit_rate,-0.3313013348453215,defined,196
2019,2019-2025,reversal,top_boundary_gap,cost_ratio,-0.20192481501190562,defined,196
2020,2019-2025,supervised,bottom_boundary_gap,membership_exit_rate,-0.2657842411281901,defined,198
2020,2019-2025,supervised,bottom_boundary_gap,cost_ratio,-0.18573608831967497,defined,198
2020,2019-2025,supervised,top_boundary_gap,membership_exit_rate,-0.3199982403685693,defined,198
2020,2019-2025,supervised,top_boundary_gap,cost_ratio,-0.1525910598578046,defined,198
2020,2019-2025,reversal,bottom_boundary_gap,membership_exit_rate,-0.2408100623968229,defined,198
2020,2019-2025,reversal,bottom_boundary_gap,cost_ratio,-0.11564836708842635,defined,198
2020,2019-2025,reversal,top_boundary_gap,membership_exit_rate,-0.21697597184790016,defined,198
2020,2019-2025,reversal,top_boundary_gap,cost_ratio,-0.06382037964156516,defined,198
2021,2019-2025,supervised,bottom_boundary_gap,membership_exit_rate,-0.24297536133284597,defined,196
2021,2019-2025,supervised,bottom_boundary_gap,cost_ratio,-0.1506331527789423,defined,196
2021,2019-2025,supervised,top_boundary_gap,membership_exit_rate,-0.021034854242280864,defined,196
2021,2019-2025,supervised,top_boundary_gap,cost_ratio,-0.015287276760619134,defined,196
2021,2019-2025,reversal,bottom_boundary_gap,membership_exit_rate,-0.2963126415537852,defined,196
2021,2019-2025,reversal,bottom_boundary_gap,cost_ratio,-0.15470452799807657,defined,196
2021,2019-2025,reversal,top_boundary_gap,membership_exit_rate,-0.19225193945542937,defined,196
2021,2019-2025,reversal,top_boundary_gap,cost_ratio,-0.12484872178470055,defined,196
2022,2019-2025,supervised,bottom_boundary_gap,membership_exit_rate,-0.04168541346852553,defined,195
2022,2019-2025,supervised,bottom_boundary_gap,cost_ratio,-0.03608472837483846,defined,195
2022,2019-2025,supervised,top_boundary_gap,membership_exit_rate,-0.17420729201461949,defined,195
2022,2019-2025,supervised,top_boundary_gap,cost_ratio,-0.13523609841655151,defined,195
2022,2019-2025,reversal,bottom_boundary_gap,membership_exit_rate,-0.19255279963253402,defined,195
2022,2019-2025,reversal,bottom_boundary_gap,cost_ratio,-0.11412504534776764,defined,195
2022,2019-2025,reversal,top_boundary_gap,membership_exit_rate,-0.30025797093448137,defined,195
2022,2019-2025,reversal,top_boundary_gap,cost_ratio,-0.14098089348437023,defined,195
2023,2019-2025,supervised,bottom_boundary_gap,membership_exit_rate,-0.15121151245513284,defined,196
2023,2019-2025,supervised,bottom_boundary_gap,cost_ratio,-0.18542344656847273,defined,196
2023,2019-2025,supervised,top_boundary_gap,membership_exit_rate,-0.135281719349642,defined,196
2023,2019-2025,supervised,top_boundary_gap,cost_ratio,-0.06255239854714066,defined,196
2023,2019-2025,reversal,bottom_boundary_gap,membership_exit_rate,-0.24630665274254882,defined,196
2023,2019-2025,reversal,bottom_boundary_gap,cost_ratio,-0.2034815721821358,defined,196
2023,2019-2025,reversal,top_boundary_gap,membership_exit_rate,-0.14871409469247793,defined,196
2023,2019-2025,reversal,top_boundary_gap,cost_ratio,-0.11702864561723025,defined,196
2024,2019-2025,supervised,bottom_boundary_gap,membership_exit_rate,-0.06762783139704262,defined,197
2024,2019-2025,supervised,bottom_boundary_gap,cost_ratio,-0.028748426687917307,defined,197
2024,2019-2025,supervised,top_boundary_gap,membership_exit_rate,-0.02223410266859744,defined,197
2024,2019-2025,supervised,top_boundary_gap,cost_ratio,-0.04883519905760185,defined,197
2024,2019-2025,reversal,bottom_boundary_gap,membership_exit_rate,-0.2402613365161639,defined,197
2024,2019-2025,reversal,bottom_boundary_gap,cost_ratio,-0.21200847321386987,defined,197
2024,2019-2025,reversal,top_boundary_gap,membership_exit_rate,-0.23057411570244185,defined,197
2024,2019-2025,reversal,top_boundary_gap,cost_ratio,-0.20247187984295842,defined,197
2025,2019-2025,supervised,bottom_boundary_gap,membership_exit_rate,0.003784207225882193,defined,192
2025,2019-2025,supervised,bottom_boundary_gap,cost_ratio,-0.08653244454300225,defined,192
2025,2019-2025,supervised,top_boundary_gap,membership_exit_rate,-0.051301354890191705,defined,192
2025,2019-2025,supervised,top_boundary_gap,cost_ratio,0.0047936482863541125,defined,192
2025,2019-2025,reversal,bottom_boundary_gap,membership_exit_rate,-0.30944455990351716,defined,192
2025,2019-2025,reversal,bottom_boundary_gap,cost_ratio,-0.2106375560796809,defined,192
2025,2019-2025,reversal,top_boundary_gap,membership_exit_rate,-0.1956659604318614,defined,192
2025,2019-2025,reversal,top_boundary_gap,cost_ratio,-0.14137486092932364,defined,192
