fold,era,policy,side,duration_decisions,right_censored,spells
2009,2009-2018,supervised,short,1,False,249
2009,2009-2018,supervised,long,1,False,244
2009,2009-2018,supervised,long,2,False,54
2009,2009-2018,supervised,short,2,False,54
2009,2009-2018,supervised,short,3,False,9
2009,2009-2018,supervised,short,1,True,2
2009,2009-2018,supervised,long,3,False,5
2009,2009-2018,supervised,long,1,True,2
2009,2009-2018,supervised,long,5,False,1
2009,2009-2018,supervised,long,4,False,4
2009,2009-2018,supervised,short,4,False,1
2009,2009-2018,reversal,short,11,False,1
2009,2009-2018,reversal,short,4,False,4
2009,2009-2018,reversal,short,26,False,1
2009,2009-2018,reversal,short,2,False,14
2009,2009-2018,reversal,long,5,False,2
2009,2009-2018,reversal,long,3,False,5
2009,2009-2018,reversal,short,9,False,4
2009,2009-2018,reversal,short,18,False,1
2009,2009-2018,reversal,short,1,False,26
2009,2009-2018,reversal,short,10,False,2
2009,2009-2018,reversal,short,16,False,2
2009,2009-2018,reversal,short,3,False,13
2009,2009-2018,reversal,short,5,False,3
2009,2009-2018,reversal,long,1,False,29
2009,2009-2018,reversal,long,13,False,3
2009,2009-2018,reversal,short,7,False,1
2009,2009-2018,reversal,short,6,False,2
2009,2009-2018,reversal,short,4,True,1
2009,2009-2018,reversal,long,15,False,1
2009,2009-2018,reversal,long,4,False,4
2009,2009-2018,reversal,short,27,False,1
2009,2009-2018,reversal,long,20,False,1
2009,2009-2018,reversal,long,2,False,8
2009,2009-2018,reversal,long,26,False,2
2009,2009-2018,reversal,long,9,False,1
2009,2009-2018,reversal,long,7,False,2
2009,2009-2018,reversal,short,8,False,2
2009,2009-2018,reversal,short,2,True,1
2009,2009-2018,reversal,short,14,False,2
2009,2009-2018,reversal,long,12,False,2
2009,2009-2018,reversal,long,23,True,1
2009,2009-2018,reversal,long,11,False,1
2009,2009-2018,reversal,long,10,False,2
2009,2009-2018,reversal,long,35,False,1
2009,2009-2018,reversal,long,2,True,1
2009,2009-2018,reversal,long,8,False,1
2009,2009-2018,reversal,short,12,False,1
2009,2009-2018,reversal,long,32,False,1
2009,2009-2018,reversal,short,15,False,1
2010,2009-2018,supervised,short,1,False,249
2010,2009-2018,supervised,long,1,False,245
2010,2009-2018,supervised,long,2,False,64
2010,2009-2018,supervised,short,2,False,54
2010,2009-2018,supervised,short,3,False,9
2010,2009-2018,supervised,long,3,False,5
2010,2009-2018,supervised,short,4,False,2
2010,2009-2018,supervised,short,1,True,2
2010,2009-2018,supervised,long,4,False,1
2010,2009-2018,supervised,long,1,True,2
2010,2009-2018,reversal,short,1,False,28
2010,2009-2018,reversal,long,32,False,1
2010,2009-2018,reversal,short,3,False,8
2010,2009-2018,reversal,short,28,False,1
2010,2009-2018,reversal,long,2,False,10
2010,2009-2018,reversal,long,1,False,23
2010,2009-2018,reversal,short,32,False,1
2010,2009-2018,reversal,short,6,False,3
2010,2009-2018,reversal,long,3,False,6
2010,2009-2018,reversal,long,7,False,2
2010,2009-2018,reversal,short,24,False,2
2010,2009-2018,reversal,short,9,False,2
2010,2009-2018,reversal,short,2,False,13
2010,2009-2018,reversal,short,4,False,3
2010,2009-2018,reversal,short,7,False,3
2010,2009-2018,reversal,long,20,False,3
2010,2009-2018,reversal,short,12,False,2
2010,2009-2018,reversal,short,5,True,1
2010,2009-2018,reversal,long,6,False,3
2010,2009-2018,reversal,long,9,False,2
2010,2009-2018,reversal,long,5,False,5
2010,2009-2018,reversal,long,4,False,8
2010,2009-2018,reversal,short,18,False,1
2010,2009-2018,reversal,short,4,True,1
2010,2009-2018,reversal,short,15,False,1
2010,2009-2018,reversal,long,19,False,1
2010,2009-2018,reversal,long,8,True,1
2010,2009-2018,reversal,short,11,False,1
2010,2009-2018,reversal,short,8,False,3
2010,2009-2018,reversal,long,17,False,1
2010,2009-2018,reversal,long,13,True,1
2010,2009-2018,reversal,short,5,False,3
2010,2009-2018,reversal,long,14,False,2
2010,2009-2018,reversal,long,21,False,1
2010,2009-2018,reversal,short,10,False,1
2010,2009-2018,reversal,long,28,False,1
2010,2009-2018,reversal,short,13,False,1
2011,2009-2018,supervised,long,1,False,237
2011,2009-2018,supervised,short,1,False,242
2011,2009-2018,supervised,long,2,False,52
2011,2009-2018,supervised,short,2,False,50
2011,2009-2018,supervised,long,3,False,11
2011,2009-2018,supervised,long,1,True,2
2011,2009-2018,supervised,short,3,False,14
2011,2009-2018,supervised,long,4,False,2
2011,2009-2018,supervised,long,6,False,1
2011,2009-2018,supervised,short,1,True,2
2011,2009-2018,supervised,short,4,False,1
2011,2009-2018,reversal,short,4,False,11
2011,2009-2018,reversal,short,21,False,1
2011,2009-2018,reversal,short,2,False,14
2011,2009-2018,reversal,long,1,False,29
2011,2009-2018,reversal,short,1,False,35
2011,2009-2018,reversal,short,9,False,3
2011,2009-2018,reversal,long,4,False,9
2011,2009-2018,reversal,long,22,False,1
2011,2009-2018,reversal,short,13,False,3
2011,2009-2018,reversal,long,25,False,1
2011,2009-2018,reversal,long,5,False,6
2011,2009-2018,reversal,short,6,False,4
2011,2009-2018,reversal,short,11,False,2
2011,2009-2018,reversal,short,5,False,3
2011,2009-2018,reversal,short,3,False,7
2011,2009-2018,reversal,short,7,False,3
2011,2009-2018,reversal,short,10,True,1
2011,2009-2018,reversal,long,7,False,2
2011,2009-2018,reversal,long,10,False,2
2011,2009-2018,reversal,long,2,False,10
2011,2009-2018,reversal,long,12,False,1
2011,2009-2018,reversal,long,16,False,2
2011,2009-2018,reversal,long,7,True,2
2011,2009-2018,reversal,long,42,False,1
2011,2009-2018,reversal,long,6,False,1
2011,2009-2018,reversal,long,3,False,2
2011,2009-2018,reversal,long,20,False,1
2011,2009-2018,reversal,short,24,False,1
2011,2009-2018,reversal,short,1,True,1
2011,2009-2018,reversal,long,9,False,1
2011,2009-2018,reversal,short,15,False,1
2011,2009-2018,reversal,long,11,False,1
2011,2009-2018,reversal,long,21,False,2
2011,2009-2018,reversal,short,8,False,1
2011,2009-2018,reversal,short,10,False,1
2011,2009-2018,reversal,short,25,False,1
2012,2009-2018,supervised,long,2,False,51
2012,2009-2018,supervised,short,1,False,269
2012,2009-2018,supervised,short,2,False,47
2012,2009-2018,supervised,long,1,False,245
2012,2009-2018,supervised,long,3,False,11
2012,2009-2018,supervised,short,1,True,2
2012,2009-2018,supervised,long,4,False,3
2012,2009-2018,supervised,long,1,True,2
2012,2009-2018,supervised,short,3,False,7
2012,2009-2018,supervised,short,4,False,2
2012,2009-2018,reversal,long,1,False,30
2012,2009-2018,reversal,long,4,False,8
2012,2009-2018,reversal,long,2,False,13
2012,2009-2018,reversal,short,1,False,34
2012,2009-2018,reversal,long,6,False,1
2012,2009-2018,reversal,long,23,False,2
2012,2009-2018,reversal,short,4,False,4
2012,2009-2018,reversal,short,13,False,1
2012,2009-2018,reversal,short,22,False,2
2012,2009-2018,reversal,long,3,False,9
2012,2009-2018,reversal,short,2,False,5
2012,2009-2018,reversal,short,15,False,1
2012,2009-2018,reversal,short,5,False,4
2012,2009-2018,reversal,short,28,False,1
2012,2009-2018,reversal,long,8,False,2
2012,2009-2018,reversal,long,5,True,1
2012,2009-2018,reversal,long,46,False,1
2012,2009-2018,reversal,short,10,False,2
2012,2009-2018,reversal,short,6,False,2
2012,2009-2018,reversal,short,3,False,5
2012,2009-2018,reversal,short,7,False,2
2012,2009-2018,reversal,long,34,False,1
2012,2009-2018,reversal,short,43,False,1
2012,2009-2018,reversal,long,19,False,1
2012,2009-2018,reversal,short,6,True,1
2012,2009-2018,reversal,short,25,False,1
2012,2009-2018,reversal,long,12,False,1
2012,2009-2018,reversal,short,9,False,1
2012,2009-2018,reversal,short,8,False,3
2012,2009-2018,reversal,short,1,True,1
2012,2009-2018,reversal,short,24,False,1
2012,2009-2018,reversal,long,29,False,1
2012,2009-2018,reversal,long,9,False,1
2012,2009-2018,reversal,long,15,False,1
2012,2009-2018,reversal,long,7,False,2
2012,2009-2018,reversal,short,21,False,1
2012,2009-2018,reversal,long,24,False,1
2012,2009-2018,reversal,long,4,True,1
2013,2009-2018,supervised,short,1,False,275
2013,2009-2018,supervised,long,1,False,277
2013,2009-2018,supervised,long,2,False,47
2013,2009-2018,supervised,short,2,False,45
2013,2009-2018,supervised,short,3,False,7
2013,2009-2018,supervised,long,3,False,5
2013,2009-2018,supervised,long,1,True,2
2013,2009-2018,supervised,short,1,True,2
2013,2009-2018,supervised,short,4,False,1
2013,2009-2018,supervised,long,4,False,1
2013,2009-2018,reversal,short,1,False,36
2013,2009-2018,reversal,short,2,False,13
2013,2009-2018,reversal,long,10,False,3
2013,2009-2018,reversal,long,7,False,8
2013,2009-2018,reversal,long,13,False,1
2013,2009-2018,reversal,short,12,False,2
2013,2009-2018,reversal,long,3,False,5
2013,2009-2018,reversal,short,21,False,2
2013,2009-2018,reversal,short,4,False,7
2013,2009-2018,reversal,long,2,False,14
2013,2009-2018,reversal,short,5,False,3
2013,2009-2018,reversal,long,1,False,28
2013,2009-2018,reversal,long,4,False,7
2013,2009-2018,reversal,long,12,False,2
2013,2009-2018,reversal,long,5,False,4
2013,2009-2018,reversal,short,8,False,4
2013,2009-2018,reversal,long,6,False,2
2013,2009-2018,reversal,long,9,False,2
2013,2009-2018,reversal,long,21,False,2
2013,2009-2018,reversal,short,59,False,1
2013,2009-2018,reversal,short,15,False,2
2013,2009-2018,reversal,short,9,False,3
2013,2009-2018,reversal,short,29,True,1
2013,2009-2018,reversal,long,19,False,1
2013,2009-2018,reversal,short,6,False,1
2013,2009-2018,reversal,long,19,True,1
2013,2009-2018,reversal,long,8,False,2
2013,2009-2018,reversal,short,3,False,5
2013,2009-2018,reversal,short,7,False,3
2013,2009-2018,reversal,short,2,True,1
2013,2009-2018,reversal,long,23,False,1
2013,2009-2018,reversal,long,1,True,1
2014,2009-2018,supervised,long,1,False,290
2014,2009-2018,supervised,short,1,False,278
2014,2009-2018,supervised,short,2,False,51
2014,2009-2018,supervised,long,2,False,37
2014,2009-2018,supervised,long,3,False,10
2014,2009-2018,supervised,long,1,True,2
2014,2009-2018,supervised,short,3,False,2
2014,2009-2018,supervised,short,1,True,2
2014,2009-2018,supervised,short,4,False,2
2014,2009-2018,reversal,short,4,False,6
2014,2009-2018,reversal,short,1,False,22
2014,2009-2018,reversal,short,2,False,16
2014,2009-2018,reversal,short,5,False,5
2014,2009-2018,reversal,long,2,False,13
2014,2009-2018,reversal,long,3,False,10
2014,2009-2018,reversal,long,1,False,29
2014,2009-2018,reversal,long,26,False,1
2014,2009-2018,reversal,long,39,False,1
2014,2009-2018,reversal,long,6,False,4
2014,2009-2018,reversal,long,16,False,1
2014,2009-2018,reversal,long,10,True,1
2014,2009-2018,reversal,short,6,False,3
2014,2009-2018,reversal,long,14,False,1
2014,2009-2018,reversal,long,7,False,5
2014,2009-2018,reversal,long,4,False,3
2014,2009-2018,reversal,long,8,False,3
2014,2009-2018,reversal,short,13,False,1
2014,2009-2018,reversal,short,7,False,2
2014,2009-2018,reversal,long,21,False,1
2014,2009-2018,reversal,long,5,False,1
2014,2009-2018,reversal,short,24,False,2
2014,2009-2018,reversal,short,9,False,1
2014,2009-2018,reversal,long,18,False,2
2014,2009-2018,reversal,long,12,False,1
2014,2009-2018,reversal,long,15,False,1
2014,2009-2018,reversal,short,23,False,1
2014,2009-2018,reversal,short,14,False,1
2014,2009-2018,reversal,long,2,True,1
2014,2009-2018,reversal,short,28,False,1
2014,2009-2018,reversal,long,20,False,1
2014,2009-2018,reversal,short,3,False,1
2014,2009-2018,reversal,short,50,True,1
2014,2009-2018,reversal,short,25,False,1
2014,2009-2018,reversal,short,29,False,1
2014,2009-2018,reversal,short,17,False,1
2014,2009-2018,reversal,short,2,True,1
2015,2009-2018,supervised,long,1,False,243
2015,2009-2018,supervised,short,1,False,271
2015,2009-2018,supervised,short,2,False,41
2015,2009-2018,supervised,long,2,False,50
2015,2009-2018,supervised,short,4,False,5
2015,2009-2018,supervised,long,3,False,13
2015,2009-2018,supervised,short,2,True,1
2015,2009-2018,supervised,short,3,False,5
2015,2009-2018,supervised,long,1,True,1
2015,2009-2018,supervised,long,4,False,2
2015,2009-2018,supervised,long,5,True,1
2015,2009-2018,supervised,short,5,False,1
2015,2009-2018,supervised,short,1,True,1
2015,2009-2018,reversal,long,4,False,7
2015,2009-2018,reversal,long,1,False,33
2015,2009-2018,reversal,short,3,False,8
2015,2009-2018,reversal,short,1,False,35
2015,2009-2018,reversal,short,16,False,2
2015,2009-2018,reversal,long,25,False,2
2015,2009-2018,reversal,long,7,False,3
2015,2009-2018,reversal,short,9,False,2
2015,2009-2018,reversal,long,19,False,2
2015,2009-2018,reversal,short,2,False,17
2015,2009-2018,reversal,long,2,False,13
2015,2009-2018,reversal,long,29,False,1
2015,2009-2018,reversal,short,10,False,1
2015,2009-2018,reversal,short,5,False,7
2015,2009-2018,reversal,long,6,False,4
2015,2009-2018,reversal,long,5,False,4
2015,2009-2018,reversal,long,11,False,1
2015,2009-2018,reversal,short,4,False,3
2015,2009-2018,reversal,short,12,True,1
2015,2009-2018,reversal,long,3,False,3
2015,2009-2018,reversal,short,7,False,1
2015,2009-2018,reversal,short,25,False,1
2015,2009-2018,reversal,long,14,False,2
2015,2009-2018,reversal,long,13,False,1
2015,2009-2018,reversal,short,11,False,1
2015,2009-2018,reversal,short,20,True,1
2015,2009-2018,reversal,short,59,False,1
2015,2009-2018,reversal,short,22,False,1
2015,2009-2018,reversal,long,28,False,1
2015,2009-2018,reversal,long,16,True,1
2015,2009-2018,reversal,short,6,False,2
2015,2009-2018,reversal,short,8,False,2
2015,2009-2018,reversal,long,10,False,1
2015,2009-2018,reversal,short,12,False,1
2015,2009-2018,reversal,long,12,True,1
2016,2009-2018,supervised,short,1,False,243
2016,2009-2018,supervised,long,1,False,267
2016,2009-2018,supervised,short,2,False,47
2016,2009-2018,supervised,long,2,False,40
2016,2009-2018,supervised,short,3,False,14
2016,2009-2018,supervised,long,3,False,11
2016,2009-2018,supervised,short,1,True,2
2016,2009-2018,supervised,short,4,False,2
2016,2009-2018,supervised,long,4,False,3
2016,2009-2018,supervised,short,5,False,1
2016,2009-2018,supervised,long,1,True,2
2016,2009-2018,reversal,short,7,False,5
2016,2009-2018,reversal,short,8,False,2
2016,2009-2018,reversal,long,14,False,2
2016,2009-2018,reversal,short,1,False,28
2016,2009-2018,reversal,short,5,False,4
2016,2009-2018,reversal,long,7,False,2
2016,2009-2018,reversal,long,1,False,20
2016,2009-2018,reversal,short,2,False,7
2016,2009-2018,reversal,short,11,False,3
2016,2009-2018,reversal,long,2,False,10
2016,2009-2018,reversal,long,3,False,5
2016,2009-2018,reversal,long,6,False,4
2016,2009-2018,reversal,long,10,False,2
2016,2009-2018,reversal,long,5,False,3
2016,2009-2018,reversal,long,4,True,1
2016,2009-2018,reversal,short,12,False,1
2016,2009-2018,reversal,short,16,False,1
2016,2009-2018,reversal,long,21,False,1
2016,2009-2018,reversal,short,4,False,5
2016,2009-2018,reversal,short,29,False,1
2016,2009-2018,reversal,short,14,False,1
2016,2009-2018,reversal,short,28,False,2
2016,2009-2018,reversal,long,24,False,1
2016,2009-2018,reversal,short,1,True,1
2016,2009-2018,reversal,short,27,False,2
2016,2009-2018,reversal,long,43,False,1
2016,2009-2018,reversal,short,9,False,1
2016,2009-2018,reversal,long,13,False,1
2016,2009-2018,reversal,short,9,True,1
2016,2009-2018,reversal,long,4,False,3
2016,2009-2018,reversal,long,11,False,1
2016,2009-2018,reversal,short,10,False,1
2016,2009-2018,reversal,long,16,False,2
2016,2009-2018,reversal,long,32,False,1
2016,2009-2018,reversal,short,3,False,4
2016,2009-2018,reversal,long,17,False,1
2016,2009-2018,reversal,short,6,False,1
2016,2009-2018,reversal,long,23,False,1
2016,2009-2018,reversal,long,6,True,1
2017,2009-2018,supervised,short,1,False,239
2017,2009-2018,supervised,short,2,False,45
2017,2009-2018,supervised,long,1,False,229
2017,2009-2018,supervised,long,2,False,51
2017,2009-2018,supervised,short,3,False,15
2017,2009-2018,supervised,long,4,False,4
2017,2009-2018,supervised,long,3,False,12
2017,2009-2018,supervised,short,1,True,2
2017,2009-2018,supervised,short,4,False,2
2017,2009-2018,supervised,long,1,True,2
2017,2009-2018,supervised,short,6,False,1
2017,2009-2018,supervised,long,5,False,1
2017,2009-2018,reversal,short,1,False,25
2017,2009-2018,reversal,long,1,False,18
2017,2009-2018,reversal,short,9,False,3
2017,2009-2018,reversal,short,8,False,2
2017,2009-2018,reversal,short,20,False,2
2017,2009-2018,reversal,short,2,False,8
2017,2009-2018,reversal,short,4,False,4
2017,2009-2018,reversal,short,5,False,7
2017,2009-2018,reversal,long,34,False,3
2017,2009-2018,reversal,short,3,False,7
2017,2009-2018,reversal,short,1,True,1
2017,2009-2018,reversal,long,2,False,11
2017,2009-2018,reversal,long,3,False,8
2017,2009-2018,reversal,long,8,False,1
2017,2009-2018,reversal,long,5,False,2
2017,2009-2018,reversal,long,11,False,1
2017,2009-2018,reversal,short,22,False,1
2017,2009-2018,reversal,long,25,False,1
2017,2009-2018,reversal,long,6,False,1
2017,2009-2018,reversal,long,12,False,1
2017,2009-2018,reversal,long,10,False,1
2017,2009-2018,reversal,short,7,False,3
2017,2009-2018,reversal,short,27,False,1
2017,2009-2018,reversal,short,6,False,3
2017,2009-2018,reversal,long,6,True,1
2017,2009-2018,reversal,short,16,False,2
2017,2009-2018,reversal,long,24,False,1
2017,2009-2018,reversal,long,18,False,1
2017,2009-2018,reversal,long,19,False,1
2017,2009-2018,reversal,short,17,False,1
2017,2009-2018,reversal,long,10,True,1
2017,2009-2018,reversal,short,10,False,3
2017,2009-2018,reversal,long,21,False,1
2017,2009-2018,reversal,long,4,False,2
2017,2009-2018,reversal,short,26,True,1
2017,2009-2018,reversal,long,7,False,1
2017,2009-2018,reversal,long,15,False,1
2017,2009-2018,reversal,long,14,False,1
2018,2009-2018,supervised,long,1,False,230
2018,2009-2018,supervised,short,2,False,53
2018,2009-2018,supervised,short,1,False,227
2018,2009-2018,supervised,long,3,False,18
2018,2009-2018,supervised,long,2,False,47
2018,2009-2018,supervised,short,1,True,1
2018,2009-2018,supervised,short,3,False,12
2018,2009-2018,supervised,long,4,False,4
2018,2009-2018,supervised,long,1,True,2
2018,2009-2018,supervised,short,2,True,1
2018,2009-2018,supervised,short,4,False,6
2018,2009-2018,reversal,long,1,False,25
2018,2009-2018,reversal,long,28,False,1
2018,2009-2018,reversal,long,8,False,3
2018,2009-2018,reversal,short,2,False,12
2018,2009-2018,reversal,long,3,False,5
2018,2009-2018,reversal,short,4,False,7
2018,2009-2018,reversal,short,1,False,17
2018,2009-2018,reversal,long,13,False,1
2018,2009-2018,reversal,short,14,False,2
2018,2009-2018,reversal,long,2,False,9
2018,2009-2018,reversal,short,6,False,6
2018,2009-2018,reversal,short,3,False,4
2018,2009-2018,reversal,long,17,False,1
2018,2009-2018,reversal,short,17,False,2
2018,2009-2018,reversal,long,7,False,2
2018,2009-2018,reversal,long,5,False,2
2018,2009-2018,reversal,short,7,False,2
2018,2009-2018,reversal,short,8,False,1
2018,2009-2018,reversal,long,4,False,3
2018,2009-2018,reversal,short,21,False,1
2018,2009-2018,reversal,long,22,False,1
2018,2009-2018,reversal,short,2,True,1
2018,2009-2018,reversal,long,12,False,1
2018,2009-2018,reversal,long,25,False,1
2018,2009-2018,reversal,short,20,False,1
2018,2009-2018,reversal,long,17,True,1
2018,2009-2018,reversal,long,36,False,1
2018,2009-2018,reversal,short,12,False,3
2018,2009-2018,reversal,long,19,False,1
2018,2009-2018,reversal,long,10,False,3
2018,2009-2018,reversal,long,6,False,2
2018,2009-2018,reversal,short,9,False,1
2018,2009-2018,reversal,short,3,True,1
2018,2009-2018,reversal,short,11,False,1
2018,2009-2018,reversal,short,22,False,1
2018,2009-2018,reversal,short,13,False,1
2018,2009-2018,reversal,long,34,False,1
2018,2009-2018,reversal,long,11,False,1
2018,2009-2018,reversal,short,10,False,1
2018,2009-2018,reversal,short,18,False,1
2018,2009-2018,reversal,short,30,False,1
2018,2009-2018,reversal,long,2,True,1
2019,2019-2025,supervised,long,1,False,246
2019,2019-2025,supervised,short,1,False,213
2019,2019-2025,supervised,short,2,False,65
2019,2019-2025,supervised,long,5,False,3
2019,2019-2025,supervised,long,2,False,54
2019,2019-2025,supervised,long,4,False,1
2019,2019-2025,supervised,long,3,False,6
2019,2019-2025,supervised,short,2,True,1
2019,2019-2025,supervised,short,3,False,13
2019,2019-2025,supervised,long,1,True,1
2019,2019-2025,supervised,long,2,True,1
2019,2019-2025,supervised,short,5,False,1
2019,2019-2025,supervised,short,4,False,1
2019,2019-2025,supervised,short,1,True,1
2019,2019-2025,reversal,long,2,False,15
2019,2019-2025,reversal,long,1,False,28
2019,2019-2025,reversal,short,2,False,20
2019,2019-2025,reversal,long,5,False,4
2019,2019-2025,reversal,long,21,False,1
2019,2019-2025,reversal,short,1,False,27
2019,2019-2025,reversal,short,11,False,3
2019,2019-2025,reversal,long,10,False,2
2019,2019-2025,reversal,long,16,False,1
2019,2019-2025,reversal,short,3,False,7
2019,2019-2025,reversal,short,6,False,2
2019,2019-2025,reversal,short,13,True,1
2019,2019-2025,reversal,short,5,False,6
2019,2019-2025,reversal,long,7,False,5
2019,2019-2025,reversal,short,4,False,4
2019,2019-2025,reversal,long,3,False,3
2019,2019-2025,reversal,short,49,False,1
2019,2019-2025,reversal,long,25,False,1
2019,2019-2025,reversal,long,27,False,1
2019,2019-2025,reversal,long,4,False,4
2019,2019-2025,reversal,long,8,False,1
2019,2019-2025,reversal,short,8,False,2
2019,2019-2025,reversal,long,9,False,1
2019,2019-2025,reversal,short,10,False,2
2019,2019-2025,reversal,long,26,False,1
2019,2019-2025,reversal,long,24,False,1
2019,2019-2025,reversal,long,14,False,1
2019,2019-2025,reversal,long,6,False,2
2019,2019-2025,reversal,short,14,False,1
2019,2019-2025,reversal,short,1,True,1
2019,2019-2025,reversal,short,13,False,1
2019,2019-2025,reversal,short,9,False,3
2019,2019-2025,reversal,short,18,False,1
2019,2019-2025,reversal,long,23,True,1
2019,2019-2025,reversal,long,12,False,1
2019,2019-2025,reversal,short,21,False,1
2019,2019-2025,reversal,long,4,True,1
2019,2019-2025,reversal,short,23,False,1
2019,2019-2025,reversal,long,15,False,1
2020,2019-2025,supervised,long,2,False,48
2020,2019-2025,supervised,long,1,False,199
2020,2019-2025,supervised,short,2,False,48
2020,2019-2025,supervised,short,1,False,212
2020,2019-2025,supervised,short,4,False,5
2020,2019-2025,supervised,long,3,False,11
2020,2019-2025,supervised,long,8,False,1
2020,2019-2025,supervised,short,3,False,9
2020,2019-2025,supervised,short,1,True,1
2020,2019-2025,supervised,long,4,False,2
2020,2019-2025,supervised,short,10,False,1
2020,2019-2025,supervised,short,9,False,1
2020,2019-2025,supervised,long,7,False,2
2020,2019-2025,supervised,long,5,False,4
2020,2019-2025,supervised,long,1,True,1
2020,2019-2025,supervised,long,9,False,1
2020,2019-2025,supervised,short,8,False,1
2020,2019-2025,supervised,long,4,True,1
2020,2019-2025,supervised,long,6,False,1
2020,2019-2025,supervised,short,6,False,1
2020,2019-2025,supervised,short,2,True,1
2020,2019-2025,supervised,short,7,False,1
2020,2019-2025,reversal,long,11,False,4
2020,2019-2025,reversal,short,5,False,8
2020,2019-2025,reversal,short,2,False,9
2020,2019-2025,reversal,short,1,False,29
2020,2019-2025,reversal,short,29,False,1
2020,2019-2025,reversal,short,32,False,1
2020,2019-2025,reversal,long,15,False,1
2020,2019-2025,reversal,long,1,False,29
2020,2019-2025,reversal,long,2,False,16
2020,2019-2025,reversal,short,33,True,1
2020,2019-2025,reversal,long,3,False,5
2020,2019-2025,reversal,short,18,False,1
2020,2019-2025,reversal,long,5,False,5
2020,2019-2025,reversal,short,17,False,2
2020,2019-2025,reversal,short,3,False,3
2020,2019-2025,reversal,short,9,False,2
2020,2019-2025,reversal,short,4,False,4
2020,2019-2025,reversal,short,7,False,3
2020,2019-2025,reversal,long,4,False,4
2020,2019-2025,reversal,short,4,True,1
2020,2019-2025,reversal,short,8,False,1
2020,2019-2025,reversal,long,23,False,1
2020,2019-2025,reversal,long,6,False,3
2020,2019-2025,reversal,long,9,False,2
2020,2019-2025,reversal,short,15,False,1
2020,2019-2025,reversal,long,2,True,1
2020,2019-2025,reversal,short,20,False,1
2020,2019-2025,reversal,short,13,False,1
2020,2019-2025,reversal,long,7,False,3
2020,2019-2025,reversal,long,22,False,2
2020,2019-2025,reversal,long,16,False,1
2020,2019-2025,reversal,short,14,False,1
2020,2019-2025,reversal,long,21,False,1
2020,2019-2025,reversal,short,27,False,1
2020,2019-2025,reversal,long,13,False,1
2020,2019-2025,reversal,long,10,False,2
2020,2019-2025,reversal,long,1,True,1
2020,2019-2025,reversal,long,25,False,1
2021,2019-2025,supervised,short,2,False,55
2021,2019-2025,supervised,short,1,False,216
2021,2019-2025,supervised,long,2,False,62
2021,2019-2025,supervised,long,1,False,210
2021,2019-2025,supervised,long,3,False,10
2021,2019-2025,supervised,short,3,False,12
2021,2019-2025,supervised,short,6,False,2
2021,2019-2025,supervised,short,5,False,1
2021,2019-2025,supervised,short,2,True,1
2021,2019-2025,supervised,long,6,False,1
2021,2019-2025,supervised,long,4,False,3
2021,2019-2025,supervised,long,1,True,2
2021,2019-2025,supervised,long,5,False,2
2021,2019-2025,supervised,short,4,False,3
2021,2019-2025,supervised,short,1,True,1
2021,2019-2025,reversal,long,2,False,19
2021,2019-2025,reversal,long,1,False,26
2021,2019-2025,reversal,short,20,False,2
2021,2019-2025,reversal,short,1,False,36
2021,2019-2025,reversal,short,3,False,9
2021,2019-2025,reversal,long,26,False,1
2021,2019-2025,reversal,long,4,False,8
2021,2019-2025,reversal,short,7,False,2
2021,2019-2025,reversal,long,27,False,1
2021,2019-2025,reversal,short,2,False,10
2021,2019-2025,reversal,short,27,False,1
2021,2019-2025,reversal,short,4,False,8
2021,2019-2025,reversal,short,9,False,3
2021,2019-2025,reversal,long,8,False,4
2021,2019-2025,reversal,long,3,False,8
2021,2019-2025,reversal,long,5,False,3
2021,2019-2025,reversal,short,10,False,2
2021,2019-2025,reversal,short,15,False,1
2021,2019-2025,reversal,short,18,False,1
2021,2019-2025,reversal,short,14,False,1
2021,2019-2025,reversal,long,7,False,3
2021,2019-2025,reversal,long,12,False,1
2021,2019-2025,reversal,long,10,False,1
2021,2019-2025,reversal,short,5,False,3
2021,2019-2025,reversal,short,11,False,2
2021,2019-2025,reversal,long,31,True,1
2021,2019-2025,reversal,long,18,False,1
2021,2019-2025,reversal,short,3,True,1
2021,2019-2025,reversal,short,12,False,1
2021,2019-2025,reversal,long,11,False,1
2021,2019-2025,reversal,long,9,False,1
2021,2019-2025,reversal,short,8,False,2
2021,2019-2025,reversal,long,13,False,1
2021,2019-2025,reversal,short,10,True,1
2021,2019-2025,reversal,short,26,False,1
2021,2019-2025,reversal,long,47,False,1
2021,2019-2025,reversal,long,2,True,1
2022,2019-2025,supervised,long,3,False,13
2022,2019-2025,supervised,short,1,False,230
2022,2019-2025,supervised,long,2,False,49
2022,2019-2025,supervised,long,1,False,215
2022,2019-2025,supervised,long,6,False,1
2022,2019-2025,supervised,short,2,False,53
2022,2019-2025,supervised,short,3,False,12
2022,2019-2025,supervised,short,4,False,3
2022,2019-2025,supervised,long,4,False,3
2022,2019-2025,supervised,short,2,True,1
2022,2019-2025,supervised,long,2,True,1
2022,2019-2025,supervised,long,7,False,2
2022,2019-2025,supervised,short,5,False,1
2022,2019-2025,supervised,long,5,False,1
2022,2019-2025,supervised,short,1,True,1
2022,2019-2025,supervised,long,1,True,1
2022,2019-2025,reversal,long,26,False,1
2022,2019-2025,reversal,short,3,False,6
2022,2019-2025,reversal,short,1,False,26
2022,2019-2025,reversal,long,1,False,25
2022,2019-2025,reversal,long,19,False,1
2022,2019-2025,reversal,short,8,False,2
2022,2019-2025,reversal,long,41,False,1
2022,2019-2025,reversal,short,27,False,1
2022,2019-2025,reversal,short,2,False,7
2022,2019-2025,reversal,short,5,False,3
2022,2019-2025,reversal,short,7,False,2
2022,2019-2025,reversal,long,2,False,15
2022,2019-2025,reversal,long,4,False,4
2022,2019-2025,reversal,long,3,False,5
2022,2019-2025,reversal,short,20,False,2
2022,2019-2025,reversal,short,6,False,2
2022,2019-2025,reversal,long,5,True,1
2022,2019-2025,reversal,short,10,False,1
2022,2019-2025,reversal,short,4,False,5
2022,2019-2025,reversal,short,12,False,2
2022,2019-2025,reversal,long,11,False,2
2022,2019-2025,reversal,long,8,False,3
2022,2019-2025,reversal,short,2,True,1
2022,2019-2025,reversal,long,6,False,3
2022,2019-2025,reversal,long,7,False,2
2022,2019-2025,reversal,short,23,False,1
2022,2019-2025,reversal,long,24,False,1
2022,2019-2025,reversal,long,5,False,4
2022,2019-2025,reversal,long,17,False,2
2022,2019-2025,reversal,long,1,True,1
2022,2019-2025,reversal,long,10,False,1
2022,2019-2025,reversal,long,14,False,1
2022,2019-2025,reversal,short,35,True,1
2022,2019-2025,reversal,short,26,False,1
2022,2019-2025,reversal,short,16,False,1
2022,2019-2025,reversal,long,34,False,1
2022,2019-2025,reversal,short,11,False,2
2022,2019-2025,reversal,short,14,False,1
2022,2019-2025,reversal,short,18,False,1
2023,2019-2025,supervised,long,1,False,221
2023,2019-2025,supervised,short,1,False,211
2023,2019-2025,supervised,short,2,False,53
2023,2019-2025,supervised,long,2,False,41
2023,2019-2025,supervised,long,3,False,20
2023,2019-2025,supervised,long,4,False,4
2023,2019-2025,supervised,long,6,False,1
2023,2019-2025,supervised,short,4,False,4
2023,2019-2025,supervised,short,3,False,16
2023,2019-2025,supervised,short,6,False,1
2023,2019-2025,supervised,long,1,True,1
2023,2019-2025,supervised,short,1,True,2
2023,2019-2025,supervised,long,5,False,1
2023,2019-2025,supervised,long,3,True,1
2023,2019-2025,supervised,short,5,False,1
2023,2019-2025,reversal,short,2,False,6
2023,2019-2025,reversal,short,9,False,2
2023,2019-2025,reversal,short,1,False,26
2023,2019-2025,reversal,short,3,False,7
2023,2019-2025,reversal,long,2,False,13
2023,2019-2025,reversal,long,10,False,2
2023,2019-2025,reversal,long,5,False,3
2023,2019-2025,reversal,short,17,False,1
2023,2019-2025,reversal,long,26,False,1
2023,2019-2025,reversal,long,3,False,7
2023,2019-2025,reversal,long,4,False,7
2023,2019-2025,reversal,short,30,True,1
2023,2019-2025,reversal,long,1,False,27
2023,2019-2025,reversal,long,6,False,4
2023,2019-2025,reversal,short,14,False,3
2023,2019-2025,reversal,long,11,False,4
2023,2019-2025,reversal,short,23,False,1
2023,2019-2025,reversal,short,1,True,1
2023,2019-2025,reversal,short,11,False,3
2023,2019-2025,reversal,short,8,False,1
2023,2019-2025,reversal,long,9,False,1
2023,2019-2025,reversal,long,16,False,1
2023,2019-2025,reversal,long,7,False,2
2023,2019-2025,reversal,short,15,False,1
2023,2019-2025,reversal,long,14,False,2
2023,2019-2025,reversal,short,7,False,3
2023,2019-2025,reversal,short,5,False,2
2023,2019-2025,reversal,short,6,False,1
2023,2019-2025,reversal,short,10,False,1
2023,2019-2025,reversal,long,12,False,1
2023,2019-2025,reversal,short,28,False,1
2023,2019-2025,reversal,long,33,False,1
2023,2019-2025,reversal,short,20,False,1
2023,2019-2025,reversal,short,24,False,1
2023,2019-2025,reversal,long,11,True,1
2023,2019-2025,reversal,short,29,False,1
2023,2019-2025,reversal,long,15,False,1
2023,2019-2025,reversal,long,23,False,1
2023,2019-2025,reversal,long,2,True,1
2024,2019-2025,supervised,short,2,False,58
2024,2019-2025,supervised,long,1,False,238
2024,2019-2025,supervised,short,1,False,231
2024,2019-2025,supervised,long,2,False,51
2024,2019-2025,supervised,long,3,False,14
2024,2019-2025,supervised,short,3,False,13
2024,2019-2025,supervised,long,4,False,3
2024,2019-2025,supervised,long,1,True,2
2024,2019-2025,supervised,short,4,False,2
2024,2019-2025,supervised,short,1,True,2
2024,2019-2025,reversal,long,4,False,5
2024,2019-2025,reversal,long,1,False,33
2024,2019-2025,reversal,long,18,False,1
2024,2019-2025,reversal,long,2,False,12
2024,2019-2025,reversal,short,11,False,3
2024,2019-2025,reversal,short,6,False,2
2024,2019-2025,reversal,short,1,False,39
2024,2019-2025,reversal,short,28,False,1
2024,2019-2025,reversal,long,3,False,6
2024,2019-2025,reversal,long,44,False,1
2024,2019-2025,reversal,long,7,False,1
2024,2019-2025,reversal,short,12,False,1
2024,2019-2025,reversal,long,6,False,6
2024,2019-2025,reversal,long,8,False,2
2024,2019-2025,reversal,short,4,False,3
2024,2019-2025,reversal,short,2,False,15
2024,2019-2025,reversal,short,9,False,1
2024,2019-2025,reversal,short,5,False,8
2024,2019-2025,reversal,long,17,False,1
2024,2019-2025,reversal,long,1,True,2
2024,2019-2025,reversal,long,20,False,2
2024,2019-2025,reversal,long,10,False,2
2024,2019-2025,reversal,short,13,False,1
2024,2019-2025,reversal,long,14,False,2
2024,2019-2025,reversal,short,3,False,9
2024,2019-2025,reversal,short,17,True,1
2024,2019-2025,reversal,short,10,False,2
2024,2019-2025,reversal,long,13,False,1
2024,2019-2025,reversal,long,21,False,1
2024,2019-2025,reversal,long,5,False,3
2024,2019-2025,reversal,short,16,False,1
2024,2019-2025,reversal,short,8,False,2
2024,2019-2025,reversal,long,12,False,2
2024,2019-2025,reversal,short,8,True,1
2024,2019-2025,reversal,short,35,False,1
2024,2019-2025,reversal,short,7,False,1
2024,2019-2025,reversal,short,22,False,1
2025,2019-2025,supervised,short,1,False,255
2025,2019-2025,supervised,long,1,False,223
2025,2019-2025,supervised,short,4,False,4
2025,2019-2025,supervised,short,2,False,42
2025,2019-2025,supervised,long,2,False,54
2025,2019-2025,supervised,long,5,False,1
2025,2019-2025,supervised,long,3,False,11
2025,2019-2025,supervised,long,4,False,2
2025,2019-2025,supervised,short,3,False,8
2025,2019-2025,supervised,short,5,False,1
2025,2019-2025,supervised,short,1,True,2
2025,2019-2025,supervised,long,1,True,1
2025,2019-2025,supervised,long,6,False,1
2025,2019-2025,supervised,long,2,True,1
2025,2019-2025,reversal,short,4,False,9
2025,2019-2025,reversal,short,24,False,3
2025,2019-2025,reversal,short,1,False,42
2025,2019-2025,reversal,short,2,False,15
2025,2019-2025,reversal,long,11,False,1
2025,2019-2025,reversal,long,1,False,31
2025,2019-2025,reversal,long,2,False,11
2025,2019-2025,reversal,short,3,False,13
2025,2019-2025,reversal,short,5,False,2
2025,2019-2025,reversal,long,10,False,2
2025,2019-2025,reversal,long,9,False,1
2025,2019-2025,reversal,long,8,False,2
2025,2019-2025,reversal,short,10,False,2
2025,2019-2025,reversal,short,7,True,1
2025,2019-2025,reversal,long,5,False,9
2025,2019-2025,reversal,long,4,False,9
2025,2019-2025,reversal,long,25,False,2
2025,2019-2025,reversal,short,7,False,2
2025,2019-2025,reversal,long,3,False,7
2025,2019-2025,reversal,short,11,False,3
2025,2019-2025,reversal,short,12,False,1
2025,2019-2025,reversal,long,6,False,3
2025,2019-2025,reversal,long,2,True,1
2025,2019-2025,reversal,long,24,False,1
2025,2019-2025,reversal,short,6,False,1
2025,2019-2025,reversal,long,27,False,1
2025,2019-2025,reversal,short,9,False,4
2025,2019-2025,reversal,short,13,False,1
2025,2019-2025,reversal,short,15,False,1
2025,2019-2025,reversal,long,7,False,1
2025,2019-2025,reversal,long,22,False,1
2025,2019-2025,reversal,short,1,True,1
2025,2019-2025,reversal,long,18,False,1
2025,2019-2025,reversal,long,7,True,1
