scenario,fold,policy,status,error,result_path,pairs_path,coverage.measurement_start,coverage.measurement_end,coverage.first_decision,coverage.last_mark,coverage.planned_last_mark,coverage.initial_flat_seconds,coverage.trailing_coverage_gap_seconds,coverage.elapsed_seconds,metrics.steps,metrics.cumulative_log_return,metrics.gross_cumulative_log_return,metrics.annualized_net_return,metrics.annualized_gross_return,metrics.final_equity_ratio,metrics.sharpe_annualized,metrics.max_drawdown,metrics.total_cost_ratio,metrics.mean_gross_leverage,metrics.mean_weight_turnover,metrics.total_weight_turnover,metrics.terminated_by_margin_call,metrics.eval_start,metrics.eval_end,metrics.annualized_gross_minus_net,metrics.total_price_pnl_jpy,metrics.total_financing_jpy,metrics.total_spread_jpy,metrics.total_commission_jpy,metrics.total_overnight_jpy,metrics.total_actual_traded_notional_jpy,metrics.mean_target_gross_exposure,metrics.mean_target_net_exposure
F0,2009,canonical,blocked_input,"ValueError: Missing expected bar for pairs ('JPY/USD', 'JPY/EUR', 'JPY/GBP', 'JPY/AUD', 'JPY/CHF', 'JPY/CAD', 'JPY/NZD', 'JPY/NOK', 'JPY/SEK') at 2008-12-29 00:00:00+00:00: /home/tsuyoshi/workspace/projects/forex-trainer/data/jpy_9pairs_1d_2003_carry.parquet",,,,,,,,,,,,,,,,,,,,,,,,,,,,,,,,,,
F0,2009,ridge,blocked_input,"ValueError: Missing expected bar for pairs ('JPY/USD', 'JPY/EUR', 'JPY/GBP', 'JPY/AUD', 'JPY/CHF', 'JPY/CAD', 'JPY/NZD', 'JPY/NOK', 'JPY/SEK') at 2008-12-29 00:00:00+00:00: /home/tsuyoshi/workspace/projects/forex-trainer/data/jpy_9pairs_1d_2003_carry.parquet",,,,,,,,,,,,,,,,,,,,,,,,,,,,,,,,,,
F0,2009,ppo_ens3,blocked_input,"ValueError: Missing expected bar for pairs ('JPY/USD', 'JPY/EUR', 'JPY/GBP', 'JPY/AUD', 'JPY/CHF', 'JPY/CAD', 'JPY/NZD', 'JPY/NOK', 'JPY/SEK') at 2008-12-29 00:00:00+00:00: /home/tsuyoshi/workspace/projects/forex-trainer/data/jpy_9pairs_1d_2003_carry.parquet",,,,,,,,,,,,,,,,,,,,,,,,,,,,,,,,,,
F1,2009,canonical,blocked_input,"ValueError: Missing expected bar for pairs ('JPY/USD', 'JPY/EUR', 'JPY/GBP', 'JPY/AUD', 'JPY/CHF', 'JPY/CAD', 'JPY/NZD', 'JPY/NOK', 'JPY/SEK') at 2008-12-29 00:00:00+00:00: /home/tsuyoshi/workspace/projects/forex-trainer/data/jpy_9pairs_1d_2003_carry.parquet",,,,,,,,,,,,,,,,,,,,,,,,,,,,,,,,,,
F1,2009,ridge,blocked_input,"ValueError: Missing expected bar for pairs ('JPY/USD', 'JPY/EUR', 'JPY/GBP', 'JPY/AUD', 'JPY/CHF', 'JPY/CAD', 'JPY/NZD', 'JPY/NOK', 'JPY/SEK') at 2008-12-29 00:00:00+00:00: /home/tsuyoshi/workspace/projects/forex-trainer/data/jpy_9pairs_1d_2003_carry.parquet",,,,,,,,,,,,,,,,,,,,,,,,,,,,,,,,,,
F1,2009,ppo_ens3,blocked_input,"ValueError: Missing expected bar for pairs ('JPY/USD', 'JPY/EUR', 'JPY/GBP', 'JPY/AUD', 'JPY/CHF', 'JPY/CAD', 'JPY/NZD', 'JPY/NOK', 'JPY/SEK') at 2008-12-29 00:00:00+00:00: /home/tsuyoshi/workspace/projects/forex-trainer/data/jpy_9pairs_1d_2003_carry.parquet",,,,,,,,,,,,,,,,,,,,,,,,,,,,,,,,,,
F2,2009,canonical,blocked_input,"ValueError: Missing expected bar for pairs ('JPY/USD', 'JPY/EUR', 'JPY/GBP', 'JPY/AUD', 'JPY/CHF', 'JPY/CAD', 'JPY/NZD', 'JPY/NOK', 'JPY/SEK') at 2008-12-29 00:00:00+00:00: /home/tsuyoshi/workspace/projects/forex-trainer/data/jpy_9pairs_1d_2003_carry.parquet",,,,,,,,,,,,,,,,,,,,,,,,,,,,,,,,,,
F2,2009,ridge,blocked_input,"ValueError: Missing expected bar for pairs ('JPY/USD', 'JPY/EUR', 'JPY/GBP', 'JPY/AUD', 'JPY/CHF', 'JPY/CAD', 'JPY/NZD', 'JPY/NOK', 'JPY/SEK') at 2008-12-29 00:00:00+00:00: /home/tsuyoshi/workspace/projects/forex-trainer/data/jpy_9pairs_1d_2003_carry.parquet",,,,,,,,,,,,,,,,,,,,,,,,,,,,,,,,,,
F2,2009,ppo_ens3,blocked_input,"ValueError: Missing expected bar for pairs ('JPY/USD', 'JPY/EUR', 'JPY/GBP', 'JPY/AUD', 'JPY/CHF', 'JPY/CAD', 'JPY/NZD', 'JPY/NOK', 'JPY/SEK') at 2008-12-29 00:00:00+00:00: /home/tsuyoshi/workspace/projects/forex-trainer/data/jpy_9pairs_1d_2003_carry.parquet",,,,,,,,,,,,,,,,,,,,,,,,,,,,,,,,,,
F0,2010,canonical,complete,,fold-2010/F0-canonical.json.gz,fold-2010/F0-canonical-pairs.csv.gz,2010-01-01T00:00:00+00:00,2011-01-01T00:00:00+00:00,2010-01-01T00:00:00+00:00,2010-12-31T00:00:00+00:00,2010-12-31T00:00:00+00:00,0.0,86400.0,31449600.0,260.0,0.028485418730877447,0.063641490927241,0.028995660392063295,0.06594319891406393,1.028895008130132,0.16754888617352526,0.12285464556047287,0.03697957845852143,3.2013312310630635,1.2123077103724846,315.200004696846,False,2010-01-01T00:00:00+00:00,2010-12-31T00:00:00+00:00,0.03694753852200064,72898.91905884001,-7024.332470185384,12492.529344148586,0.0,24487.04911437285,339844489.8574817,3.200000047683716,0.0
F0,2010,ridge,complete,,fold-2010/F0-ridge.json.gz,fold-2010/F0-ridge-pairs.csv.gz,2010-01-01T00:00:00+00:00,2011-01-01T00:00:00+00:00,2010-01-01T00:00:00+00:00,2010-12-31T00:00:00+00:00,2010-12-31T00:00:00+00:00,0.0,86400.0,31449600.0,260.0,0.01457837837342641,0.08693039360280193,0.014735960776270035,0.09114643452397084,1.0146851612072636,0.10284824263501309,0.12173464800344069,0.07231980708864061,3.2009416813562552,5.083076998820672,1321.6000196933746,False,2010-01-01T00:00:00+00:00,2010-12-31T00:00:00+00:00,0.0764104737477008,93761.11509339808,-6756.146797494108,49046.59478100537,0.0,23273.212307635236,1322757927.1978421,3.200000047683716,0.0
F0,2010,ppo_ens3,complete,,fold-2010/F0-ppo_ens3.json.gz,fold-2010/F0-ppo_ens3-pairs.csv.gz,2010-01-01T00:00:00+00:00,2011-01-01T00:00:00+00:00,2010-01-01T00:00:00+00:00,2010-12-31T00:00:00+00:00,2010-12-31T00:00:00+00:00,0.0,86400.0,31449600.0,260.0,0.12920563874006918,0.15203173000461984,0.1384291111147184,0.16480514671423074,1.1379241013860213,0.40815482519876933,0.22485782563344103,0.024762575353462424,1.9063382131026816,0.9120802215126996,237.14085759330192,False,2010-01-01T00:00:00+00:00,2010-12-31T00:00:00+00:00,0.02637603559951235,158715.0166656371,3971.660073845427,9666.78094545081,0.0,15095.794408011618,255922771.3120288,1.9065082225405883,-0.04576135042508703
F1,2010,canonical,complete,,fold-2010/F1-canonical.json.gz,fold-2010/F1-canonical-pairs.csv.gz,2010-01-01T00:00:00+00:00,2011-01-01T00:00:00+00:00,2010-01-01T00:00:00+00:00,2010-12-31T00:00:00+00:00,2010-12-31T00:00:00+00:00,0.0,86400.0,31449600.0,260.0,0.016620242465816837,0.06364149092723766,0.016817160252543942,0.06594319891406036,1.016759127060651,0.09778393455369558,0.12706516593834227,0.049184855140688044,3.201477391486002,1.2123077103724846,315.200004696846,False,2010-01-01T00:00:00+00:00,2010-12-31T00:00:00+00:00,0.04912603866151642,72923.24984654032,-6979.267645200207,24839.294077811974,0.0,24345.561062876084,337870794.0100547,3.200000047683716,0.0
F1,2010,ridge,complete,,fold-2010/F1-ridge.json.gz,fold-2010/F1-ridge-pairs.csv.gz,2010-01-01T00:00:00+00:00,2011-01-01T00:00:00+00:00,2010-01-01T00:00:00+00:00,2010-12-31T00:00:00+00:00,2010-12-31T00:00:00+00:00,0.0,86400.0,31449600.0,260.0,-0.03449056843485082,0.08693039360280282,-0.03401696913954981,0.0911464345239718,0.966097451454577,-0.24319269911727484,0.13468783649923777,0.11842403167635338,3.201545879425977,5.083076998820672,1321.6000196933746,False,2010-01-01T00:00:00+00:00,2010-12-31T00:00:00+00:00,0.1251634036635216,91119.57057068631,-6598.087439757291,95709.36460008513,0.0,22714.66707626827,1290664403.3746235,3.200000047683716,0.0
F1,2010,ppo_ens3,complete,,fold-2010/F1-ppo_ens3.json.gz,fold-2010/F1-ppo_ens3-pairs.csv.gz,2010-01-01T00:00:00+00:00,2011-01-01T00:00:00+00:00,2010-01-01T00:00:00+00:00,2010-12-31T00:00:00+00:00,2010-12-31T00:00:00+00:00,0.0,86400.0,31449600.0,260.0,0.12031405864470829,0.1520317300046182,0.12831709375333378,0.16480514671422886,1.1278510073224202,0.3800334542318839,0.22666158238356404,0.034274734292854325,1.9064038775300827,0.9120802215126996,237.14085759330192,False,2010-01-01T00:00:00+00:00,2010-12-31T00:00:00+00:00,0.03648805296089508,158175.2532459524,3950.4883693214592,19246.839449426796,0.0,15027.894843427523,254768944.31072173,1.9065082225405883,-0.04576135042508703
F2,2010,canonical,complete,,fold-2010/F2-canonical.json.gz,fold-2010/F2-canonical-pairs.csv.gz,2010-01-01T00:00:00+00:00,2011-01-01T00:00:00+00:00,2010-01-01T00:00:00+00:00,2010-12-31T00:00:00+00:00,2010-12-31T00:00:00+00:00,0.0,86400.0,31449600.0,260.0,0.005188262649584663,0.06364149092724243,0.005219654665008945,0.06594319891406546,1.0052017449908037,0.030513460963439595,0.13235634728044443,0.06075786486249143,3.201618039513398,1.2123077103724846,315.200004696846,False,2010-01-01T00:00:00+00:00,2010-12-31T00:00:00+00:00,0.06072354424905651,72893.31768998131,-6933.707836685289,12346.77295628677,0.0,48411.09190620464,335901837.6514943,3.200000047683716,0.0
F2,2010,ridge,complete,,fold-2010/F2-ridge.json.gz,fold-2010/F2-ridge-pairs.csv.gz,2010-01-01T00:00:00+00:00,2011-01-01T00:00:00+00:00,2010-01-01T00:00:00+00:00,2010-12-31T00:00:00+00:00,2010-12-31T00:00:00+00:00,0.0,86400.0,31449600.0,260.0,-0.008733513892884893,0.08693039360280326,-0.008725217768494269,0.09114643452397228,0.9913045124578331,-0.06156786471037524,0.12796071984724233,0.09446914460903083,3.201228733253426,5.083076998820672,1321.6000196933746,False,2010-01-01T00:00:00+00:00,2010-12-31T00:00:00+00:00,0.09987165229246656,92453.10267270691,-6679.445605843766,48466.02057870419,0.0,46003.124030326675,1307127208.1677263,3.200000047683716,0.0
F2,2010,ppo_ens3,complete,,fold-2010/F2-ppo_ens3.json.gz,fold-2010/F2-ppo_ens3-pairs.csv.gz,2010-01-01T00:00:00+00:00,2011-01-01T00:00:00+00:00,2010-01-01T00:00:00+00:00,2010-12-31T00:00:00+00:00,2010-12-31T00:00:00+00:00,0.0,86400.0,31449600.0,260.0,0.11526827135158083,0.15203173000461725,0.12261873261152444,0.16480514671422775,1.1221744444492945,0.3641101491825147,0.22747179195571265,0.03957845889314257,1.9064655626873703,0.9120802215126996,237.14085759330192,False,2010-01-01T00:00:00+00:00,2010-12-31T00:00:00+00:00,0.04218641410270331,157812.93160827953,3939.971734157197,9598.984628987344,0.0,29979.474264155226,254118592.9921338,1.9065082225405883,-0.04576135042508703
F0,2011,canonical,blocked_input,"ValueError: Missing expected bar for pairs ('JPY/USD', 'JPY/EUR', 'JPY/GBP', 'JPY/AUD', 'JPY/CHF', 'JPY/CAD', 'JPY/NZD', 'JPY/NOK', 'JPY/SEK') at 2011-04-14 23:00:00+00:00: /home/tsuyoshi/workspace/projects/forex-trainer/data/jpy_9pairs_1d_2003_carry.parquet",,,,,,,,,,,,,,,,,,,,,,,,,,,,,,,,,,
F0,2011,ridge,blocked_input,"ValueError: Missing expected bar for pairs ('JPY/USD', 'JPY/EUR', 'JPY/GBP', 'JPY/AUD', 'JPY/CHF', 'JPY/CAD', 'JPY/NZD', 'JPY/NOK', 'JPY/SEK') at 2011-04-14 23:00:00+00:00: /home/tsuyoshi/workspace/projects/forex-trainer/data/jpy_9pairs_1d_2003_carry.parquet",,,,,,,,,,,,,,,,,,,,,,,,,,,,,,,,,,
F0,2011,ppo_ens3,blocked_input,"ValueError: Missing expected bar for pairs ('JPY/USD', 'JPY/EUR', 'JPY/GBP', 'JPY/AUD', 'JPY/CHF', 'JPY/CAD', 'JPY/NZD', 'JPY/NOK', 'JPY/SEK') at 2011-04-14 23:00:00+00:00: /home/tsuyoshi/workspace/projects/forex-trainer/data/jpy_9pairs_1d_2003_carry.parquet",,,,,,,,,,,,,,,,,,,,,,,,,,,,,,,,,,
F1,2011,canonical,blocked_input,"ValueError: Missing expected bar for pairs ('JPY/USD', 'JPY/EUR', 'JPY/GBP', 'JPY/AUD', 'JPY/CHF', 'JPY/CAD', 'JPY/NZD', 'JPY/NOK', 'JPY/SEK') at 2011-04-14 23:00:00+00:00: /home/tsuyoshi/workspace/projects/forex-trainer/data/jpy_9pairs_1d_2003_carry.parquet",,,,,,,,,,,,,,,,,,,,,,,,,,,,,,,,,,
F1,2011,ridge,blocked_input,"ValueError: Missing expected bar for pairs ('JPY/USD', 'JPY/EUR', 'JPY/GBP', 'JPY/AUD', 'JPY/CHF', 'JPY/CAD', 'JPY/NZD', 'JPY/NOK', 'JPY/SEK') at 2011-04-14 23:00:00+00:00: /home/tsuyoshi/workspace/projects/forex-trainer/data/jpy_9pairs_1d_2003_carry.parquet",,,,,,,,,,,,,,,,,,,,,,,,,,,,,,,,,,
F1,2011,ppo_ens3,blocked_input,"ValueError: Missing expected bar for pairs ('JPY/USD', 'JPY/EUR', 'JPY/GBP', 'JPY/AUD', 'JPY/CHF', 'JPY/CAD', 'JPY/NZD', 'JPY/NOK', 'JPY/SEK') at 2011-04-14 23:00:00+00:00: /home/tsuyoshi/workspace/projects/forex-trainer/data/jpy_9pairs_1d_2003_carry.parquet",,,,,,,,,,,,,,,,,,,,,,,,,,,,,,,,,,
F2,2011,canonical,blocked_input,"ValueError: Missing expected bar for pairs ('JPY/USD', 'JPY/EUR', 'JPY/GBP', 'JPY/AUD', 'JPY/CHF', 'JPY/CAD', 'JPY/NZD', 'JPY/NOK', 'JPY/SEK') at 2011-04-14 23:00:00+00:00: /home/tsuyoshi/workspace/projects/forex-trainer/data/jpy_9pairs_1d_2003_carry.parquet",,,,,,,,,,,,,,,,,,,,,,,,,,,,,,,,,,
F2,2011,ridge,blocked_input,"ValueError: Missing expected bar for pairs ('JPY/USD', 'JPY/EUR', 'JPY/GBP', 'JPY/AUD', 'JPY/CHF', 'JPY/CAD', 'JPY/NZD', 'JPY/NOK', 'JPY/SEK') at 2011-04-14 23:00:00+00:00: /home/tsuyoshi/workspace/projects/forex-trainer/data/jpy_9pairs_1d_2003_carry.parquet",,,,,,,,,,,,,,,,,,,,,,,,,,,,,,,,,,
F2,2011,ppo_ens3,blocked_input,"ValueError: Missing expected bar for pairs ('JPY/USD', 'JPY/EUR', 'JPY/GBP', 'JPY/AUD', 'JPY/CHF', 'JPY/CAD', 'JPY/NZD', 'JPY/NOK', 'JPY/SEK') at 2011-04-14 23:00:00+00:00: /home/tsuyoshi/workspace/projects/forex-trainer/data/jpy_9pairs_1d_2003_carry.parquet",,,,,,,,,,,,,,,,,,,,,,,,,,,,,,,,,,
F0,2012,canonical,blocked_input,"ValueError: Missing expected bar for pairs ('JPY/USD', 'JPY/EUR', 'JPY/GBP', 'JPY/AUD', 'JPY/CHF', 'JPY/CAD', 'JPY/NZD', 'JPY/NOK', 'JPY/SEK') at 2012-12-04 00:00:00+00:00: /home/tsuyoshi/workspace/projects/forex-trainer/data/jpy_9pairs_1d_2003_carry.parquet",,,,,,,,,,,,,,,,,,,,,,,,,,,,,,,,,,
F0,2012,ridge,blocked_input,"ValueError: Missing expected bar for pairs ('JPY/USD', 'JPY/EUR', 'JPY/GBP', 'JPY/AUD', 'JPY/CHF', 'JPY/CAD', 'JPY/NZD', 'JPY/NOK', 'JPY/SEK') at 2012-12-04 00:00:00+00:00: /home/tsuyoshi/workspace/projects/forex-trainer/data/jpy_9pairs_1d_2003_carry.parquet",,,,,,,,,,,,,,,,,,,,,,,,,,,,,,,,,,
F0,2012,ppo_ens3,blocked_input,"ValueError: Missing expected bar for pairs ('JPY/USD', 'JPY/EUR', 'JPY/GBP', 'JPY/AUD', 'JPY/CHF', 'JPY/CAD', 'JPY/NZD', 'JPY/NOK', 'JPY/SEK') at 2012-12-04 00:00:00+00:00: /home/tsuyoshi/workspace/projects/forex-trainer/data/jpy_9pairs_1d_2003_carry.parquet",,,,,,,,,,,,,,,,,,,,,,,,,,,,,,,,,,
F1,2012,canonical,blocked_input,"ValueError: Missing expected bar for pairs ('JPY/USD', 'JPY/EUR', 'JPY/GBP', 'JPY/AUD', 'JPY/CHF', 'JPY/CAD', 'JPY/NZD', 'JPY/NOK', 'JPY/SEK') at 2012-12-04 00:00:00+00:00: /home/tsuyoshi/workspace/projects/forex-trainer/data/jpy_9pairs_1d_2003_carry.parquet",,,,,,,,,,,,,,,,,,,,,,,,,,,,,,,,,,
F1,2012,ridge,blocked_input,"ValueError: Missing expected bar for pairs ('JPY/USD', 'JPY/EUR', 'JPY/GBP', 'JPY/AUD', 'JPY/CHF', 'JPY/CAD', 'JPY/NZD', 'JPY/NOK', 'JPY/SEK') at 2012-12-04 00:00:00+00:00: /home/tsuyoshi/workspace/projects/forex-trainer/data/jpy_9pairs_1d_2003_carry.parquet",,,,,,,,,,,,,,,,,,,,,,,,,,,,,,,,,,
F1,2012,ppo_ens3,blocked_input,"ValueError: Missing expected bar for pairs ('JPY/USD', 'JPY/EUR', 'JPY/GBP', 'JPY/AUD', 'JPY/CHF', 'JPY/CAD', 'JPY/NZD', 'JPY/NOK', 'JPY/SEK') at 2012-12-04 00:00:00+00:00: /home/tsuyoshi/workspace/projects/forex-trainer/data/jpy_9pairs_1d_2003_carry.parquet",,,,,,,,,,,,,,,,,,,,,,,,,,,,,,,,,,
F2,2012,canonical,blocked_input,"ValueError: Missing expected bar for pairs ('JPY/USD', 'JPY/EUR', 'JPY/GBP', 'JPY/AUD', 'JPY/CHF', 'JPY/CAD', 'JPY/NZD', 'JPY/NOK', 'JPY/SEK') at 2012-12-04 00:00:00+00:00: /home/tsuyoshi/workspace/projects/forex-trainer/data/jpy_9pairs_1d_2003_carry.parquet",,,,,,,,,,,,,,,,,,,,,,,,,,,,,,,,,,
F2,2012,ridge,blocked_input,"ValueError: Missing expected bar for pairs ('JPY/USD', 'JPY/EUR', 'JPY/GBP', 'JPY/AUD', 'JPY/CHF', 'JPY/CAD', 'JPY/NZD', 'JPY/NOK', 'JPY/SEK') at 2012-12-04 00:00:00+00:00: /home/tsuyoshi/workspace/projects/forex-trainer/data/jpy_9pairs_1d_2003_carry.parquet",,,,,,,,,,,,,,,,,,,,,,,,,,,,,,,,,,
F2,2012,ppo_ens3,blocked_input,"ValueError: Missing expected bar for pairs ('JPY/USD', 'JPY/EUR', 'JPY/GBP', 'JPY/AUD', 'JPY/CHF', 'JPY/CAD', 'JPY/NZD', 'JPY/NOK', 'JPY/SEK') at 2012-12-04 00:00:00+00:00: /home/tsuyoshi/workspace/projects/forex-trainer/data/jpy_9pairs_1d_2003_carry.parquet",,,,,,,,,,,,,,,,,,,,,,,,,,,,,,,,,,
F0,2013,canonical,blocked_input,"ValueError: Missing expected bar for pairs ('JPY/USD', 'JPY/EUR', 'JPY/GBP', 'JPY/AUD', 'JPY/CHF', 'JPY/CAD', 'JPY/NZD', 'JPY/NOK', 'JPY/SEK') at 2012-12-04 00:00:00+00:00: /home/tsuyoshi/workspace/projects/forex-trainer/data/jpy_9pairs_1d_2003_carry.parquet",,,,,,,,,,,,,,,,,,,,,,,,,,,,,,,,,,
F0,2013,ridge,blocked_input,"ValueError: Missing expected bar for pairs ('JPY/USD', 'JPY/EUR', 'JPY/GBP', 'JPY/AUD', 'JPY/CHF', 'JPY/CAD', 'JPY/NZD', 'JPY/NOK', 'JPY/SEK') at 2012-12-04 00:00:00+00:00: /home/tsuyoshi/workspace/projects/forex-trainer/data/jpy_9pairs_1d_2003_carry.parquet",,,,,,,,,,,,,,,,,,,,,,,,,,,,,,,,,,
F0,2013,ppo_ens3,blocked_input,"ValueError: Missing expected bar for pairs ('JPY/USD', 'JPY/EUR', 'JPY/GBP', 'JPY/AUD', 'JPY/CHF', 'JPY/CAD', 'JPY/NZD', 'JPY/NOK', 'JPY/SEK') at 2012-12-04 00:00:00+00:00: /home/tsuyoshi/workspace/projects/forex-trainer/data/jpy_9pairs_1d_2003_carry.parquet",,,,,,,,,,,,,,,,,,,,,,,,,,,,,,,,,,
F1,2013,canonical,blocked_input,"ValueError: Missing expected bar for pairs ('JPY/USD', 'JPY/EUR', 'JPY/GBP', 'JPY/AUD', 'JPY/CHF', 'JPY/CAD', 'JPY/NZD', 'JPY/NOK', 'JPY/SEK') at 2012-12-04 00:00:00+00:00: /home/tsuyoshi/workspace/projects/forex-trainer/data/jpy_9pairs_1d_2003_carry.parquet",,,,,,,,,,,,,,,,,,,,,,,,,,,,,,,,,,
F1,2013,ridge,blocked_input,"ValueError: Missing expected bar for pairs ('JPY/USD', 'JPY/EUR', 'JPY/GBP', 'JPY/AUD', 'JPY/CHF', 'JPY/CAD', 'JPY/NZD', 'JPY/NOK', 'JPY/SEK') at 2012-12-04 00:00:00+00:00: /home/tsuyoshi/workspace/projects/forex-trainer/data/jpy_9pairs_1d_2003_carry.parquet",,,,,,,,,,,,,,,,,,,,,,,,,,,,,,,,,,
F1,2013,ppo_ens3,blocked_input,"ValueError: Missing expected bar for pairs ('JPY/USD', 'JPY/EUR', 'JPY/GBP', 'JPY/AUD', 'JPY/CHF', 'JPY/CAD', 'JPY/NZD', 'JPY/NOK', 'JPY/SEK') at 2012-12-04 00:00:00+00:00: /home/tsuyoshi/workspace/projects/forex-trainer/data/jpy_9pairs_1d_2003_carry.parquet",,,,,,,,,,,,,,,,,,,,,,,,,,,,,,,,,,
F2,2013,canonical,blocked_input,"ValueError: Missing expected bar for pairs ('JPY/USD', 'JPY/EUR', 'JPY/GBP', 'JPY/AUD', 'JPY/CHF', 'JPY/CAD', 'JPY/NZD', 'JPY/NOK', 'JPY/SEK') at 2012-12-04 00:00:00+00:00: /home/tsuyoshi/workspace/projects/forex-trainer/data/jpy_9pairs_1d_2003_carry.parquet",,,,,,,,,,,,,,,,,,,,,,,,,,,,,,,,,,
F2,2013,ridge,blocked_input,"ValueError: Missing expected bar for pairs ('JPY/USD', 'JPY/EUR', 'JPY/GBP', 'JPY/AUD', 'JPY/CHF', 'JPY/CAD', 'JPY/NZD', 'JPY/NOK', 'JPY/SEK') at 2012-12-04 00:00:00+00:00: /home/tsuyoshi/workspace/projects/forex-trainer/data/jpy_9pairs_1d_2003_carry.parquet",,,,,,,,,,,,,,,,,,,,,,,,,,,,,,,,,,
F2,2013,ppo_ens3,blocked_input,"ValueError: Missing expected bar for pairs ('JPY/USD', 'JPY/EUR', 'JPY/GBP', 'JPY/AUD', 'JPY/CHF', 'JPY/CAD', 'JPY/NZD', 'JPY/NOK', 'JPY/SEK') at 2012-12-04 00:00:00+00:00: /home/tsuyoshi/workspace/projects/forex-trainer/data/jpy_9pairs_1d_2003_carry.parquet",,,,,,,,,,,,,,,,,,,,,,,,,,,,,,,,,,
F0,2014,canonical,blocked_input,"ValueError: Missing expected bar for pairs ('JPY/USD', 'JPY/EUR', 'JPY/GBP', 'JPY/AUD', 'JPY/CHF', 'JPY/CAD', 'JPY/NZD', 'JPY/NOK', 'JPY/SEK') at 2013-10-07 23:00:00+00:00: /home/tsuyoshi/workspace/projects/forex-trainer/data/jpy_9pairs_1d_2003_carry.parquet",,,,,,,,,,,,,,,,,,,,,,,,,,,,,,,,,,
F0,2014,ridge,blocked_input,"ValueError: Missing expected bar for pairs ('JPY/USD', 'JPY/EUR', 'JPY/GBP', 'JPY/AUD', 'JPY/CHF', 'JPY/CAD', 'JPY/NZD', 'JPY/NOK', 'JPY/SEK') at 2013-10-07 23:00:00+00:00: /home/tsuyoshi/workspace/projects/forex-trainer/data/jpy_9pairs_1d_2003_carry.parquet",,,,,,,,,,,,,,,,,,,,,,,,,,,,,,,,,,
F0,2014,ppo_ens3,blocked_input,"ValueError: Missing expected bar for pairs ('JPY/USD', 'JPY/EUR', 'JPY/GBP', 'JPY/AUD', 'JPY/CHF', 'JPY/CAD', 'JPY/NZD', 'JPY/NOK', 'JPY/SEK') at 2013-10-07 23:00:00+00:00: /home/tsuyoshi/workspace/projects/forex-trainer/data/jpy_9pairs_1d_2003_carry.parquet",,,,,,,,,,,,,,,,,,,,,,,,,,,,,,,,,,
F1,2014,canonical,blocked_input,"ValueError: Missing expected bar for pairs ('JPY/USD', 'JPY/EUR', 'JPY/GBP', 'JPY/AUD', 'JPY/CHF', 'JPY/CAD', 'JPY/NZD', 'JPY/NOK', 'JPY/SEK') at 2013-10-07 23:00:00+00:00: /home/tsuyoshi/workspace/projects/forex-trainer/data/jpy_9pairs_1d_2003_carry.parquet",,,,,,,,,,,,,,,,,,,,,,,,,,,,,,,,,,
F1,2014,ridge,blocked_input,"ValueError: Missing expected bar for pairs ('JPY/USD', 'JPY/EUR', 'JPY/GBP', 'JPY/AUD', 'JPY/CHF', 'JPY/CAD', 'JPY/NZD', 'JPY/NOK', 'JPY/SEK') at 2013-10-07 23:00:00+00:00: /home/tsuyoshi/workspace/projects/forex-trainer/data/jpy_9pairs_1d_2003_carry.parquet",,,,,,,,,,,,,,,,,,,,,,,,,,,,,,,,,,
F1,2014,ppo_ens3,blocked_input,"ValueError: Missing expected bar for pairs ('JPY/USD', 'JPY/EUR', 'JPY/GBP', 'JPY/AUD', 'JPY/CHF', 'JPY/CAD', 'JPY/NZD', 'JPY/NOK', 'JPY/SEK') at 2013-10-07 23:00:00+00:00: /home/tsuyoshi/workspace/projects/forex-trainer/data/jpy_9pairs_1d_2003_carry.parquet",,,,,,,,,,,,,,,,,,,,,,,,,,,,,,,,,,
F2,2014,canonical,blocked_input,"ValueError: Missing expected bar for pairs ('JPY/USD', 'JPY/EUR', 'JPY/GBP', 'JPY/AUD', 'JPY/CHF', 'JPY/CAD', 'JPY/NZD', 'JPY/NOK', 'JPY/SEK') at 2013-10-07 23:00:00+00:00: /home/tsuyoshi/workspace/projects/forex-trainer/data/jpy_9pairs_1d_2003_carry.parquet",,,,,,,,,,,,,,,,,,,,,,,,,,,,,,,,,,
F2,2014,ridge,blocked_input,"ValueError: Missing expected bar for pairs ('JPY/USD', 'JPY/EUR', 'JPY/GBP', 'JPY/AUD', 'JPY/CHF', 'JPY/CAD', 'JPY/NZD', 'JPY/NOK', 'JPY/SEK') at 2013-10-07 23:00:00+00:00: /home/tsuyoshi/workspace/projects/forex-trainer/data/jpy_9pairs_1d_2003_carry.parquet",,,,,,,,,,,,,,,,,,,,,,,,,,,,,,,,,,
F2,2014,ppo_ens3,blocked_input,"ValueError: Missing expected bar for pairs ('JPY/USD', 'JPY/EUR', 'JPY/GBP', 'JPY/AUD', 'JPY/CHF', 'JPY/CAD', 'JPY/NZD', 'JPY/NOK', 'JPY/SEK') at 2013-10-07 23:00:00+00:00: /home/tsuyoshi/workspace/projects/forex-trainer/data/jpy_9pairs_1d_2003_carry.parquet",,,,,,,,,,,,,,,,,,,,,,,,,,,,,,,,,,
F0,2015,canonical,complete,,fold-2015/F0-canonical.json.gz,fold-2015/F0-canonical-pairs.csv.gz,2015-01-01T00:00:00+00:00,2016-01-01T00:00:00+00:00,2015-01-01T00:00:00+00:00,2015-12-31T00:00:00+00:00,2015-12-31T00:00:00+00:00,0.0,86400.0,31449600.0,260.0,0.12071948652261241,0.15687817174903107,0.12877620925824232,0.17048348879250572,1.1283083622688685,0.7519371694535054,0.08286343269635166,0.04005401230388555,3.200244443183337,1.31692309654676,342.4000051021576,False,2015-01-01T00:00:00+00:00,2015-12-31T00:00:00+00:00,0.0417072795342634,163884.3522395148,4478.022333240036,14304.868575867895,0.0,25749.143728017625,386801133.86248946,3.200000047683716,0.0
F0,2015,ridge,complete,,fold-2015/F0-ridge.json.gz,fold-2015/F0-ridge-pairs.csv.gz,2015-01-01T00:00:00+00:00,2016-01-01T00:00:00+00:00,2015-01-01T00:00:00+00:00,2015-12-31T00:00:00+00:00,2015-12-31T00:00:00+00:00,0.0,86400.0,31449600.0,260.0,0.031913660540049765,0.10496141570133678,0.032541515905925814,0.11106816134741923,1.0324283621496633,0.17193181126073856,0.16026202626770691,0.0769488416340689,3.2012536218967234,5.1076923838028545,1328.000019788742,False,2015-01-01T00:00:00+00:00,2015-12-31T00:00:00+00:00,0.07852664544149342,112464.82282906886,-3087.619045336489,52390.34136848452,0.0,24558.50026558438,1400679814.456892,3.200000047683716,0.0
F0,2015,ppo_ens3,complete,,fold-2015/F0-ppo_ens3.json.gz,fold-2015/F0-ppo_ens3-pairs.csv.gz,2015-01-01T00:00:00+00:00,2016-01-01T00:00:00+00:00,2015-01-01T00:00:00+00:00,2015-12-31T00:00:00+00:00,2015-12-31T00:00:00+00:00,0.0,86400.0,31449600.0,260.0,-0.2912574318364263,-0.2613657182506537,-0.2534238285230478,-0.2306915352245833,0.7473232684515781,-1.0096135774242287,0.36954917133058873,0.0274443187831955,2.8193361455925348,0.9298738235382086,241.76719411993423,False,2015-01-01T00:00:00+00:00,2015-12-31T00:00:00+00:00,0.02273229329846449,-238859.8894382332,13627.476673005965,8544.823629544873,0.0,18899.495153650645,223594948.79821628,2.8117569157222393,-2.061787044013838
F1,2015,canonical,complete,,fold-2015/F1-canonical.json.gz,fold-2015/F1-canonical-pairs.csv.gz,2015-01-01T00:00:00+00:00,2016-01-01T00:00:00+00:00,2015-01-01T00:00:00+00:00,2015-12-31T00:00:00+00:00,2015-12-31T00:00:00+00:00,0.0,86400.0,31449600.0,260.0,0.10785685241288834,0.15687817174902854,0.11430093031234695,0.17048348879250277,1.1138882835533488,0.6720152726668441,0.08445028150319311,0.054002187426304436,3.200402705707203,1.31692309654676,342.4000051021576,False,2015-01-01T00:00:00+00:00,2015-12-31T00:00:00+00:00,0.056182558480155825,163435.49442770064,4454.976551954462,28424.46370228293,0.0,25577.723724021496,384320095.5642224,3.200000047683716,0.0
F1,2015,ridge,complete,,fold-2015/F1-ridge.json.gz,fold-2015/F1-ridge-pairs.csv.gz,2015-01-01T00:00:00+00:00,2016-01-01T00:00:00+00:00,2015-01-01T00:00:00+00:00,2015-12-31T00:00:00+00:00,2015-12-31T00:00:00+00:00,0.0,86400.0,31449600.0,260.0,-0.017847518735171264,0.10496141570133605,-0.017749398614993646,0.11106816134741841,0.9823108049332449,-0.09612465889138366,0.18902974833879282,0.12624827452107557,3.2018664873004967,5.1076923838028545,1328.000019788742,False,2015-01-01T00:00:00+00:00,2015-12-31T00:00:00+00:00,0.12881755996241206,111594.04450108542,-3034.965046763337,102274.875572572,0.0,23973.398948503625,1367582696.7187016,3.200000047683716,0.0
F1,2015,ppo_ens3,complete,,fold-2015/F1-ppo_ens3.json.gz,fold-2015/F1-ppo_ens3-pairs.csv.gz,2015-01-01T00:00:00+00:00,2016-01-01T00:00:00+00:00,2015-01-01T00:00:00+00:00,2015-12-31T00:00:00+00:00,2015-12-31T00:00:00+00:00,0.0,86400.0,31449600.0,260.0,-0.3005176642884951,-0.2613657182506509,-0.2603289079272401,-0.23069153522458116,0.7404348247883471,-1.0416993275307416,0.3706791788710794,0.035826994246927306,2.819431650786165,0.9298738235382086,241.76719411993423,False,2015-01-01T00:00:00+00:00,2015-12-31T00:00:00+00:00,0.029637372702658954,-237298.62384367248,13560.442878944954,17016.522257475484,0.0,18810.471989451828,222638472.6866844,2.8117569157222393,-2.061787044013838
F2,2015,canonical,complete,,fold-2015/F2-canonical.json.gz,fold-2015/F2-canonical-pairs.csv.gz,2015-01-01T00:00:00+00:00,2016-01-01T00:00:00+00:00,2015-01-01T00:00:00+00:00,2015-12-31T00:00:00+00:00,2015-12-31T00:00:00+00:00,0.0,86400.0,31449600.0,260.0,0.09741666795503555,0.15687817174903151,0.10268840564833684,0.17048348879250624,1.1023195791911002,0.6063943804896422,0.08674563375520883,0.06503185786557168,3.2005316984811243,1.31692309654676,342.4000051021576,False,2015-01-01T00:00:00+00:00,2015-12-31T00:00:00+00:00,0.0677950831441694,162910.44870036384,4440.98835630836,14140.360099890373,0.0,50891.49776568136,382397074.9287902,3.200000047683716,0.0
F2,2015,ridge,complete,,fold-2015/F2-ridge.json.gz,fold-2015/F2-ridge-pairs.csv.gz,2015-01-01T00:00:00+00:00,2016-01-01T00:00:00+00:00,2015-01-01T00:00:00+00:00,2015-12-31T00:00:00+00:00,2015-12-31T00:00:00+00:00,0.0,86400.0,31449600.0,260.0,0.00859698772965789,0.10496141570133538,0.008663825916638954,0.11106816134741768,1.008634047954642,0.0462865665441693,0.17385911627775952,0.10035214293003719,3.2015411354087533,5.1076923838028545,1328.000019788742,False,2015-01-01T00:00:00+00:00,2015-12-31T00:00:00+00:00,0.10240433543077872,112048.4755805959,-3062.2846959142885,51792.57834967085,0.0,48559.564580366314,1384888369.482134,3.200000047683716,0.0
F2,2015,ppo_ens3,complete,,fold-2015/F2-ppo_ens3.json.gz,fold-2015/F2-ppo_ens3-pairs.csv.gz,2015-01-01T00:00:00+00:00,2016-01-01T00:00:00+00:00,2015-01-01T00:00:00+00:00,2015-12-31T00:00:00+00:00,2015-12-31T00:00:00+00:00,0.0,86400.0,31449600.0,260.0,-0.3118935922229687,-0.261365718250653,-0.26872424122632244,-0.2306915352245828,0.732059420899678,-1.0803853554929017,0.37379898046140414,0.04591309467545789,2.8196043616128597,0.9298738235382086,241.76719411993423,False,2015-01-01T00:00:00+00:00,2015-12-31T00:00:00+00:00,0.038032706001739636,-235520.53852085402,13493.054095989031,8471.886436513738,0.0,37441.208238944164,221687191.645248,2.8117569157222393,-2.061787044013838
F0,2016,canonical,complete,,fold-2016/F0-canonical.json.gz,fold-2016/F0-canonical-pairs.csv.gz,2016-01-01T00:00:00+00:00,2017-01-01T00:00:00+00:00,2016-01-01T00:00:00+00:00,2016-12-30T00:00:00+00:00,2016-12-30T00:00:00+00:00,0.0,172800.0,31449600.0,260.0,-0.003614715608980086,0.029930806125797,-0.0036205586950343307,0.030489148004999623,0.9963918096108472,-0.026706322924032508,0.14498190530234256,0.03366651857552825,3.2010880134951094,1.0892307854615726,283.20000422000885,False,2016-01-01T00:00:00+00:00,2016-12-30T00:00:00+00:00,0.03410970670003395,37933.83585176249,-7875.507665386767,10314.23385894158,0.0,23352.28471658668,291626337.5329463,3.200000047683716,0.0
F0,2016,ridge,complete,,fold-2016/F0-ridge.json.gz,fold-2016/F0-ridge-pairs.csv.gz,2016-01-01T00:00:00+00:00,2017-01-01T00:00:00+00:00,2016-01-01T00:00:00+00:00,2016-12-30T00:00:00+00:00,2016-12-30T00:00:00+00:00,0.0,172800.0,31449600.0,260.0,-0.23811375792463058,-0.16654787040261454,-0.21253114342377347,-0.15390176303287129,0.7881130318912628,-1.8836949418560884,0.23768801366772718,0.06325452762818579,3.204239316162843,5.1261539225394905,1332.8000198602676,False,2016-01-01T00:00:00+00:00,2016-12-30T00:00:00+00:00,0.05862938039090218,-145683.34975522695,-2949.090725325676,42639.943712468696,0.0,20614.583915717118,1180336867.8925085,3.200000047683716,0.0
F0,2016,ppo_ens3,complete,,fold-2016/F0-ppo_ens3.json.gz,fold-2016/F0-ppo_ens3-pairs.csv.gz,2016-01-01T00:00:00+00:00,2017-01-01T00:00:00+00:00,2016-01-01T00:00:00+00:00,2016-12-30T00:00:00+00:00,2016-12-30T00:00:00+00:00,0.0,172800.0,31449600.0,260.0,-0.0010011753716570454,0.01633304332090313,-0.0010041090187205427,0.01652417060637784,0.9989993256371922,-0.005978382947910687,0.14248134706707993,0.01621942441271998,1.5747619929634522,0.6049836737184355,157.29575516679324,False,2016-01-01T00:00:00+00:00,2016-12-30T00:00:00+00:00,0.017528279625098384,12090.370520663837,3128.37952924819,5480.227685639415,0.0,10739.196727080562,146961402.58411407,1.5743610610333165,-0.7775651675808639
F1,2016,canonical,complete,,fold-2016/F1-canonical.json.gz,fold-2016/F1-canonical-pairs.csv.gz,2016-01-01T00:00:00+00:00,2017-01-01T00:00:00+00:00,2016-01-01T00:00:00+00:00,2016-12-30T00:00:00+00:00,2016-12-30T00:00:00+00:00,0.0,172800.0,31449600.0,260.0,-0.013858439924228604,0.029930806125800142,-0.01380978850768811,0.030489148005002874,0.9862371461867417,-0.10237170150078109,0.14568128094294597,0.0437527076151739,3.2012141959286113,1.0892307854615726,283.20000422000885,False,2016-01-01T00:00:00+00:00,2016-12-30T00:00:00+00:00,0.044298936512690984,37806.897270782996,-7817.043468868931,20524.96366865821,0.0,23227.7439465157,290154149.29855776,3.200000047683716,0.0
F1,2016,ridge,complete,,fold-2016/F1-ridge.json.gz,fold-2016/F1-ridge-pairs.csv.gz,2016-01-01T00:00:00+00:00,2017-01-01T00:00:00+00:00,2016-01-01T00:00:00+00:00,2016-12-30T00:00:00+00:00,2016-12-30T00:00:00+00:00,0.0,172800.0,31449600.0,260.0,-0.28638268056009075,-0.16654787040261654,-0.2497630114022844,-0.15390176303287298,0.7509751773503297,-2.265378244857301,0.27206680542214423,0.10348375366940521,3.204834121213441,5.1261539225394905,1332.8000198602676,False,2016-01-01T00:00:00+00:00,2016-12-30T00:00:00+00:00,0.09586124836941143,-142645.72986632554,-2895.3391139395885,83337.8236277976,0.0,20145.93004160766,1153271722.2083488,3.200000047683716,0.0
F1,2016,ppo_ens3,complete,,fold-2016/F1-ppo_ens3.json.gz,fold-2016/F1-ppo_ens3-pairs.csv.gz,2016-01-01T00:00:00+00:00,2017-01-01T00:00:00+00:00,2016-01-01T00:00:00+00:00,2016-12-30T00:00:00+00:00,2016-12-30T00:00:00+00:00,0.0,172800.0,31449600.0,260.0,-0.006867539656741292,0.016333043320900353,-0.006867433897596478,0.01652417060637501,0.993155988003871,-0.0410070792356695,0.14386619167825077,0.021635814740024094,1.574796177759864,0.6049836737184355,157.29575516679324,False,2016-01-01T00:00:00+00:00,2016-12-30T00:00:00+00:00,0.02339160450397149,11677.324589655582,3114.478154240127,10929.010994251637,0.0,10706.803745772459,146543995.81214336,1.5743610610333165,-0.7775651675808639
F2,2016,canonical,complete,,fold-2016/F2-canonical.json.gz,fold-2016/F2-canonical-pairs.csv.gz,2016-01-01T00:00:00+00:00,2017-01-01T00:00:00+00:00,2016-01-01T00:00:00+00:00,2016-12-30T00:00:00+00:00,2016-12-30T00:00:00+00:00,0.0,172800.0,31449600.0,260.0,-0.026922174194819404,0.02993080612579945,-0.026652995450078397,0.03048914800500216,0.9734369970945191,-0.19879301852690326,0.14680236326798568,0.05637195066873859,3.201375320982096,1.0892307854615726,283.20000422000885,False,2016-01-01T00:00:00+00:00,2016-12-30T00:00:00+00:00,0.057142143455080556,37557.105452179894,-7748.157688923093,10202.656828584566,0.0,46169.29384015402,288448529.5031152,3.200000047683716,0.0
F2,2016,ridge,complete,,fold-2016/F2-ridge.json.gz,fold-2016/F2-ridge-pairs.csv.gz,2016-01-01T00:00:00+00:00,2017-01-01T00:00:00+00:00,2016-01-01T00:00:00+00:00,2016-12-30T00:00:00+00:00,2016-12-30T00:00:00+00:00,0.0,172800.0,31449600.0,260.0,-0.26143929028622825,-0.1665478704026159,-0.23074832708469814,-0.15390176303287245,0.7699426170013922,-2.067497069279457,0.2545015384758452,0.08293427098353967,3.2045270412188334,5.1261539225394905,1332.8000198602676,False,2016-01-01T00:00:00+00:00,2016-12-30T00:00:00+00:00,0.07684656405182569,-144200.32658862343,-2922.7854264447355,42163.87240636297,0.0,40770.39857717673,1167066013.3357632,3.200000047683716,0.0
F2,2016,ppo_ens3,complete,,fold-2016/F2-ppo_ens3.json.gz,fold-2016/F2-ppo_ens3-pairs.csv.gz,2016-01-01T00:00:00+00:00,2017-01-01T00:00:00+00:00,2016-01-01T00:00:00+00:00,2016-12-30T00:00:00+00:00,2016-12-30T00:00:00+00:00,0.0,172800.0,31449600.0,260.0,-0.012470467096646745,0.01633304332090202,-0.012435325812068864,0.01652417060637671,0.9876069669643006,-0.07444727445932645,0.1449427851402909,0.026808127251407365,1.5748403568019123,0.6049836737184355,157.29575516679324,False,2016-01-01T00:00:00+00:00,2016-12-30T00:00:00+00:00,0.028959496418445575,11312.736280469751,3102.3579352375136,5450.800697728013,0.0,21357.32655367934,146180042.63027665,1.5743610610333165,-0.7775651675808639
F0,2017,canonical,blocked_input,"ValueError: Missing expected bar for pairs ('JPY/USD', 'JPY/EUR', 'JPY/GBP', 'JPY/AUD', 'JPY/CHF', 'JPY/CAD', 'JPY/NZD', 'JPY/NOK', 'JPY/SEK') at 2017-07-10 23:00:00+00:00: /home/tsuyoshi/workspace/projects/forex-trainer/data/jpy_9pairs_1d_2003_carry.parquet",,,,,,,,,,,,,,,,,,,,,,,,,,,,,,,,,,
F0,2017,ridge,blocked_input,"ValueError: Missing expected bar for pairs ('JPY/USD', 'JPY/EUR', 'JPY/GBP', 'JPY/AUD', 'JPY/CHF', 'JPY/CAD', 'JPY/NZD', 'JPY/NOK', 'JPY/SEK') at 2017-07-10 23:00:00+00:00: /home/tsuyoshi/workspace/projects/forex-trainer/data/jpy_9pairs_1d_2003_carry.parquet",,,,,,,,,,,,,,,,,,,,,,,,,,,,,,,,,,
F0,2017,ppo_ens3,blocked_input,"ValueError: Missing expected bar for pairs ('JPY/USD', 'JPY/EUR', 'JPY/GBP', 'JPY/AUD', 'JPY/CHF', 'JPY/CAD', 'JPY/NZD', 'JPY/NOK', 'JPY/SEK') at 2017-07-10 23:00:00+00:00: /home/tsuyoshi/workspace/projects/forex-trainer/data/jpy_9pairs_1d_2003_carry.parquet",,,,,,,,,,,,,,,,,,,,,,,,,,,,,,,,,,
F1,2017,canonical,blocked_input,"ValueError: Missing expected bar for pairs ('JPY/USD', 'JPY/EUR', 'JPY/GBP', 'JPY/AUD', 'JPY/CHF', 'JPY/CAD', 'JPY/NZD', 'JPY/NOK', 'JPY/SEK') at 2017-07-10 23:00:00+00:00: /home/tsuyoshi/workspace/projects/forex-trainer/data/jpy_9pairs_1d_2003_carry.parquet",,,,,,,,,,,,,,,,,,,,,,,,,,,,,,,,,,
F1,2017,ridge,blocked_input,"ValueError: Missing expected bar for pairs ('JPY/USD', 'JPY/EUR', 'JPY/GBP', 'JPY/AUD', 'JPY/CHF', 'JPY/CAD', 'JPY/NZD', 'JPY/NOK', 'JPY/SEK') at 2017-07-10 23:00:00+00:00: /home/tsuyoshi/workspace/projects/forex-trainer/data/jpy_9pairs_1d_2003_carry.parquet",,,,,,,,,,,,,,,,,,,,,,,,,,,,,,,,,,
F1,2017,ppo_ens3,blocked_input,"ValueError: Missing expected bar for pairs ('JPY/USD', 'JPY/EUR', 'JPY/GBP', 'JPY/AUD', 'JPY/CHF', 'JPY/CAD', 'JPY/NZD', 'JPY/NOK', 'JPY/SEK') at 2017-07-10 23:00:00+00:00: /home/tsuyoshi/workspace/projects/forex-trainer/data/jpy_9pairs_1d_2003_carry.parquet",,,,,,,,,,,,,,,,,,,,,,,,,,,,,,,,,,
F2,2017,canonical,blocked_input,"ValueError: Missing expected bar for pairs ('JPY/USD', 'JPY/EUR', 'JPY/GBP', 'JPY/AUD', 'JPY/CHF', 'JPY/CAD', 'JPY/NZD', 'JPY/NOK', 'JPY/SEK') at 2017-07-10 23:00:00+00:00: /home/tsuyoshi/workspace/projects/forex-trainer/data/jpy_9pairs_1d_2003_carry.parquet",,,,,,,,,,,,,,,,,,,,,,,,,,,,,,,,,,
F2,2017,ridge,blocked_input,"ValueError: Missing expected bar for pairs ('JPY/USD', 'JPY/EUR', 'JPY/GBP', 'JPY/AUD', 'JPY/CHF', 'JPY/CAD', 'JPY/NZD', 'JPY/NOK', 'JPY/SEK') at 2017-07-10 23:00:00+00:00: /home/tsuyoshi/workspace/projects/forex-trainer/data/jpy_9pairs_1d_2003_carry.parquet",,,,,,,,,,,,,,,,,,,,,,,,,,,,,,,,,,
F2,2017,ppo_ens3,blocked_input,"ValueError: Missing expected bar for pairs ('JPY/USD', 'JPY/EUR', 'JPY/GBP', 'JPY/AUD', 'JPY/CHF', 'JPY/CAD', 'JPY/NZD', 'JPY/NOK', 'JPY/SEK') at 2017-07-10 23:00:00+00:00: /home/tsuyoshi/workspace/projects/forex-trainer/data/jpy_9pairs_1d_2003_carry.parquet",,,,,,,,,,,,,,,,,,,,,,,,,,,,,,,,,,
F0,2018,canonical,blocked_input,"ValueError: Missing expected bar for pairs ('JPY/USD', 'JPY/EUR', 'JPY/GBP', 'JPY/AUD', 'JPY/CHF', 'JPY/CAD', 'JPY/NZD', 'JPY/NOK', 'JPY/SEK') at 2017-11-16 00:00:00+00:00: /home/tsuyoshi/workspace/projects/forex-trainer/data/jpy_9pairs_1d_2003_carry.parquet",,,,,,,,,,,,,,,,,,,,,,,,,,,,,,,,,,
F0,2018,ridge,blocked_input,"ValueError: Missing expected bar for pairs ('JPY/USD', 'JPY/EUR', 'JPY/GBP', 'JPY/AUD', 'JPY/CHF', 'JPY/CAD', 'JPY/NZD', 'JPY/NOK', 'JPY/SEK') at 2017-11-16 00:00:00+00:00: /home/tsuyoshi/workspace/projects/forex-trainer/data/jpy_9pairs_1d_2003_carry.parquet",,,,,,,,,,,,,,,,,,,,,,,,,,,,,,,,,,
F0,2018,ppo_ens3,blocked_input,"ValueError: Missing expected bar for pairs ('JPY/USD', 'JPY/EUR', 'JPY/GBP', 'JPY/AUD', 'JPY/CHF', 'JPY/CAD', 'JPY/NZD', 'JPY/NOK', 'JPY/SEK') at 2017-11-16 00:00:00+00:00: /home/tsuyoshi/workspace/projects/forex-trainer/data/jpy_9pairs_1d_2003_carry.parquet",,,,,,,,,,,,,,,,,,,,,,,,,,,,,,,,,,
F1,2018,canonical,blocked_input,"ValueError: Missing expected bar for pairs ('JPY/USD', 'JPY/EUR', 'JPY/GBP', 'JPY/AUD', 'JPY/CHF', 'JPY/CAD', 'JPY/NZD', 'JPY/NOK', 'JPY/SEK') at 2017-11-16 00:00:00+00:00: /home/tsuyoshi/workspace/projects/forex-trainer/data/jpy_9pairs_1d_2003_carry.parquet",,,,,,,,,,,,,,,,,,,,,,,,,,,,,,,,,,
F1,2018,ridge,blocked_input,"ValueError: Missing expected bar for pairs ('JPY/USD', 'JPY/EUR', 'JPY/GBP', 'JPY/AUD', 'JPY/CHF', 'JPY/CAD', 'JPY/NZD', 'JPY/NOK', 'JPY/SEK') at 2017-11-16 00:00:00+00:00: /home/tsuyoshi/workspace/projects/forex-trainer/data/jpy_9pairs_1d_2003_carry.parquet",,,,,,,,,,,,,,,,,,,,,,,,,,,,,,,,,,
F1,2018,ppo_ens3,blocked_input,"ValueError: Missing expected bar for pairs ('JPY/USD', 'JPY/EUR', 'JPY/GBP', 'JPY/AUD', 'JPY/CHF', 'JPY/CAD', 'JPY/NZD', 'JPY/NOK', 'JPY/SEK') at 2017-11-16 00:00:00+00:00: /home/tsuyoshi/workspace/projects/forex-trainer/data/jpy_9pairs_1d_2003_carry.parquet",,,,,,,,,,,,,,,,,,,,,,,,,,,,,,,,,,
F2,2018,canonical,blocked_input,"ValueError: Missing expected bar for pairs ('JPY/USD', 'JPY/EUR', 'JPY/GBP', 'JPY/AUD', 'JPY/CHF', 'JPY/CAD', 'JPY/NZD', 'JPY/NOK', 'JPY/SEK') at 2017-11-16 00:00:00+00:00: /home/tsuyoshi/workspace/projects/forex-trainer/data/jpy_9pairs_1d_2003_carry.parquet",,,,,,,,,,,,,,,,,,,,,,,,,,,,,,,,,,
F2,2018,ridge,blocked_input,"ValueError: Missing expected bar for pairs ('JPY/USD', 'JPY/EUR', 'JPY/GBP', 'JPY/AUD', 'JPY/CHF', 'JPY/CAD', 'JPY/NZD', 'JPY/NOK', 'JPY/SEK') at 2017-11-16 00:00:00+00:00: /home/tsuyoshi/workspace/projects/forex-trainer/data/jpy_9pairs_1d_2003_carry.parquet",,,,,,,,,,,,,,,,,,,,,,,,,,,,,,,,,,
F2,2018,ppo_ens3,blocked_input,"ValueError: Missing expected bar for pairs ('JPY/USD', 'JPY/EUR', 'JPY/GBP', 'JPY/AUD', 'JPY/CHF', 'JPY/CAD', 'JPY/NZD', 'JPY/NOK', 'JPY/SEK') at 2017-11-16 00:00:00+00:00: /home/tsuyoshi/workspace/projects/forex-trainer/data/jpy_9pairs_1d_2003_carry.parquet",,,,,,,,,,,,,,,,,,,,,,,,,,,,,,,,,,
F0,2019,canonical,blocked_input,"ValueError: Missing expected bar for pairs ('JPY/USD', 'JPY/EUR', 'JPY/GBP', 'JPY/AUD', 'JPY/CHF', 'JPY/CAD', 'JPY/NZD', 'JPY/NOK', 'JPY/SEK') at 2019-05-21 23:00:00+00:00: /home/tsuyoshi/workspace/projects/forex-trainer/data/jpy_9pairs_1d_2003_carry.parquet",,,,,,,,,,,,,,,,,,,,,,,,,,,,,,,,,,
F0,2019,ridge,blocked_input,"ValueError: Missing expected bar for pairs ('JPY/USD', 'JPY/EUR', 'JPY/GBP', 'JPY/AUD', 'JPY/CHF', 'JPY/CAD', 'JPY/NZD', 'JPY/NOK', 'JPY/SEK') at 2019-05-21 23:00:00+00:00: /home/tsuyoshi/workspace/projects/forex-trainer/data/jpy_9pairs_1d_2003_carry.parquet",,,,,,,,,,,,,,,,,,,,,,,,,,,,,,,,,,
F0,2019,ppo_ens3,blocked_input,"ValueError: Missing expected bar for pairs ('JPY/USD', 'JPY/EUR', 'JPY/GBP', 'JPY/AUD', 'JPY/CHF', 'JPY/CAD', 'JPY/NZD', 'JPY/NOK', 'JPY/SEK') at 2019-05-21 23:00:00+00:00: /home/tsuyoshi/workspace/projects/forex-trainer/data/jpy_9pairs_1d_2003_carry.parquet",,,,,,,,,,,,,,,,,,,,,,,,,,,,,,,,,,
F1,2019,canonical,blocked_input,"ValueError: Missing expected bar for pairs ('JPY/USD', 'JPY/EUR', 'JPY/GBP', 'JPY/AUD', 'JPY/CHF', 'JPY/CAD', 'JPY/NZD', 'JPY/NOK', 'JPY/SEK') at 2019-05-21 23:00:00+00:00: /home/tsuyoshi/workspace/projects/forex-trainer/data/jpy_9pairs_1d_2003_carry.parquet",,,,,,,,,,,,,,,,,,,,,,,,,,,,,,,,,,
F1,2019,ridge,blocked_input,"ValueError: Missing expected bar for pairs ('JPY/USD', 'JPY/EUR', 'JPY/GBP', 'JPY/AUD', 'JPY/CHF', 'JPY/CAD', 'JPY/NZD', 'JPY/NOK', 'JPY/SEK') at 2019-05-21 23:00:00+00:00: /home/tsuyoshi/workspace/projects/forex-trainer/data/jpy_9pairs_1d_2003_carry.parquet",,,,,,,,,,,,,,,,,,,,,,,,,,,,,,,,,,
F1,2019,ppo_ens3,blocked_input,"ValueError: Missing expected bar for pairs ('JPY/USD', 'JPY/EUR', 'JPY/GBP', 'JPY/AUD', 'JPY/CHF', 'JPY/CAD', 'JPY/NZD', 'JPY/NOK', 'JPY/SEK') at 2019-05-21 23:00:00+00:00: /home/tsuyoshi/workspace/projects/forex-trainer/data/jpy_9pairs_1d_2003_carry.parquet",,,,,,,,,,,,,,,,,,,,,,,,,,,,,,,,,,
F2,2019,canonical,blocked_input,"ValueError: Missing expected bar for pairs ('JPY/USD', 'JPY/EUR', 'JPY/GBP', 'JPY/AUD', 'JPY/CHF', 'JPY/CAD', 'JPY/NZD', 'JPY/NOK', 'JPY/SEK') at 2019-05-21 23:00:00+00:00: /home/tsuyoshi/workspace/projects/forex-trainer/data/jpy_9pairs_1d_2003_carry.parquet",,,,,,,,,,,,,,,,,,,,,,,,,,,,,,,,,,
F2,2019,ridge,blocked_input,"ValueError: Missing expected bar for pairs ('JPY/USD', 'JPY/EUR', 'JPY/GBP', 'JPY/AUD', 'JPY/CHF', 'JPY/CAD', 'JPY/NZD', 'JPY/NOK', 'JPY/SEK') at 2019-05-21 23:00:00+00:00: /home/tsuyoshi/workspace/projects/forex-trainer/data/jpy_9pairs_1d_2003_carry.parquet",,,,,,,,,,,,,,,,,,,,,,,,,,,,,,,,,,
F2,2019,ppo_ens3,blocked_input,"ValueError: Missing expected bar for pairs ('JPY/USD', 'JPY/EUR', 'JPY/GBP', 'JPY/AUD', 'JPY/CHF', 'JPY/CAD', 'JPY/NZD', 'JPY/NOK', 'JPY/SEK') at 2019-05-21 23:00:00+00:00: /home/tsuyoshi/workspace/projects/forex-trainer/data/jpy_9pairs_1d_2003_carry.parquet",,,,,,,,,,,,,,,,,,,,,,,,,,,,,,,,,,
F0,2020,canonical,complete,,fold-2020/F0-canonical.json.gz,fold-2020/F0-canonical-pairs.csv.gz,2020-01-01T00:00:00+00:00,2021-01-01T00:00:00+00:00,2020-01-01T00:00:00+00:00,2020-12-31T00:00:00+00:00,2020-12-31T00:00:00+00:00,0.0,86400.0,31536000.0,261.0,-0.03204571587821946,0.002511411809689612,-0.031558949700275354,0.0025162925179586433,0.968462306962282,-0.18028157275463766,0.2222466725205524,0.03248988317518447,3.200703178031897,1.0973180240141478,286.40000426769257,False,2020-01-01T00:00:00+00:00,2020-12-31T00:00:00+00:00,0.034075242218234,-448.70321177172946,1400.8933492378678,10527.077762409173,0.0,21962.805412775288,275290396.82910883,3.200000047683716,0.0
F0,2020,ridge,complete,,fold-2020/F0-ridge.json.gz,fold-2020/F0-ridge-pairs.csv.gz,2020-01-01T00:00:00+00:00,2021-01-01T00:00:00+00:00,2020-01-01T00:00:00+00:00,2020-12-31T00:00:00+00:00,2020-12-31T00:00:00+00:00,0.0,86400.0,31536000.0,261.0,-0.08463756121938844,-0.01823673987297896,-0.08120801556202836,-0.018083721910971885,0.9188452492098279,-0.5588791417609859,0.17328360678842358,0.06433870276480455,3.2013517486121503,4.462835315543573,1164.8000173568726,False,2020-01-01T00:00:00+00:00,2020-12-31T00:00:00+00:00,0.06312429365105648,-16487.646432395064,-328.40159297432416,41705.975678615156,0.0,22632.727086189367,1131834542.2731879,3.200000047683716,0.0
F0,2020,ppo_ens3,complete,,fold-2020/F0-ppo_ens3.json.gz,fold-2020/F0-ppo_ens3-pairs.csv.gz,2020-01-01T00:00:00+00:00,2021-01-01T00:00:00+00:00,2020-01-01T00:00:00+00:00,2020-12-31T00:00:00+00:00,2020-12-31T00:00:00+00:00,0.0,86400.0,31536000.0,261.0,-0.1457170923832726,-0.12462349239926496,-0.13568405385271964,-0.11724612187834611,0.8644022145663609,-1.0674153090910024,0.1781014546259504,0.020251564983931606,1.8559079170509674,0.7460976179320743,194.7314782802714,False,2020-01-01T00:00:00+00:00,2020-12-31T00:00:00+00:00,0.01843793197437353,-113878.75904379204,-1467.4614059167648,7062.9280788723,0.0,13188.636905059302,186939959.60785544,1.8549156302024863,0.5790759700841549
F1,2020,canonical,complete,,fold-2020/F1-canonical.json.gz,fold-2020/F1-canonical-pairs.csv.gz,2020-01-01T00:00:00+00:00,2021-01-01T00:00:00+00:00,2020-01-01T00:00:00+00:00,2020-12-31T00:00:00+00:00,2020-12-31T00:00:00+00:00,0.0,86400.0,31536000.0,261.0,-0.04322849966369473,0.002511411809688044,-0.04233582283645617,0.00251629251795707,0.9576925326419276,-0.24330862845569382,0.22313421286056367,0.042792006778041944,3.2008401136849436,1.0973180240141478,286.40000426769257,False,2020-01-01T00:00:00+00:00,2020-12-31T00:00:00+00:00,0.04485211535441324,-920.9171290946792,1405.4565490667192,20938.45924165996,0.0,21853.54753638199,273810516.86350083,3.200000047683716,0.0
F1,2020,ridge,complete,,fold-2020/F1-ridge.json.gz,fold-2020/F1-ridge-pairs.csv.gz,2020-01-01T00:00:00+00:00,2021-01-01T00:00:00+00:00,2020-01-01T00:00:00+00:00,2020-12-31T00:00:00+00:00,2020-12-31T00:00:00+00:00,0.0,86400.0,31536000.0,261.0,-0.1276948604916317,-0.018236739872982615,-0.119955075922515,-0.01808372191097548,0.8801218981379849,-0.8429029663287125,0.17941946945352583,0.10384621136234762,3.2018800706772605,4.462835315543573,1164.8000173568726,False,2020-01-01T00:00:00+00:00,2020-12-31T00:00:00+00:00,0.10187135401153952,-15712.459542383016,-319.4309572834549,81668.19333372162,0.0,22178.01802862603,1108295157.9041054,3.200000047683716,0.0
F1,2020,ppo_ens3,complete,,fold-2020/F1-ppo_ens3.json.gz,fold-2020/F1-ppo_ens3-pairs.csv.gz,2020-01-01T00:00:00+00:00,2021-01-01T00:00:00+00:00,2020-01-01T00:00:00+00:00,2020-12-31T00:00:00+00:00,2020-12-31T00:00:00+00:00,0.0,86400.0,31536000.0,261.0,-0.15307823988679,-0.12462349239926765,-0.14202737705804197,-0.11724612187834849,0.8580625844655511,-1.121175499371017,0.1836420127318038,0.027216679388829972,1.8559614460912834,0.7460976179320743,194.7314782802714,False,2020-01-01T00:00:00+00:00,2020-12-31T00:00:00+00:00,0.024781255179693484,-113259.55761038986,-1461.1785352289237,14075.915321647164,0.0,13140.76406718281,186279610.83445925,1.8549156302024863,0.5790759700841549
F2,2020,canonical,complete,,fold-2020/F2-canonical.json.gz,fold-2020/F2-canonical-pairs.csv.gz,2020-01-01T00:00:00+00:00,2021-01-01T00:00:00+00:00,2020-01-01T00:00:00+00:00,2020-12-31T00:00:00+00:00,2020-12-31T00:00:00+00:00,0.0,86400.0,31536000.0,261.0,-0.05542615336092967,0.0025114118096917215,-0.053954029478818964,0.002516292517960759,0.946081886058422,-0.31164583123544576,0.22523395427400117,0.05381679553685872,3.2009902765987617,1.0973180240141478,286.40000426769257,False,2020-01-01T00:00:00+00:00,2020-12-31T00:00:00+00:00,0.056470321996779725,-1509.6276613535451,1408.3092566342955,10394.66051008392,0.0,43422.13502677481,271894198.8204874,3.200000047683716,0.0
F2,2020,ridge,complete,,fold-2020/F2-ridge.json.gz,fold-2020/F2-ridge-pairs.csv.gz,2020-01-01T00:00:00+00:00,2021-01-01T00:00:00+00:00,2020-01-01T00:00:00+00:00,2020-12-31T00:00:00+00:00,2020-12-31T00:00:00+00:00,0.0,86400.0,31536000.0,261.0,-0.10800573460461488,-0.01823673987297938,-0.10244395163260636,-0.0180837219109723,0.8976224489058369,-0.7132334492199373,0.17662416426384642,0.08595241650428413,3.201638516216208,4.462835315543573,1164.8000173568726,False,2020-01-01T00:00:00+00:00,2020-12-31T00:00:00+00:00,0.08436022972163407,-16101.727780107754,-323.4068097730038,41207.11309841746,0.0,44745.30340586668,1118366709.0420637,3.200000047683716,0.0
F2,2020,ppo_ens3,complete,,fold-2020/F2-ppo_ens3.json.gz,fold-2020/F2-ppo_ens3-pairs.csv.gz,2020-01-01T00:00:00+00:00,2021-01-01T00:00:00+00:00,2020-01-01T00:00:00+00:00,2020-12-31T00:00:00+00:00,2020-12-31T00:00:00+00:00,0.0,86400.0,31536000.0,261.0,-0.15945178852919684,-0.12462349239926539,-0.14748203956119496,-0.1172461218783465,0.8526110720393644,-1.1683129796188474,0.18835889666659134,0.033220135019197315,1.856017804959695,0.7460976179320743,194.7314782802714,False,2020-01-01T00:00:00+00:00,2020-12-31T00:00:00+00:00,0.03023591768284846,-112713.31517078908,-1455.4777706492596,7017.360437574552,0.0,26202.774581622776,185735245.13737452,1.8549156302024863,0.5790759700841549
F0,2021,canonical,complete,,fold-2021/F0-canonical.json.gz,fold-2021/F0-canonical-pairs.csv.gz,2021-01-01T00:00:00+00:00,2022-01-01T00:00:00+00:00,2021-01-01T00:00:00+00:00,2021-12-31T00:00:00+00:00,2021-12-31T00:00:00+00:00,0.0,86400.0,31449600.0,260.0,0.08851410146805137,0.125361904102466,0.09288180449007537,0.1340467215823905,1.0925496590559631,0.8494067041059075,0.0680476446781757,0.0385973731075251,3.1981876333173687,1.3600000202655793,353.6000052690506,False,2021-01-01T00:00:00+00:00,2021-12-31T00:00:00+00:00,0.04116491709231514,131917.00721425534,-769.9750507665938,14192.958920936402,0.0,24404.41418658869,374377056.3609877,3.200000047683716,0.0
F0,2021,ridge,complete,,fold-2021/F0-ridge.json.gz,fold-2021/F0-ridge-pairs.csv.gz,2021-01-01T00:00:00+00:00,2022-01-01T00:00:00+00:00,2021-01-01T00:00:00+00:00,2021-12-31T00:00:00+00:00,2021-12-31T00:00:00+00:00,0.0,86400.0,31449600.0,260.0,-0.03872874358186732,0.03071376322617512,-0.03811631062427601,0.03129906561610942,0.9620116255848952,-0.4442522400525086,0.17396336347055896,0.06740091485079582,3.200292147659076,4.7630769940523,1238.400018453598,False,2021-01-01T00:00:00+00:00,2021-12-31T00:00:00+00:00,0.06941537624038543,30314.69367145942,-902.1532357696076,44806.00797697282,0.0,22594.906873822998,1203061119.2912908,3.200000047683716,0.0
F0,2021,ppo_ens3,complete,,fold-2021/F0-ppo_ens3.json.gz,fold-2021/F0-ppo_ens3-pairs.csv.gz,2021-01-01T00:00:00+00:00,2022-01-01T00:00:00+00:00,2021-01-01T00:00:00+00:00,2021-12-31T00:00:00+00:00,2021-12-31T00:00:00+00:00,0.0,86400.0,31449600.0,260.0,-0.08925425762059991,-0.06730785572859267,-0.0856672938200482,-0.06530872870141036,0.914612996684175,-0.8170705738977126,0.16110412748018954,0.02107969817589216,1.8455237187392488,0.8703400102724957,226.28840267084888,False,2021-01-01T00:00:00+00:00,2021-12-31T00:00:00+00:00,0.020358565118637845,-62790.57301601428,-1516.7321239190042,8338.276176857486,0.0,12741.421999034672,217862103.61251134,1.8449874610891408,0.3507324962819089
F1,2021,canonical,complete,,fold-2021/F1-canonical.json.gz,fold-2021/F1-canonical-pairs.csv.gz,2021-01-01T00:00:00+00:00,2022-01-01T00:00:00+00:00,2021-01-01T00:00:00+00:00,2021-12-31T00:00:00+00:00,2021-12-31T00:00:00+00:00,0.0,86400.0,31449600.0,260.0,0.07495841834420738,0.1253619041024674,0.07811681626183183,0.13404672158239206,1.0778393316087211,0.7191205751896317,0.06842609858507975,0.05241955057473353,3.198354480512164,1.3600000202655793,353.6000052690506,False,2021-01-01T00:00:00+00:00,2021-12-31T00:00:00+00:00,0.05592990532056023,131035.80904597827,-776.9268625240171,28193.672807688818,0.0,24225.87776704471,371839089.8743934,3.200000047683716,0.0
F1,2021,ridge,complete,,fold-2021/F1-ridge.json.gz,fold-2021/F1-ridge-pairs.csv.gz,2021-01-01T00:00:00+00:00,2022-01-01T00:00:00+00:00,2021-01-01T00:00:00+00:00,2021-12-31T00:00:00+00:00,2021-12-31T00:00:00+00:00,0.0,86400.0,31449600.0,260.0,-0.08489405473726727,0.030713763226176024,-0.08165816327885259,0.03129906561611036,0.9186096015818079,-0.9735282984921024,0.19237492854464244,0.10973715676141126,3.20086041842516,4.7630769940523,1238.400018453598,False,2021-01-01T00:00:00+00:00,2021-12-31T00:00:00+00:00,0.11295722889496294,29233.164188946113,-886.4058457276856,87645.45226504629,0.0,22091.704496364957,1176617091.6467361,3.200000047683716,0.0
F1,2021,ppo_ens3,complete,,fold-2021/F1-ppo_ens3.json.gz,fold-2021/F1-ppo_ens3-pairs.csv.gz,2021-01-01T00:00:00+00:00,2022-01-01T00:00:00+00:00,2021-01-01T00:00:00+00:00,2021-12-31T00:00:00+00:00,2021-12-31T00:00:00+00:00,0.0,86400.0,31449600.0,260.0,-0.09790488835336375,-0.06730785572859156,-0.09356966312446788,-0.06530872870140932,0.9067351407250838,-0.8963970788489755,0.16150036032512893,0.02928823516855843,1.8455834909511335,0.8703400102724957,226.28840267084888,False,2021-01-01T00:00:00+00:00,2021-12-31T00:00:00+00:00,0.028260934423058562,-62466.161825257426,-1510.4622811022255,16605.607658468474,0.0,12682.627510089957,216934063.29718465,1.8449874610891408,0.3507324962819089
F2,2021,canonical,complete,,fold-2021/F2-canonical.json.gz,fold-2021/F2-canonical-pairs.csv.gz,2021-01-01T00:00:00+00:00,2022-01-01T00:00:00+00:00,2021-01-01T00:00:00+00:00,2021-12-31T00:00:00+00:00,2021-12-31T00:00:00+00:00,0.0,86400.0,31449600.0,260.0,0.06521510162945343,0.1253619041024679,0.06762766832295058,0.13404672158239264,1.0673885967190302,0.6252535161147181,0.06919080512962528,0.06227739942053785,3.1984744093059634,1.3600000202655793,353.6000052690506,False,2021-01-01T00:00:00+00:00,2021-12-31T00:00:00+00:00,0.06641905325944206,130448.08065120107,-782.0845116304214,14039.221954374383,0.0,48238.17746616346,370330594.4836298,3.200000047683716,0.0
F2,2021,ridge,complete,,fold-2021/F2-ridge.json.gz,fold-2021/F2-ridge-pairs.csv.gz,2021-01-01T00:00:00+00:00,2022-01-01T00:00:00+00:00,2021-01-01T00:00:00+00:00,2021-12-31T00:00:00+00:00,2021-12-31T00:00:00+00:00,0.0,86400.0,31449600.0,260.0,-0.06203238690471336,0.030713763226171392,-0.06034774176638284,0.03129906561610556,0.9398524473865161,-0.7114268009989276,0.18291941846380078,0.08899499626209914,3.20057905203696,4.7630769940523,1238.400018453598,False,2021-01-01T00:00:00+00:00,2021-12-31T00:00:00+00:00,0.0916468073824884,29741.728253090492,-894.2846044746992,44311.01464765871,0.0,44683.98161444039,1189749905.9808843,3.200000047683716,0.0
F2,2021,ppo_ens3,complete,,fold-2021/F2-ppo_ens3.json.gz,fold-2021/F2-ppo_ens3-pairs.csv.gz,2021-01-01T00:00:00+00:00,2022-01-01T00:00:00+00:00,2021-01-01T00:00:00+00:00,2021-12-31T00:00:00+00:00,2021-12-31T00:00:00+00:00,0.0,86400.0,31449600.0,260.0,-0.1025522743578069,-0.06730785572859235,-0.09778682022491929,-0.06530872870141005,0.9025309692929511,-0.9385570332212353,0.16229587610807095,0.0336052958542103,1.8456252926489425,0.8703400102724957,226.28840267084888,False,2021-01-01T00:00:00+00:00,2021-12-31T00:00:00+00:00,0.03247809152350924,-62356.2542987458,-1507.4805540936925,8288.429916945719,0.0,25316.86593726457,216558369.3696178,1.8449874610891408,0.3507324962819089
F0,2022,canonical,complete,,fold-2022/F0-canonical.json.gz,fold-2022/F0-canonical-pairs.csv.gz,2022-01-01T00:00:00+00:00,2023-01-01T00:00:00+00:00,2022-01-03T00:00:00+00:00,2022-12-30T00:00:00+00:00,2022-12-30T00:00:00+00:00,172800.0,172800.0,31190400.0,259.0,0.05297782364916123,0.08728149354989484,0.05506410043565377,0.09232564847936418,1.054406261976889,0.3320163938613681,0.11630987421392003,0.035032774041030335,3.1988852402115318,1.149034766156701,297.60000443458557,False,2022-01-03T00:00:00+00:00,2022-12-30T00:00:00+00:00,0.037261548043710416,86743.2574102543,2695.7786076660245,11433.764197265938,0.0,23599.009843764423,311150087.2697907,3.200000047683716,0.0
F0,2022,ridge,complete,,fold-2022/F0-ridge.json.gz,fold-2022/F0-ridge-pairs.csv.gz,2022-01-01T00:00:00+00:00,2023-01-01T00:00:00+00:00,2022-01-03T00:00:00+00:00,2022-12-30T00:00:00+00:00,2022-12-30T00:00:00+00:00,172800.0,172800.0,31190400.0,259.0,-0.09405362117564621,-0.02465450116309062,-0.09077337245664395,-0.024636205473223465,0.9102339531174981,-0.7606975564299732,0.16418630755590857,0.06544009884580483,3.2002618983108944,4.756756827637956,1232.0000183582306,False,2022-01-03T00:00:00+00:00,2022-12-30T00:00:00+00:00,0.06613716698342048,-24790.305785731714,464.3577490351032,43664.22213230959,0.0,21775.87671349523,1162773784.5487435,3.200000047683716,0.0
F0,2022,ppo_ens3,complete,,fold-2022/F0-ppo_ens3.json.gz,fold-2022/F0-ppo_ens3-pairs.csv.gz,2022-01-01T00:00:00+00:00,2023-01-01T00:00:00+00:00,2022-01-03T00:00:00+00:00,2022-12-30T00:00:00+00:00,2022-12-30T00:00:00+00:00,172800.0,172800.0,31190400.0,259.0,0.06697084880745442,0.09087993616374826,0.07010768840436833,0.09630984329582684,1.0692643073905628,0.29326537269466074,0.22048347180202665,0.025041002450990942,2.1629327638987395,0.8565564916377792,221.8481313341848,False,2022-01-03T00:00:00+00:00,2022-12-30T00:00:00+00:00,0.02620215489145851,92949.64480987709,1355.6650316776097,8696.224426289966,0.0,16344.77802470098,231076599.34066653,2.1622725037807773,-0.030689312757353093
F1,2022,canonical,complete,,fold-2022/F1-canonical.json.gz,fold-2022/F1-canonical-pairs.csv.gz,2022-01-01T00:00:00+00:00,2023-01-01T00:00:00+00:00,2022-01-03T00:00:00+00:00,2022-12-30T00:00:00+00:00,2022-12-30T00:00:00+00:00,172800.0,172800.0,31190400.0,259.0,0.04178551832088364,0.08728149354989799,0.04318387319477547,0.09232564847936768,1.0426708209779227,0.2618140492443851,0.11837670523517685,0.046197690973499156,3.199023630370118,1.149034766156701,297.60000443458557,False,2022-01-03T00:00:00+00:00,2022-12-30T00:00:00+00:00,0.04914177528459221,86196.73377298999,2671.778178430039,22740.648831790815,0.0,23457.042141708353,309411849.6900087,3.200000047683716,0.0
F1,2022,ridge,complete,,fold-2022/F1-ridge.json.gz,fold-2022/F1-ridge-pairs.csv.gz,2022-01-01T00:00:00+00:00,2023-01-01T00:00:00+00:00,2022-01-03T00:00:00+00:00,2022-12-30T00:00:00+00:00,2022-12-30T00:00:00+00:00,172800.0,172800.0,31190400.0,259.0,-0.1403566700744734,-0.024654501163091078,-0.13238661154071277,-0.02463620547322392,0.8690482166227393,-1.1340226352822744,0.19024566712439206,0.10667259540171722,3.2008343153634202,4.756756827637956,1232.0000183582306,False,2022-01-03T00:00:00+00:00,2022-12-30T00:00:00+00:00,0.10775040606748884,-24739.21990586652,460.0319303219818,85392.87792330144,0.0,21279.717478415736,1136466982.2259288,3.200000047683716,0.0
F1,2022,ppo_ens3,complete,,fold-2022/F1-ppo_ens3.json.gz,fold-2022/F1-ppo_ens3-pairs.csv.gz,2022-01-01T00:00:00+00:00,2023-01-01T00:00:00+00:00,2022-01-03T00:00:00+00:00,2022-12-30T00:00:00+00:00,2022-12-30T00:00:00+00:00,172800.0,172800.0,31190400.0,259.0,0.05863442931428671,0.09087993616374766,0.061119755685150316,0.09630984329582618,1.0603875232814004,0.2567384976580402,0.22085059047352817,0.033590496573154126,2.16300203723295,0.8565564916377792,221.8481313341848,False,2022-01-03T00:00:00+00:00,2022-12-30T00:00:00+00:00,0.03519008761067586,92634.88097742625,1343.138877128933,17319.791814085005,0.0,16270.704759069133,230112376.73139262,2.1622725037807773,-0.030689312757353093
F2,2022,canonical,complete,,fold-2022/F2-canonical.json.gz,fold-2022/F2-canonical-pairs.csv.gz,2022-01-01T00:00:00+00:00,2023-01-01T00:00:00+00:00,2022-01-03T00:00:00+00:00,2022-12-30T00:00:00+00:00,2022-12-30T00:00:00+00:00,172800.0,172800.0,31190400.0,259.0,0.0298604435707695,0.08728149354989366,0.03067299923808534,0.09232564847936288,1.0303107374323737,0.18700885125186817,0.12111716806317774,0.05796608735863259,3.1991710382020324,1.149034766156701,297.60000443458557,False,2022-01-03T00:00:00+00:00,2022-12-30T00:00:00+00:00,0.06165264924127754,85628.1764345028,2648.648356504107,11312.18407037491,0.0,46653.903288257694,307815725.49845576,3.200000047683716,0.0
F2,2022,ridge,complete,,fold-2022/F2-ridge.json.gz,fold-2022/F2-ridge-pairs.csv.gz,2022-01-01T00:00:00+00:00,2023-01-01T00:00:00+00:00,2022-01-03T00:00:00+00:00,2022-12-30T00:00:00+00:00,2022-12-30T00:00:00+00:00,172800.0,172800.0,31190400.0,259.0,-0.11717705772575865,-0.02465450116309415,-0.11179842779485494,-0.024636205473226952,0.8894276991754158,-0.9471847871602221,0.17710116419546107,0.08625218726792708,3.20054777379107,4.756756827637956,1232.0000183582306,False,2022-01-03T00:00:00+00:00,2022-12-30T00:00:00+00:00,0.08716222232162799,-24782.293265977947,462.17970932082517,43188.09294972434,0.0,43064.094318202726,1149826724.9119885,3.200000047683716,0.0
F2,2022,ppo_ens3,complete,,fold-2022/F2-ppo_ens3.json.gz,fold-2022/F2-ppo_ens3-pairs.csv.gz,2022-01-01T00:00:00+00:00,2023-01-01T00:00:00+00:00,2022-01-03T00:00:00+00:00,2022-12-30T00:00:00+00:00,2022-12-30T00:00:00+00:00,172800.0,172800.0,31190400.0,259.0,0.051395454553221746,0.09087993616374782,0.05337629626690615,0.09630984329582634,1.0527391214570514,0.224964428840896,0.22167183752918418,0.041068372247033504,2.1630760792336226,0.8565564916377792,221.8481313341848,False,2022-01-03T00:00:00+00:00,2022-12-30T00:00:00+00:00,0.042933547028920195,92476.27691521854,1331.216788866539,8633.960578549397,0.0,32434.411668484074,229424277.56630862,2.1622725037807773,-0.030689312757353093
F0,2023,canonical,complete,,fold-2023/F0-canonical.json.gz,fold-2023/F0-canonical-pairs.csv.gz,2023-01-01T00:00:00+00:00,2024-01-01T00:00:00+00:00,2023-01-02T00:00:00+00:00,2023-12-29T00:00:00+00:00,2023-12-29T00:00:00+00:00,86400.0,259200.0,31190400.0,259.0,-0.001657129853712469,0.03282399829308384,-0.0016752342262304986,0.033768052585758546,0.998344242427842,-0.015358275088336995,0.10116690684989327,0.0353996949658189,3.1992988064698515,1.2046332225836383,312.0000046491623,False,2023-01-02T00:00:00+00:00,2023-12-29T00:00:00+00:00,0.03544328681198904,25625.507207351664,8118.430186308247,11706.086503329376,0.0,23693.608462489512,325356993.6905787,3.200000047683716,0.0
F0,2023,ridge,complete,,fold-2023/F0-ridge.json.gz,fold-2023/F0-ridge-pairs.csv.gz,2023-01-01T00:00:00+00:00,2024-01-01T00:00:00+00:00,2023-01-02T00:00:00+00:00,2023-12-29T00:00:00+00:00,2023-12-29T00:00:00+00:00,86400.0,259200.0,31190400.0,259.0,0.06678513795183907,0.13434546743399267,0.06990663705269197,0.14559837287568897,1.069065751838689,0.5908127149848666,0.06872379333449719,0.07080274528560473,3.1985921477585837,4.614671883435784,1195.2000178098679,False,2023-01-02T00:00:00+00:00,2023-12-29T00:00:00+00:00,0.075691735822997,143271.13016795772,-3402.633043662486,46613.45380916571,0.0,24189.29147643902,1253655102.6790993,3.200000047683716,0.0
F0,2023,ppo_ens3,complete,,fold-2023/F0-ppo_ens3.json.gz,fold-2023/F0-ppo_ens3-pairs.csv.gz,2023-01-01T00:00:00+00:00,2024-01-01T00:00:00+00:00,2023-01-02T00:00:00+00:00,2023-12-29T00:00:00+00:00,2023-12-29T00:00:00+00:00,86400.0,259200.0,31190400.0,259.0,-0.03470987716410767,-0.018441935296488257,-0.034509012261743376,-0.01848604712018546,0.9658856010813257,-0.3757499231225808,0.11942972047062828,0.015687850859386183,1.4939635846232606,0.5520186139514281,142.9728210134199,False,2023-01-02T00:00:00+00:00,2023-12-29T00:00:00+00:00,0.016022965141557915,-31666.613301217993,13240.065241931346,5300.93211307816,0.0,10386.918746308023,138539608.0898179,1.4941722313873134,-0.24550756343181243
F1,2023,canonical,complete,,fold-2023/F1-canonical.json.gz,fold-2023/F1-canonical-pairs.csv.gz,2023-01-01T00:00:00+00:00,2024-01-01T00:00:00+00:00,2023-01-02T00:00:00+00:00,2023-12-29T00:00:00+00:00,2023-12-29T00:00:00+00:00,86400.0,259200.0,31190400.0,259.0,-0.013041109875199547,0.03282399829308045,-0.013107973273980477,0.033768052585755,0.987043556948771,-0.12086578814718683,0.10450007161785291,0.046835191711610505,3.199439416943623,1.2046332225836383,312.0000046491623,False,2023-01-02T00:00:00+00:00,2023-12-29T00:00:00+00:00,0.04687602585973548,25805.02670794556,8073.721952437424,23281.967027253904,0.0,23553.2246843566,323571924.2989189,3.200000047683716,0.0
F1,2023,ridge,complete,,fold-2023/F1-ridge.json.gz,fold-2023/F1-ridge-pairs.csv.gz,2023-01-01T00:00:00+00:00,2024-01-01T00:00:00+00:00,2023-01-02T00:00:00+00:00,2023-12-29T00:00:00+00:00,2023-12-29T00:00:00+00:00,86400.0,259200.0,31190400.0,259.0,0.02229654822644033,0.1343454674339933,0.022815421670015483,0.1455983728756897,1.0225469740046518,0.19716010164186415,0.09076320868558041,0.11486219005975805,3.1991416300776274,4.614671883435784,1195.2000178098679,False,2023-01-02T00:00:00+00:00,2023-12-29T00:00:00+00:00,0.1227829512056742,140732.08864986544,-3322.9245854543924,91189.43313015283,0.0,23672.756929605166,1226491729.7502742,3.200000047683716,0.0
F1,2023,ppo_ens3,complete,,fold-2023/F1-ppo_ens3.json.gz,fold-2023/F1-ppo_ens3-pairs.csv.gz,2023-01-01T00:00:00+00:00,2024-01-01T00:00:00+00:00,2023-01-02T00:00:00+00:00,2023-12-29T00:00:00+00:00,2023-12-29T00:00:00+00:00,86400.0,259200.0,31190400.0,259.0,-0.04018357317713569,-0.018441935296485717,-0.03984125468220009,-0.018486047120182942,0.9606130801703039,-0.43501441191862067,0.12229954624515482,0.020929561480453152,1.4939948551614646,0.5520186139514281,142.9728210134199,False,2023-01-02T00:00:00+00:00,2023-12-29T00:00:00+00:00,0.021355207562017146,-31673.218704677074,13215.860355433411,10573.565869956077,0.0,10355.995610497064,138167829.04767585,1.4941722313873134,-0.24550756343181243
F2,2023,canonical,complete,,fold-2023/F2-canonical.json.gz,fold-2023/F2-canonical-pairs.csv.gz,2023-01-01T00:00:00+00:00,2024-01-01T00:00:00+00:00,2023-01-02T00:00:00+00:00,2023-12-29T00:00:00+00:00,2023-12-29T00:00:00+00:00,86400.0,259200.0,31190400.0,259.0,-0.024760376203904436,0.032823998293081295,-0.02474068230230139,0.03376805258575589,0.9755436474949942,-0.22951723012004877,0.10891044674415984,0.058431245900189596,3.199584053538835,1.2046332225836383,312.0000046491623,False,2023-01-02T00:00:00+00:00,2023-12-29T00:00:00+00:00,0.05850873488805727,25943.32252679775,8031.57086838521,11581.130084644241,0.0,46850.11581554534,321940557.0656835,3.200000047683716,0.0
F2,2023,ridge,complete,,fold-2023/F2-ridge.json.gz,fold-2023/F2-ridge-pairs.csv.gz,2023-01-01T00:00:00+00:00,2024-01-01T00:00:00+00:00,2023-01-02T00:00:00+00:00,2023-12-29T00:00:00+00:00,2023-12-29T00:00:00+00:00,86400.0,259200.0,31190400.0,259.0,0.04368850146048714,0.13434546743399467,0.04519434037204404,0.1455983728756913,1.0446568951038349,0.38660194468362,0.08016560626616764,0.09388965903160869,3.198877215221396,4.614671883435784,1195.2000178098679,False,2023-01-02T00:00:00+00:00,2023-12-29T00:00:00+00:00,0.10040403250364727,141906.5110190887,-3359.9568836460926,46065.75270497582,0.0,47823.906326632874,1239048189.3059719,3.200000047683716,0.0
F2,2023,ppo_ens3,complete,,fold-2023/F2-ppo_ens3.json.gz,fold-2023/F2-ppo_ens3-pairs.csv.gz,2023-01-01T00:00:00+00:00,2024-01-01T00:00:00+00:00,2023-01-02T00:00:00+00:00,2023-12-29T00:00:00+00:00,2023-12-29T00:00:00+00:00,86400.0,259200.0,31190400.0,259.0,-0.0455053617217954,-0.018441935296489256,-0.04499727935688203,-0.018486047120186457,0.9555144793554099,-0.49272778337825524,0.12458509616201319,0.025940179485460943,1.494029605039582,0.5520186139514281,142.9728210134199,False,2023-01-02T00:00:00+00:00,2023-12-29T00:00:00+00:00,0.026511232236695575,-31750.750334342672,13205.4091752144,5276.078720436785,0.0,20664.100765024166,137885101.82748792,1.4941722313873134,-0.24550756343181243
F0,2024,canonical,complete,,fold-2024/F0-canonical.json.gz,fold-2024/F0-canonical-pairs.csv.gz,2024-01-01T00:00:00+00:00,2025-01-01T00:00:00+00:00,2024-01-01T00:00:00+00:00,2024-12-31T00:00:00+00:00,2024-12-31T00:00:00+00:00,0.0,86400.0,31536000.0,261.0,0.16203066817911715,0.1998047900641136,0.17602681147380606,0.2213314824239449,1.1758963033664747,1.7176878108753728,0.0490995629545522,0.04106294040650665,3.1976971313274496,1.446743316577312,377.60000562667847,False,2024-01-01T00:00:00+00:00,2024-12-31T00:00:00+00:00,0.04530467095013885,219174.51377862715,-2215.2700056462722,15721.376983965118,0.0,25341.56342254153,415008007.35003394,3.200000047683716,0.0
F0,2024,ridge,complete,,fold-2024/F0-ridge.json.gz,fold-2024/F0-ridge-pairs.csv.gz,2024-01-01T00:00:00+00:00,2025-01-01T00:00:00+00:00,2024-01-01T00:00:00+00:00,2024-12-31T00:00:00+00:00,2024-12-31T00:00:00+00:00,0.0,86400.0,31536000.0,261.0,-0.1028733832461772,-0.03174425742021146,-0.09782236567554606,-0.03126676092308713,0.9022412051021005,-1.1782282774799049,0.11202788678319675,0.06857956593398283,3.2011345317951267,4.953256778790119,1292.8000192642212,False,2024-01-01T00:00:00+00:00,2024-12-31T00:00:00+00:00,0.06655560475245892,-22349.353354453197,-6829.875609464462,46063.74320581948,0.0,22515.822728163366,1248366864.9126718,3.200000047683716,0.0
F0,2024,ppo_ens3,complete,,fold-2024/F0-ppo_ens3.json.gz,fold-2024/F0-ppo_ens3-pairs.csv.gz,2024-01-01T00:00:00+00:00,2025-01-01T00:00:00+00:00,2024-01-01T00:00:00+00:00,2024-12-31T00:00:00+00:00,2024-12-31T00:00:00+00:00,0.0,86400.0,31536000.0,261.0,0.18894133744697278,0.21128148130508176,0.20812642358463704,0.23543878027025072,1.2079700877950394,1.3497526647064693,0.09039255599899465,0.024362511369130768,2.0288473463037877,0.8025318730463741,209.46081886510365,False,2024-01-01T00:00:00+00:00,2024-12-31T00:00:00+00:00,0.027312356685613687,192137.38068754718,40195.218476625756,8395.204911053419,0.0,15967.306458077353,227658733.4025891,2.031306788286449,-0.9717370861158523
F1,2024,canonical,complete,,fold-2024/F1-canonical.json.gz,fold-2024/F1-canonical-pairs.csv.gz,2024-01-01T00:00:00+00:00,2025-01-01T00:00:00+00:00,2024-01-01T00:00:00+00:00,2024-12-31T00:00:00+00:00,2024-12-31T00:00:00+00:00,0.0,86400.0,31536000.0,261.0,0.1475980052737592,0.1998047900641084,0.15916405118456753,0.22133148242393852,1.1590468719695772,1.5635336282440284,0.04991758214249031,0.056373447997020154,3.197873987416774,1.446743316577312,377.60000562667847,False,2024-01-01T00:00:00+00:00,2024-12-31T00:00:00+00:00,0.06216743123937099,217623.207518246,-2202.8875516455914,31213.805674854913,0.0,25159.64232216527,412047209.265737,3.200000047683716,0.0
F1,2024,ridge,complete,,fold-2024/F1-ridge.json.gz,fold-2024/F1-ridge-pairs.csv.gz,2024-01-01T00:00:00+00:00,2025-01-01T00:00:00+00:00,2024-01-01T00:00:00+00:00,2024-12-31T00:00:00+00:00,2024-12-31T00:00:00+00:00,0.0,86400.0,31536000.0,261.0,-0.15065097251793635,-0.031744257420212155,-0.13994088877625047,-0.031266760923087805,0.8601478615159229,-1.7246566724272059,0.15028441401256698,0.11201213639389172,3.2017206025997362,4.953256778790119,1292.8000192642212,False,2024-01-01T00:00:00+00:00,2024-12-31T00:00:00+00:00,0.10867412785316266,-21171.293097130794,-6668.7089930562715,90019.0601930931,0.0,21993.07620079857,1219825860.8304565,3.200000047683716,0.0
F1,2024,ppo_ens3,complete,,fold-2024/F1-ppo_ens3.json.gz,fold-2024/F1-ppo_ens3-pairs.csv.gz,2024-01-01T00:00:00+00:00,2025-01-01T00:00:00+00:00,2024-01-01T00:00:00+00:00,2024-12-31T00:00:00+00:00,2024-12-31T00:00:00+00:00,0.0,86400.0,31536000.0,261.0,0.18125560744462288,0.21128148130508817,0.1988703700196005,0.23543878027025866,1.1987215422874389,1.294851862656923,0.09247930394975434,0.032629729418611864,2.028906600538251,0.8025318730463741,209.46081886510365,False,2024-01-01T00:00:00+00:00,2024-12-31T00:00:00+00:00,0.03656841025065816,191303.2466574184,40048.02504863286,16724.365206453815,0.0,15905.364212158054,226768023.39234263,2.031306788286449,-0.9717370861158523
F2,2024,canonical,complete,,fold-2024/F2-canonical.json.gz,fold-2024/F2-canonical-pairs.csv.gz,2024-01-01T00:00:00+00:00,2025-01-01T00:00:00+00:00,2024-01-01T00:00:00+00:00,2024-12-31T00:00:00+00:00,2024-12-31T00:00:00+00:00,0.0,86400.0,31536000.0,261.0,0.13868283209651727,0.19980479006411322,0.14886881635956872,0.22133148242394443,1.1487596925142007,1.4699559898559105,0.050077180278732536,0.06561730202226297,3.1979832558859607,1.446743316577312,377.60000562667847,False,2024-01-01T00:00:00+00:00,2024-12-31T00:00:00+00:00,0.07246266606437571,216574.75648008886,-2197.7619436262758,15532.330419115562,0.0,50084.97160314741,410118866.5686734,3.200000047683716,0.0
F2,2024,ridge,complete,,fold-2024/F2-ridge.json.gz,fold-2024/F2-ridge-pairs.csv.gz,2024-01-01T00:00:00+00:00,2025-01-01T00:00:00+00:00,2024-01-01T00:00:00+00:00,2024-12-31T00:00:00+00:00,2024-12-31T00:00:00+00:00,0.0,86400.0,31536000.0,261.0,-0.1262527734807499,-0.03174425742021268,-0.11868418854882155,-0.03126676092308831,0.8813920260926824,-1.4446214154147323,0.1304076676528333,0.09007073893243657,3.2014214193413855,4.953256778790119,1292.8000192642212,False,2024-01-01T00:00:00+00:00,2024-12-31T00:00:00+00:00,0.08741742762573323,-21786.28436916791,-6750.950605713018,45548.942286519545,0.0,44521.796645916984,1234429929.5212994,3.200000047683716,0.0
F2,2024,ppo_ens3,complete,,fold-2024/F2-ppo_ens3.json.gz,fold-2024/F2-ppo_ens3-pairs.csv.gz,2024-01-01T00:00:00+00:00,2025-01-01T00:00:00+00:00,2024-01-01T00:00:00+00:00,2024-12-31T00:00:00+00:00,2024-12-31T00:00:00+00:00,0.0,86400.0,31536000.0,261.0,0.1742846497545431,0.21128148130508562,0.19053647254708214,0.2354387802702555,1.190394363062056,1.2455952753633257,0.09434280876694967,0.04002621435698878,2.0289678619083014,0.8025318730463741,209.46081886510365,False,2024-01-01T00:00:00+00:00,2024-12-31T00:00:00+00:00,0.04490230772317336,190508.37368795037,39912.20373109432,8331.257451151858,0.0,31694.956905836912,225933612.866144,2.031306788286449,-0.9717370861158523
F0,2025,canonical,blocked_input,"ValueError: Missing expected bar for pairs ('JPY/USD', 'JPY/EUR', 'JPY/GBP', 'JPY/AUD', 'JPY/CHF', 'JPY/CAD', 'JPY/NZD', 'JPY/NOK', 'JPY/SEK') at 2025-01-01 00:00:00+00:00: /home/tsuyoshi/workspace/projects/forex-trainer/data/jpy_9pairs_1d_2003_carry.parquet",,,,,,,,,,,,,,,,,,,,,,,,,,,,,,,,,,
F0,2025,ridge,blocked_input,"ValueError: Missing expected bar for pairs ('JPY/USD', 'JPY/EUR', 'JPY/GBP', 'JPY/AUD', 'JPY/CHF', 'JPY/CAD', 'JPY/NZD', 'JPY/NOK', 'JPY/SEK') at 2025-01-01 00:00:00+00:00: /home/tsuyoshi/workspace/projects/forex-trainer/data/jpy_9pairs_1d_2003_carry.parquet",,,,,,,,,,,,,,,,,,,,,,,,,,,,,,,,,,
F0,2025,ppo_ens3,blocked_input,"ValueError: Missing expected bar for pairs ('JPY/USD', 'JPY/EUR', 'JPY/GBP', 'JPY/AUD', 'JPY/CHF', 'JPY/CAD', 'JPY/NZD', 'JPY/NOK', 'JPY/SEK') at 2025-01-01 00:00:00+00:00: /home/tsuyoshi/workspace/projects/forex-trainer/data/jpy_9pairs_1d_2003_carry.parquet",,,,,,,,,,,,,,,,,,,,,,,,,,,,,,,,,,
F1,2025,canonical,blocked_input,"ValueError: Missing expected bar for pairs ('JPY/USD', 'JPY/EUR', 'JPY/GBP', 'JPY/AUD', 'JPY/CHF', 'JPY/CAD', 'JPY/NZD', 'JPY/NOK', 'JPY/SEK') at 2025-01-01 00:00:00+00:00: /home/tsuyoshi/workspace/projects/forex-trainer/data/jpy_9pairs_1d_2003_carry.parquet",,,,,,,,,,,,,,,,,,,,,,,,,,,,,,,,,,
F1,2025,ridge,blocked_input,"ValueError: Missing expected bar for pairs ('JPY/USD', 'JPY/EUR', 'JPY/GBP', 'JPY/AUD', 'JPY/CHF', 'JPY/CAD', 'JPY/NZD', 'JPY/NOK', 'JPY/SEK') at 2025-01-01 00:00:00+00:00: /home/tsuyoshi/workspace/projects/forex-trainer/data/jpy_9pairs_1d_2003_carry.parquet",,,,,,,,,,,,,,,,,,,,,,,,,,,,,,,,,,
F1,2025,ppo_ens3,blocked_input,"ValueError: Missing expected bar for pairs ('JPY/USD', 'JPY/EUR', 'JPY/GBP', 'JPY/AUD', 'JPY/CHF', 'JPY/CAD', 'JPY/NZD', 'JPY/NOK', 'JPY/SEK') at 2025-01-01 00:00:00+00:00: /home/tsuyoshi/workspace/projects/forex-trainer/data/jpy_9pairs_1d_2003_carry.parquet",,,,,,,,,,,,,,,,,,,,,,,,,,,,,,,,,,
F2,2025,canonical,blocked_input,"ValueError: Missing expected bar for pairs ('JPY/USD', 'JPY/EUR', 'JPY/GBP', 'JPY/AUD', 'JPY/CHF', 'JPY/CAD', 'JPY/NZD', 'JPY/NOK', 'JPY/SEK') at 2025-01-01 00:00:00+00:00: /home/tsuyoshi/workspace/projects/forex-trainer/data/jpy_9pairs_1d_2003_carry.parquet",,,,,,,,,,,,,,,,,,,,,,,,,,,,,,,,,,
F2,2025,ridge,blocked_input,"ValueError: Missing expected bar for pairs ('JPY/USD', 'JPY/EUR', 'JPY/GBP', 'JPY/AUD', 'JPY/CHF', 'JPY/CAD', 'JPY/NZD', 'JPY/NOK', 'JPY/SEK') at 2025-01-01 00:00:00+00:00: /home/tsuyoshi/workspace/projects/forex-trainer/data/jpy_9pairs_1d_2003_carry.parquet",,,,,,,,,,,,,,,,,,,,,,,,,,,,,,,,,,
F2,2025,ppo_ens3,blocked_input,"ValueError: Missing expected bar for pairs ('JPY/USD', 'JPY/EUR', 'JPY/GBP', 'JPY/AUD', 'JPY/CHF', 'JPY/CAD', 'JPY/NZD', 'JPY/NOK', 'JPY/SEK') at 2025-01-01 00:00:00+00:00: /home/tsuyoshi/workspace/projects/forex-trainer/data/jpy_9pairs_1d_2003_carry.parquet",,,,,,,,,,,,,,,,,,,,,,,,,,,,,,,,,,
