stage,fold,cutoff,horizon,train_rows,validation_rows,status,train_start,train_end,train_present_rows,train_history_excluded,train_label_gap_excluded,train_boundary_purged,train_longest_decisions,train_first_decision,train_last_mark,validation_start,validation_end,validation_present_rows,validation_history_excluded,validation_label_gap_excluded,validation_boundary_purged,validation_longest_decisions,validation_first_decision,validation_last_mark
outer,2009,2009-01-01,1,433,25,blocked_input,2003-06-01,2008-07-01,760,326,1,0,433,2005-12-20,2007-08-17,2008-07-01,2009-01-01,111,85,1,0,25,2008-11-21,2008-12-26
outer,2009,2009-01-01,5,429,21,blocked_input,2003-06-01,2008-07-01,760,326,5,0,429,2005-12-20,2007-08-17,2008-07-01,2009-01-01,111,85,5,0,21,2008-11-21,2008-12-26
cross_fit,2009,2008-01-01,1,398,34,blocked_input,2005-07-19,2007-07-01,508,109,0,1,398,2005-12-20,2007-06-29,2007-07-01,2008-01-01,126,91,1,0,34,2007-07-02,2007-08-17
cross_fit,2009,2008-01-01,5,394,30,blocked_input,2005-07-19,2007-07-01,508,109,0,5,394,2005-12-20,2007-06-29,2007-07-01,2008-01-01,126,91,5,0,30,2007-07-02,2007-08-17
cross_fit,2009,2008-07-01,1,433,0,blocked_input,2005-07-19,2008-01-01,634,200,1,0,433,2005-12-20,2007-08-17,2008-01-01,2008-07-01,126,126,0,0,0,,
cross_fit,2009,2008-07-01,5,429,0,blocked_input,2005-07-19,2008-01-01,634,200,5,0,429,2005-12-20,2007-08-17,2008-01-01,2008-07-01,126,126,0,0,0,,
cross_fit,2009,2009-01-01,1,433,25,blocked_input,2005-07-19,2008-07-01,760,326,1,0,433,2005-12-20,2007-08-17,2008-07-01,2009-01-01,111,85,1,0,25,2008-11-21,2008-12-26
cross_fit,2009,2009-01-01,5,429,21,blocked_input,2005-07-19,2008-07-01,760,326,5,0,429,2005-12-20,2007-08-17,2008-07-01,2009-01-01,111,85,5,0,21,2008-11-21,2008-12-26
ppo_validation,2009,2009-01-01,1,0,25,blocked_input,,,,,,,,,,2008-07-01,2009-01-01,111,85,1,0,25,2008-11-21,2008-12-26
rl_train,2009,2008-07-01,1,0,0,blocked_input,2008-01-01,2008-07-01,126,126,0,0,0,,,,,,,,,,,
outer,2010,2010-01-01,1,497,131,calendar_eligible,2003-06-01,2009-07-01,997,497,2,1,433,2005-12-20,2007-08-17,2009-07-01,2010-01-01,132,0,0,1,131,2009-07-01,2009-12-31
outer,2010,2010-01-01,5,485,127,calendar_eligible,2003-06-01,2009-07-01,997,497,10,5,429,2005-12-20,2007-08-17,2009-07-01,2010-01-01,132,0,0,5,127,2009-07-01,2009-12-31
cross_fit,2010,2008-01-01,1,398,34,blocked_input,2005-07-19,2007-07-01,508,109,0,1,398,2005-12-20,2007-06-29,2007-07-01,2008-01-01,126,91,1,0,34,2007-07-02,2007-08-17
cross_fit,2010,2008-01-01,5,394,30,blocked_input,2005-07-19,2007-07-01,508,109,0,5,394,2005-12-20,2007-06-29,2007-07-01,2008-01-01,126,91,5,0,30,2007-07-02,2007-08-17
cross_fit,2010,2009-01-01,1,433,25,blocked_input,2005-07-19,2008-07-01,760,326,1,0,433,2005-12-20,2007-08-17,2008-07-01,2009-01-01,111,85,1,0,25,2008-11-21,2008-12-26
cross_fit,2010,2009-01-01,5,429,21,blocked_input,2005-07-19,2008-07-01,760,326,5,0,429,2005-12-20,2007-08-17,2008-07-01,2009-01-01,111,85,5,0,21,2008-11-21,2008-12-26
cross_fit,2010,2009-07-01,1,458,39,blocked_input,2005-07-19,2009-01-01,871,411,2,0,433,2005-12-20,2007-08-17,2009-01-01,2009-07-01,126,86,0,1,39,2009-05-06,2009-06-30
cross_fit,2010,2009-07-01,5,450,35,blocked_input,2005-07-19,2009-01-01,871,411,10,0,429,2005-12-20,2007-08-17,2009-01-01,2009-07-01,126,86,0,5,35,2009-05-06,2009-06-30
cross_fit,2010,2010-01-01,1,497,131,calendar_eligible,2005-07-19,2009-07-01,997,497,2,1,433,2005-12-20,2007-08-17,2009-07-01,2010-01-01,132,0,0,1,131,2009-07-01,2009-12-31
cross_fit,2010,2010-01-01,5,485,127,calendar_eligible,2005-07-19,2009-07-01,997,497,10,5,429,2005-12-20,2007-08-17,2009-07-01,2010-01-01,132,0,0,5,127,2009-07-01,2009-12-31
ppo_validation,2010,2010-01-01,1,0,131,calendar_eligible,,,,,,,,,,2009-07-01,2010-01-01,132,0,0,1,131,2009-07-01,2009-12-31
rl_train,2010,2009-07-01,1,64,0,calendar_eligible,2008-01-01,2009-07-01,363,297,1,1,39,2009-05-06,2009-06-30,,,,,,,,,
outer,2011,2011-01-01,1,758,131,calendar_eligible,2003-06-01,2010-07-01,1258,497,2,1,433,2005-12-20,2007-08-17,2010-07-01,2011-01-01,132,0,0,1,131,2010-07-01,2010-12-31
outer,2011,2011-01-01,5,746,127,calendar_eligible,2003-06-01,2010-07-01,1258,497,10,5,429,2005-12-20,2007-08-17,2010-07-01,2011-01-01,132,0,0,5,127,2010-07-01,2010-12-31
cross_fit,2011,2008-01-01,1,398,34,blocked_input,2005-07-19,2007-07-01,508,109,0,1,398,2005-12-20,2007-06-29,2007-07-01,2008-01-01,126,91,1,0,34,2007-07-02,2007-08-17
cross_fit,2011,2008-01-01,5,394,30,blocked_input,2005-07-19,2007-07-01,508,109,0,5,394,2005-12-20,2007-06-29,2007-07-01,2008-01-01,126,91,5,0,30,2007-07-02,2007-08-17
cross_fit,2011,2009-01-01,1,433,25,blocked_input,2005-07-19,2008-07-01,760,326,1,0,433,2005-12-20,2007-08-17,2008-07-01,2009-01-01,111,85,1,0,25,2008-11-21,2008-12-26
cross_fit,2011,2009-01-01,5,429,21,blocked_input,2005-07-19,2008-07-01,760,326,5,0,429,2005-12-20,2007-08-17,2008-07-01,2009-01-01,111,85,5,0,21,2008-11-21,2008-12-26
cross_fit,2011,2010-01-01,1,497,131,calendar_eligible,2005-07-19,2009-07-01,997,497,2,1,433,2005-12-20,2007-08-17,2009-07-01,2010-01-01,132,0,0,1,131,2009-07-01,2009-12-31
cross_fit,2011,2010-01-01,5,485,127,calendar_eligible,2005-07-19,2009-07-01,997,497,10,5,429,2005-12-20,2007-08-17,2009-07-01,2010-01-01,132,0,0,5,127,2009-07-01,2009-12-31
cross_fit,2011,2010-07-01,1,629,128,calendar_eligible,2005-07-19,2010-01-01,1129,497,2,1,433,2005-12-20,2007-08-17,2010-01-01,2010-07-01,129,0,0,1,128,2010-01-01,2010-06-30
cross_fit,2011,2010-07-01,5,617,124,calendar_eligible,2005-07-19,2010-01-01,1129,497,10,5,429,2005-12-20,2007-08-17,2010-01-01,2010-07-01,129,0,0,5,124,2010-01-01,2010-06-30
cross_fit,2011,2011-01-01,1,758,131,calendar_eligible,2005-07-19,2010-07-01,1258,497,2,1,433,2005-12-20,2007-08-17,2010-07-01,2011-01-01,132,0,0,1,131,2010-07-01,2010-12-31
cross_fit,2011,2011-01-01,5,746,127,calendar_eligible,2005-07-19,2010-07-01,1258,497,10,5,429,2005-12-20,2007-08-17,2010-07-01,2011-01-01,132,0,0,5,127,2010-07-01,2010-12-31
ppo_validation,2011,2011-01-01,1,0,131,calendar_eligible,,,,,,,,,,2010-07-01,2011-01-01,132,0,0,1,131,2010-07-01,2010-12-31
rl_train,2011,2010-07-01,1,325,0,calendar_eligible,2008-01-01,2010-07-01,624,297,1,1,300,2009-05-06,2010-06-30,,,,,,,,,
outer,2012,2012-01-01,1,964,121,calendar_eligible,2003-06-01,2011-07-01,1518,551,3,0,506,2009-05-06,2011-04-14,2011-07-01,2012-01-01,131,9,0,1,121,2011-07-14,2011-12-30
outer,2012,2012-01-01,5,952,117,calendar_eligible,2003-06-01,2011-07-01,1518,551,15,0,502,2009-05-06,2011-04-14,2011-07-01,2012-01-01,131,9,0,5,117,2011-07-14,2011-12-30
cross_fit,2012,2008-01-01,1,398,34,blocked_input,2005-07-19,2007-07-01,508,109,0,1,398,2005-12-20,2007-06-29,2007-07-01,2008-01-01,126,91,1,0,34,2007-07-02,2007-08-17
cross_fit,2012,2008-01-01,5,394,30,blocked_input,2005-07-19,2007-07-01,508,109,0,5,394,2005-12-20,2007-06-29,2007-07-01,2008-01-01,126,91,5,0,30,2007-07-02,2007-08-17
cross_fit,2012,2009-01-01,1,433,25,blocked_input,2005-07-19,2008-07-01,760,326,1,0,433,2005-12-20,2007-08-17,2008-07-01,2009-01-01,111,85,1,0,25,2008-11-21,2008-12-26
cross_fit,2012,2009-01-01,5,429,21,blocked_input,2005-07-19,2008-07-01,760,326,5,0,429,2005-12-20,2007-08-17,2008-07-01,2009-01-01,111,85,5,0,21,2008-11-21,2008-12-26
cross_fit,2012,2010-01-01,1,497,131,calendar_eligible,2005-07-19,2009-07-01,997,497,2,1,433,2005-12-20,2007-08-17,2009-07-01,2010-01-01,132,0,0,1,131,2009-07-01,2009-12-31
cross_fit,2012,2010-01-01,5,485,127,calendar_eligible,2005-07-19,2009-07-01,997,497,10,5,429,2005-12-20,2007-08-17,2009-07-01,2010-01-01,132,0,0,5,127,2009-07-01,2009-12-31
cross_fit,2012,2011-01-01,1,758,131,calendar_eligible,2005-07-19,2010-07-01,1258,497,2,1,433,2005-12-20,2007-08-17,2010-07-01,2011-01-01,132,0,0,1,131,2010-07-01,2010-12-31
cross_fit,2012,2011-01-01,5,746,127,calendar_eligible,2005-07-19,2010-07-01,1258,497,10,5,429,2005-12-20,2007-08-17,2010-07-01,2011-01-01,132,0,0,5,127,2010-07-01,2010-12-31
cross_fit,2012,2011-07-01,1,890,73,calendar_eligible,2005-07-19,2011-01-01,1390,497,2,1,433,2005-12-20,2007-08-17,2011-01-01,2011-07-01,128,54,1,0,73,2011-01-03,2011-04-14
cross_fit,2012,2011-07-01,5,878,69,calendar_eligible,2005-07-19,2011-01-01,1390,497,10,5,429,2005-12-20,2007-08-17,2011-01-01,2011-07-01,128,54,5,0,69,2011-01-03,2011-04-14
cross_fit,2012,2012-01-01,1,964,121,calendar_eligible,2005-07-19,2011-07-01,1518,551,3,0,506,2009-05-06,2011-04-14,2011-07-01,2012-01-01,131,9,0,1,121,2011-07-14,2011-12-30
cross_fit,2012,2012-01-01,5,952,117,calendar_eligible,2005-07-19,2011-07-01,1518,551,15,0,502,2009-05-06,2011-04-14,2011-07-01,2012-01-01,131,9,0,5,117,2011-07-14,2011-12-30
ppo_validation,2012,2012-01-01,1,0,121,calendar_eligible,,,,,,,,,,2011-07-01,2012-01-01,131,9,0,1,121,2011-07-14,2011-12-30
rl_train,2012,2011-07-01,1,531,0,calendar_eligible,2008-01-01,2011-07-01,884,351,2,0,506,2009-05-06,2011-04-14,,,,,,,,,
outer,2013,2013-01-01,1,1215,110,calendar_eligible,2003-06-01,2012-07-01,1779,560,3,1,506,2009-05-06,2011-04-14,2012-07-01,2013-01-01,130,19,1,0,110,2012-07-02,2012-12-03
outer,2013,2013-01-01,5,1199,106,calendar_eligible,2003-06-01,2012-07-01,1779,560,15,5,502,2009-05-06,2011-04-14,2012-07-01,2013-01-01,130,19,5,0,106,2012-07-02,2012-12-03
cross_fit,2013,2008-01-01,1,398,34,blocked_input,2005-07-19,2007-07-01,508,109,0,1,398,2005-12-20,2007-06-29,2007-07-01,2008-01-01,126,91,1,0,34,2007-07-02,2007-08-17
cross_fit,2013,2008-01-01,5,394,30,blocked_input,2005-07-19,2007-07-01,508,109,0,5,394,2005-12-20,2007-06-29,2007-07-01,2008-01-01,126,91,5,0,30,2007-07-02,2007-08-17
cross_fit,2013,2009-01-01,1,433,25,blocked_input,2005-07-19,2008-07-01,760,326,1,0,433,2005-12-20,2007-08-17,2008-07-01,2009-01-01,111,85,1,0,25,2008-11-21,2008-12-26
cross_fit,2013,2009-01-01,5,429,21,blocked_input,2005-07-19,2008-07-01,760,326,5,0,429,2005-12-20,2007-08-17,2008-07-01,2009-01-01,111,85,5,0,21,2008-11-21,2008-12-26
cross_fit,2013,2010-01-01,1,497,131,calendar_eligible,2005-07-19,2009-07-01,997,497,2,1,433,2005-12-20,2007-08-17,2009-07-01,2010-01-01,132,0,0,1,131,2009-07-01,2009-12-31
cross_fit,2013,2010-01-01,5,485,127,calendar_eligible,2005-07-19,2009-07-01,997,497,10,5,429,2005-12-20,2007-08-17,2009-07-01,2010-01-01,132,0,0,5,127,2009-07-01,2009-12-31
cross_fit,2013,2011-01-01,1,758,131,calendar_eligible,2005-07-19,2010-07-01,1258,497,2,1,433,2005-12-20,2007-08-17,2010-07-01,2011-01-01,132,0,0,1,131,2010-07-01,2010-12-31
cross_fit,2013,2011-01-01,5,746,127,calendar_eligible,2005-07-19,2010-07-01,1258,497,10,5,429,2005-12-20,2007-08-17,2010-07-01,2011-01-01,132,0,0,5,127,2010-07-01,2010-12-31
cross_fit,2013,2012-01-01,1,964,121,calendar_eligible,2005-07-19,2011-07-01,1518,551,3,0,506,2009-05-06,2011-04-14,2011-07-01,2012-01-01,131,9,0,1,121,2011-07-14,2011-12-30
cross_fit,2013,2012-01-01,5,952,117,calendar_eligible,2005-07-19,2011-07-01,1518,551,15,0,502,2009-05-06,2011-04-14,2011-07-01,2012-01-01,131,9,0,5,117,2011-07-14,2011-12-30
cross_fit,2013,2012-07-01,1,1085,129,calendar_eligible,2005-07-19,2012-01-01,1649,560,3,1,506,2009-05-06,2011-04-14,2012-01-01,2012-07-01,130,0,0,1,129,2012-01-02,2012-06-29
cross_fit,2013,2012-07-01,5,1069,125,calendar_eligible,2005-07-19,2012-01-01,1649,560,15,5,502,2009-05-06,2011-04-14,2012-01-01,2012-07-01,130,0,0,5,125,2012-01-02,2012-06-29
cross_fit,2013,2013-01-01,1,1215,110,calendar_eligible,2005-07-19,2012-07-01,1779,560,3,1,506,2009-05-06,2011-04-14,2012-07-01,2013-01-01,130,19,1,0,110,2012-07-02,2012-12-03
cross_fit,2013,2013-01-01,5,1199,106,calendar_eligible,2005-07-19,2012-07-01,1779,560,15,5,502,2009-05-06,2011-04-14,2012-07-01,2013-01-01,130,19,5,0,106,2012-07-02,2012-12-03
ppo_validation,2013,2013-01-01,1,0,110,calendar_eligible,,,,,,,,,,2012-07-01,2013-01-01,130,19,1,0,110,2012-07-02,2012-12-03
rl_train,2013,2012-07-01,1,782,0,calendar_eligible,2008-01-01,2012-07-01,1145,360,2,1,506,2009-05-06,2011-04-14,,,,,,,,,
outer,2014,2014-01-01,1,1379,70,calendar_eligible,2003-06-01,2013-07-01,2037,653,4,1,506,2009-05-06,2011-04-14,2013-07-01,2014-01-01,131,60,1,0,70,2013-07-01,2013-10-07
outer,2014,2014-01-01,5,1359,66,calendar_eligible,2003-06-01,2013-07-01,2037,653,20,5,502,2009-05-06,2011-04-14,2013-07-01,2014-01-01,131,60,5,0,66,2013-07-01,2013-10-07
cross_fit,2014,2008-01-01,1,398,34,blocked_input,2005-07-19,2007-07-01,508,109,0,1,398,2005-12-20,2007-06-29,2007-07-01,2008-01-01,126,91,1,0,34,2007-07-02,2007-08-17
cross_fit,2014,2008-01-01,5,394,30,blocked_input,2005-07-19,2007-07-01,508,109,0,5,394,2005-12-20,2007-06-29,2007-07-01,2008-01-01,126,91,5,0,30,2007-07-02,2007-08-17
cross_fit,2014,2009-01-01,1,433,25,blocked_input,2005-07-19,2008-07-01,760,326,1,0,433,2005-12-20,2007-08-17,2008-07-01,2009-01-01,111,85,1,0,25,2008-11-21,2008-12-26
cross_fit,2014,2009-01-01,5,429,21,blocked_input,2005-07-19,2008-07-01,760,326,5,0,429,2005-12-20,2007-08-17,2008-07-01,2009-01-01,111,85,5,0,21,2008-11-21,2008-12-26
cross_fit,2014,2010-01-01,1,497,131,calendar_eligible,2005-07-19,2009-07-01,997,497,2,1,433,2005-12-20,2007-08-17,2009-07-01,2010-01-01,132,0,0,1,131,2009-07-01,2009-12-31
cross_fit,2014,2010-01-01,5,485,127,calendar_eligible,2005-07-19,2009-07-01,997,497,10,5,429,2005-12-20,2007-08-17,2009-07-01,2010-01-01,132,0,0,5,127,2009-07-01,2009-12-31
cross_fit,2014,2011-01-01,1,758,131,calendar_eligible,2005-07-19,2010-07-01,1258,497,2,1,433,2005-12-20,2007-08-17,2010-07-01,2011-01-01,132,0,0,1,131,2010-07-01,2010-12-31
cross_fit,2014,2011-01-01,5,746,127,calendar_eligible,2005-07-19,2010-07-01,1258,497,10,5,429,2005-12-20,2007-08-17,2010-07-01,2011-01-01,132,0,0,5,127,2010-07-01,2010-12-31
cross_fit,2014,2012-01-01,1,964,121,calendar_eligible,2005-07-19,2011-07-01,1518,551,3,0,506,2009-05-06,2011-04-14,2011-07-01,2012-01-01,131,9,0,1,121,2011-07-14,2011-12-30
cross_fit,2014,2012-01-01,5,952,117,calendar_eligible,2005-07-19,2011-07-01,1518,551,15,0,502,2009-05-06,2011-04-14,2011-07-01,2012-01-01,131,9,0,5,117,2011-07-14,2011-12-30
cross_fit,2014,2013-01-01,1,1215,110,calendar_eligible,2005-07-19,2012-07-01,1779,560,3,1,506,2009-05-06,2011-04-14,2012-07-01,2013-01-01,130,19,1,0,110,2012-07-02,2012-12-03
cross_fit,2014,2013-01-01,5,1199,106,calendar_eligible,2005-07-19,2012-07-01,1779,560,15,5,502,2009-05-06,2011-04-14,2012-07-01,2013-01-01,130,19,5,0,106,2012-07-02,2012-12-03
cross_fit,2014,2013-07-01,1,1326,53,blocked_input,2005-07-19,2013-01-01,1909,579,4,0,506,2009-05-06,2011-04-14,2013-01-01,2013-07-01,128,74,0,1,53,2013-04-16,2013-06-28
cross_fit,2014,2013-07-01,5,1310,49,blocked_input,2005-07-19,2013-01-01,1909,579,20,0,502,2009-05-06,2011-04-14,2013-01-01,2013-07-01,128,74,0,5,49,2013-04-16,2013-06-28
cross_fit,2014,2014-01-01,1,1379,70,calendar_eligible,2005-07-19,2013-07-01,2037,653,4,1,506,2009-05-06,2011-04-14,2013-07-01,2014-01-01,131,60,1,0,70,2013-07-01,2013-10-07
cross_fit,2014,2014-01-01,5,1359,66,calendar_eligible,2005-07-19,2013-07-01,2037,653,20,5,502,2009-05-06,2011-04-14,2013-07-01,2014-01-01,131,60,5,0,66,2013-07-01,2013-10-07
ppo_validation,2014,2014-01-01,1,0,70,calendar_eligible,,,,,,,,,,2013-07-01,2014-01-01,131,60,1,0,70,2013-07-01,2013-10-07
rl_train,2014,2013-07-01,1,946,0,calendar_eligible,2008-01-01,2013-07-01,1403,453,3,1,506,2009-05-06,2011-04-14,,,,,,,,,
outer,2015,2015-01-01,1,1575,131,calendar_eligible,2003-06-01,2014-07-01,2297,716,5,1,506,2009-05-06,2011-04-14,2014-07-01,2015-01-01,132,0,0,1,131,2014-07-01,2014-12-31
outer,2015,2015-01-01,5,1551,127,calendar_eligible,2003-06-01,2014-07-01,2297,716,25,5,502,2009-05-06,2011-04-14,2014-07-01,2015-01-01,132,0,0,5,127,2014-07-01,2014-12-31
cross_fit,2015,2008-01-01,1,398,34,blocked_input,2005-07-19,2007-07-01,508,109,0,1,398,2005-12-20,2007-06-29,2007-07-01,2008-01-01,126,91,1,0,34,2007-07-02,2007-08-17
cross_fit,2015,2008-01-01,5,394,30,blocked_input,2005-07-19,2007-07-01,508,109,0,5,394,2005-12-20,2007-06-29,2007-07-01,2008-01-01,126,91,5,0,30,2007-07-02,2007-08-17
cross_fit,2015,2009-01-01,1,433,25,blocked_input,2005-07-19,2008-07-01,760,326,1,0,433,2005-12-20,2007-08-17,2008-07-01,2009-01-01,111,85,1,0,25,2008-11-21,2008-12-26
cross_fit,2015,2009-01-01,5,429,21,blocked_input,2005-07-19,2008-07-01,760,326,5,0,429,2005-12-20,2007-08-17,2008-07-01,2009-01-01,111,85,5,0,21,2008-11-21,2008-12-26
cross_fit,2015,2010-01-01,1,497,131,calendar_eligible,2005-07-19,2009-07-01,997,497,2,1,433,2005-12-20,2007-08-17,2009-07-01,2010-01-01,132,0,0,1,131,2009-07-01,2009-12-31
cross_fit,2015,2010-01-01,5,485,127,calendar_eligible,2005-07-19,2009-07-01,997,497,10,5,429,2005-12-20,2007-08-17,2009-07-01,2010-01-01,132,0,0,5,127,2009-07-01,2009-12-31
cross_fit,2015,2011-01-01,1,758,131,calendar_eligible,2005-07-19,2010-07-01,1258,497,2,1,433,2005-12-20,2007-08-17,2010-07-01,2011-01-01,132,0,0,1,131,2010-07-01,2010-12-31
cross_fit,2015,2011-01-01,5,746,127,calendar_eligible,2005-07-19,2010-07-01,1258,497,10,5,429,2005-12-20,2007-08-17,2010-07-01,2011-01-01,132,0,0,5,127,2010-07-01,2010-12-31
cross_fit,2015,2012-01-01,1,964,121,calendar_eligible,2005-07-19,2011-07-01,1518,551,3,0,506,2009-05-06,2011-04-14,2011-07-01,2012-01-01,131,9,0,1,121,2011-07-14,2011-12-30
cross_fit,2015,2012-01-01,5,952,117,calendar_eligible,2005-07-19,2011-07-01,1518,551,15,0,502,2009-05-06,2011-04-14,2011-07-01,2012-01-01,131,9,0,5,117,2011-07-14,2011-12-30
cross_fit,2015,2013-01-01,1,1215,110,calendar_eligible,2005-07-19,2012-07-01,1779,560,3,1,506,2009-05-06,2011-04-14,2012-07-01,2013-01-01,130,19,1,0,110,2012-07-02,2012-12-03
cross_fit,2015,2013-01-01,5,1199,106,calendar_eligible,2005-07-19,2012-07-01,1779,560,15,5,502,2009-05-06,2011-04-14,2012-07-01,2013-01-01,130,19,5,0,106,2012-07-02,2012-12-03
cross_fit,2015,2014-01-01,1,1379,70,calendar_eligible,2005-07-19,2013-07-01,2037,653,4,1,506,2009-05-06,2011-04-14,2013-07-01,2014-01-01,131,60,1,0,70,2013-07-01,2013-10-07
cross_fit,2015,2014-01-01,5,1359,66,calendar_eligible,2005-07-19,2013-07-01,2037,653,20,5,502,2009-05-06,2011-04-14,2013-07-01,2014-01-01,131,60,5,0,66,2013-07-01,2013-10-07
cross_fit,2015,2014-07-01,1,1450,125,calendar_eligible,2005-07-19,2014-01-01,2168,713,5,0,506,2009-05-06,2011-04-14,2014-01-01,2014-07-01,129,3,0,1,125,2014-01-06,2014-06-30
cross_fit,2015,2014-07-01,5,1430,121,calendar_eligible,2005-07-19,2014-01-01,2168,713,25,0,502,2009-05-06,2011-04-14,2014-01-01,2014-07-01,129,3,0,5,121,2014-01-06,2014-06-30
cross_fit,2015,2015-01-01,1,1575,131,calendar_eligible,2005-07-19,2014-07-01,2297,716,5,1,506,2009-05-06,2011-04-14,2014-07-01,2015-01-01,132,0,0,1,131,2014-07-01,2014-12-31
cross_fit,2015,2015-01-01,5,1551,127,calendar_eligible,2005-07-19,2014-07-01,2297,716,25,5,502,2009-05-06,2011-04-14,2014-07-01,2015-01-01,132,0,0,5,127,2014-07-01,2014-12-31
ppo_validation,2015,2015-01-01,1,0,131,calendar_eligible,,,,,,,,,,2014-07-01,2015-01-01,132,0,0,1,131,2014-07-01,2014-12-31
rl_train,2015,2014-07-01,1,1142,0,calendar_eligible,2008-01-01,2014-07-01,1663,516,4,1,506,2009-05-06,2011-04-14,,,,,,,,,
outer,2016,2016-01-01,1,1836,131,calendar_eligible,2003-06-01,2015-07-01,2558,716,5,1,506,2009-05-06,2011-04-14,2015-07-01,2016-01-01,132,0,0,1,131,2015-07-01,2015-12-31
outer,2016,2016-01-01,5,1812,127,calendar_eligible,2003-06-01,2015-07-01,2558,716,25,5,502,2009-05-06,2011-04-14,2015-07-01,2016-01-01,132,0,0,5,127,2015-07-01,2015-12-31
cross_fit,2016,2008-01-01,1,398,34,blocked_input,2005-07-19,2007-07-01,508,109,0,1,398,2005-12-20,2007-06-29,2007-07-01,2008-01-01,126,91,1,0,34,2007-07-02,2007-08-17
cross_fit,2016,2008-01-01,5,394,30,blocked_input,2005-07-19,2007-07-01,508,109,0,5,394,2005-12-20,2007-06-29,2007-07-01,2008-01-01,126,91,5,0,30,2007-07-02,2007-08-17
cross_fit,2016,2009-01-01,1,433,25,blocked_input,2005-07-19,2008-07-01,760,326,1,0,433,2005-12-20,2007-08-17,2008-07-01,2009-01-01,111,85,1,0,25,2008-11-21,2008-12-26
cross_fit,2016,2009-01-01,5,429,21,blocked_input,2005-07-19,2008-07-01,760,326,5,0,429,2005-12-20,2007-08-17,2008-07-01,2009-01-01,111,85,5,0,21,2008-11-21,2008-12-26
cross_fit,2016,2010-01-01,1,497,131,calendar_eligible,2005-07-19,2009-07-01,997,497,2,1,433,2005-12-20,2007-08-17,2009-07-01,2010-01-01,132,0,0,1,131,2009-07-01,2009-12-31
cross_fit,2016,2010-01-01,5,485,127,calendar_eligible,2005-07-19,2009-07-01,997,497,10,5,429,2005-12-20,2007-08-17,2009-07-01,2010-01-01,132,0,0,5,127,2009-07-01,2009-12-31
cross_fit,2016,2011-01-01,1,758,131,calendar_eligible,2005-07-19,2010-07-01,1258,497,2,1,433,2005-12-20,2007-08-17,2010-07-01,2011-01-01,132,0,0,1,131,2010-07-01,2010-12-31
cross_fit,2016,2011-01-01,5,746,127,calendar_eligible,2005-07-19,2010-07-01,1258,497,10,5,429,2005-12-20,2007-08-17,2010-07-01,2011-01-01,132,0,0,5,127,2010-07-01,2010-12-31
cross_fit,2016,2012-01-01,1,964,121,calendar_eligible,2005-07-19,2011-07-01,1518,551,3,0,506,2009-05-06,2011-04-14,2011-07-01,2012-01-01,131,9,0,1,121,2011-07-14,2011-12-30
cross_fit,2016,2012-01-01,5,952,117,calendar_eligible,2005-07-19,2011-07-01,1518,551,15,0,502,2009-05-06,2011-04-14,2011-07-01,2012-01-01,131,9,0,5,117,2011-07-14,2011-12-30
cross_fit,2016,2013-01-01,1,1215,110,calendar_eligible,2005-07-19,2012-07-01,1779,560,3,1,506,2009-05-06,2011-04-14,2012-07-01,2013-01-01,130,19,1,0,110,2012-07-02,2012-12-03
cross_fit,2016,2013-01-01,5,1199,106,calendar_eligible,2005-07-19,2012-07-01,1779,560,15,5,502,2009-05-06,2011-04-14,2012-07-01,2013-01-01,130,19,5,0,106,2012-07-02,2012-12-03
cross_fit,2016,2014-01-01,1,1379,70,calendar_eligible,2005-07-19,2013-07-01,2037,653,4,1,506,2009-05-06,2011-04-14,2013-07-01,2014-01-01,131,60,1,0,70,2013-07-01,2013-10-07
cross_fit,2016,2014-01-01,5,1359,66,calendar_eligible,2005-07-19,2013-07-01,2037,653,20,5,502,2009-05-06,2011-04-14,2013-07-01,2014-01-01,131,60,5,0,66,2013-07-01,2013-10-07
cross_fit,2016,2015-01-01,1,1575,131,calendar_eligible,2005-07-19,2014-07-01,2297,716,5,1,506,2009-05-06,2011-04-14,2014-07-01,2015-01-01,132,0,0,1,131,2014-07-01,2014-12-31
cross_fit,2016,2015-01-01,5,1551,127,calendar_eligible,2005-07-19,2014-07-01,2297,716,25,5,502,2009-05-06,2011-04-14,2014-07-01,2015-01-01,132,0,0,5,127,2014-07-01,2014-12-31
cross_fit,2016,2015-07-01,1,1707,128,calendar_eligible,2005-07-19,2015-01-01,2429,716,5,1,506,2009-05-06,2011-04-14,2015-01-01,2015-07-01,129,0,0,1,128,2015-01-01,2015-06-30
cross_fit,2016,2015-07-01,5,1683,124,calendar_eligible,2005-07-19,2015-01-01,2429,716,25,5,502,2009-05-06,2011-04-14,2015-01-01,2015-07-01,129,0,0,5,124,2015-01-01,2015-06-30
cross_fit,2016,2016-01-01,1,1836,131,calendar_eligible,2005-07-19,2015-07-01,2558,716,5,1,506,2009-05-06,2011-04-14,2015-07-01,2016-01-01,132,0,0,1,131,2015-07-01,2015-12-31
cross_fit,2016,2016-01-01,5,1812,127,calendar_eligible,2005-07-19,2015-07-01,2558,716,25,5,502,2009-05-06,2011-04-14,2015-07-01,2016-01-01,132,0,0,5,127,2015-07-01,2015-12-31
ppo_validation,2016,2016-01-01,1,0,131,calendar_eligible,,,,,,,,,,2015-07-01,2016-01-01,132,0,0,1,131,2015-07-01,2015-12-31
rl_train,2016,2015-07-01,1,1403,0,calendar_eligible,2008-01-01,2015-07-01,1924,516,4,1,506,2009-05-06,2011-04-14,,,,,,,,,
outer,2017,2017-01-01,1,2098,130,calendar_eligible,2003-06-01,2016-07-01,2820,716,5,1,648,2014-01-06,2016-06-30,2016-07-01,2017-01-01,131,0,0,1,130,2016-07-01,2016-12-30
outer,2017,2017-01-01,5,2074,126,calendar_eligible,2003-06-01,2016-07-01,2820,716,25,5,644,2014-01-06,2016-06-30,2016-07-01,2017-01-01,131,0,0,5,126,2016-07-01,2016-12-30
cross_fit,2017,2008-01-01,1,398,34,blocked_input,2005-07-19,2007-07-01,508,109,0,1,398,2005-12-20,2007-06-29,2007-07-01,2008-01-01,126,91,1,0,34,2007-07-02,2007-08-17
cross_fit,2017,2008-01-01,5,394,30,blocked_input,2005-07-19,2007-07-01,508,109,0,5,394,2005-12-20,2007-06-29,2007-07-01,2008-01-01,126,91,5,0,30,2007-07-02,2007-08-17
cross_fit,2017,2009-01-01,1,433,25,blocked_input,2005-07-19,2008-07-01,760,326,1,0,433,2005-12-20,2007-08-17,2008-07-01,2009-01-01,111,85,1,0,25,2008-11-21,2008-12-26
cross_fit,2017,2009-01-01,5,429,21,blocked_input,2005-07-19,2008-07-01,760,326,5,0,429,2005-12-20,2007-08-17,2008-07-01,2009-01-01,111,85,5,0,21,2008-11-21,2008-12-26
cross_fit,2017,2010-01-01,1,497,131,calendar_eligible,2005-07-19,2009-07-01,997,497,2,1,433,2005-12-20,2007-08-17,2009-07-01,2010-01-01,132,0,0,1,131,2009-07-01,2009-12-31
cross_fit,2017,2010-01-01,5,485,127,calendar_eligible,2005-07-19,2009-07-01,997,497,10,5,429,2005-12-20,2007-08-17,2009-07-01,2010-01-01,132,0,0,5,127,2009-07-01,2009-12-31
cross_fit,2017,2011-01-01,1,758,131,calendar_eligible,2005-07-19,2010-07-01,1258,497,2,1,433,2005-12-20,2007-08-17,2010-07-01,2011-01-01,132,0,0,1,131,2010-07-01,2010-12-31
cross_fit,2017,2011-01-01,5,746,127,calendar_eligible,2005-07-19,2010-07-01,1258,497,10,5,429,2005-12-20,2007-08-17,2010-07-01,2011-01-01,132,0,0,5,127,2010-07-01,2010-12-31
cross_fit,2017,2012-01-01,1,964,121,calendar_eligible,2005-07-19,2011-07-01,1518,551,3,0,506,2009-05-06,2011-04-14,2011-07-01,2012-01-01,131,9,0,1,121,2011-07-14,2011-12-30
cross_fit,2017,2012-01-01,5,952,117,calendar_eligible,2005-07-19,2011-07-01,1518,551,15,0,502,2009-05-06,2011-04-14,2011-07-01,2012-01-01,131,9,0,5,117,2011-07-14,2011-12-30
cross_fit,2017,2013-01-01,1,1215,110,calendar_eligible,2005-07-19,2012-07-01,1779,560,3,1,506,2009-05-06,2011-04-14,2012-07-01,2013-01-01,130,19,1,0,110,2012-07-02,2012-12-03
cross_fit,2017,2013-01-01,5,1199,106,calendar_eligible,2005-07-19,2012-07-01,1779,560,15,5,502,2009-05-06,2011-04-14,2012-07-01,2013-01-01,130,19,5,0,106,2012-07-02,2012-12-03
cross_fit,2017,2014-01-01,1,1379,70,calendar_eligible,2005-07-19,2013-07-01,2037,653,4,1,506,2009-05-06,2011-04-14,2013-07-01,2014-01-01,131,60,1,0,70,2013-07-01,2013-10-07
cross_fit,2017,2014-01-01,5,1359,66,calendar_eligible,2005-07-19,2013-07-01,2037,653,20,5,502,2009-05-06,2011-04-14,2013-07-01,2014-01-01,131,60,5,0,66,2013-07-01,2013-10-07
cross_fit,2017,2015-01-01,1,1575,131,calendar_eligible,2005-07-19,2014-07-01,2297,716,5,1,506,2009-05-06,2011-04-14,2014-07-01,2015-01-01,132,0,0,1,131,2014-07-01,2014-12-31
cross_fit,2017,2015-01-01,5,1551,127,calendar_eligible,2005-07-19,2014-07-01,2297,716,25,5,502,2009-05-06,2011-04-14,2014-07-01,2015-01-01,132,0,0,5,127,2014-07-01,2014-12-31
cross_fit,2017,2016-01-01,1,1836,131,calendar_eligible,2005-07-19,2015-07-01,2558,716,5,1,506,2009-05-06,2011-04-14,2015-07-01,2016-01-01,132,0,0,1,131,2015-07-01,2015-12-31
cross_fit,2017,2016-01-01,5,1812,127,calendar_eligible,2005-07-19,2015-07-01,2558,716,25,5,502,2009-05-06,2011-04-14,2015-07-01,2016-01-01,132,0,0,5,127,2015-07-01,2015-12-31
cross_fit,2017,2016-07-01,1,1968,129,calendar_eligible,2005-07-19,2016-01-01,2690,716,5,1,518,2014-01-06,2015-12-31,2016-01-01,2016-07-01,130,0,0,1,129,2016-01-01,2016-06-30
cross_fit,2017,2016-07-01,5,1944,125,calendar_eligible,2005-07-19,2016-01-01,2690,716,25,5,514,2014-01-06,2015-12-31,2016-01-01,2016-07-01,130,0,0,5,125,2016-01-01,2016-06-30
cross_fit,2017,2017-01-01,1,2098,130,calendar_eligible,2005-07-19,2016-07-01,2820,716,5,1,648,2014-01-06,2016-06-30,2016-07-01,2017-01-01,131,0,0,1,130,2016-07-01,2016-12-30
cross_fit,2017,2017-01-01,5,2074,126,calendar_eligible,2005-07-19,2016-07-01,2820,716,25,5,644,2014-01-06,2016-06-30,2016-07-01,2017-01-01,131,0,0,5,126,2016-07-01,2016-12-30
ppo_validation,2017,2017-01-01,1,0,130,calendar_eligible,,,,,,,,,,2016-07-01,2017-01-01,131,0,0,1,130,2016-07-01,2016-12-30
rl_train,2017,2016-07-01,1,1665,0,calendar_eligible,2008-01-01,2016-07-01,2186,516,4,1,648,2014-01-06,2016-06-30,,,,,,,,,
outer,2018,2018-01-01,1,2359,32,blocked_input,2003-06-01,2017-07-01,3081,716,5,1,909,2014-01-06,2017-06-30,2017-07-01,2018-01-01,128,94,2,0,27,2017-10-09,2017-11-15
outer,2018,2018-01-01,5,2335,24,blocked_input,2003-06-01,2017-07-01,3081,716,25,5,905,2014-01-06,2017-06-30,2017-07-01,2018-01-01,128,94,10,0,23,2017-10-09,2017-11-15
cross_fit,2018,2008-01-01,1,398,34,blocked_input,2005-07-19,2007-07-01,508,109,0,1,398,2005-12-20,2007-06-29,2007-07-01,2008-01-01,126,91,1,0,34,2007-07-02,2007-08-17
cross_fit,2018,2008-01-01,5,394,30,blocked_input,2005-07-19,2007-07-01,508,109,0,5,394,2005-12-20,2007-06-29,2007-07-01,2008-01-01,126,91,5,0,30,2007-07-02,2007-08-17
cross_fit,2018,2009-01-01,1,433,25,blocked_input,2005-07-19,2008-07-01,760,326,1,0,433,2005-12-20,2007-08-17,2008-07-01,2009-01-01,111,85,1,0,25,2008-11-21,2008-12-26
cross_fit,2018,2009-01-01,5,429,21,blocked_input,2005-07-19,2008-07-01,760,326,5,0,429,2005-12-20,2007-08-17,2008-07-01,2009-01-01,111,85,5,0,21,2008-11-21,2008-12-26
cross_fit,2018,2010-01-01,1,497,131,calendar_eligible,2005-07-19,2009-07-01,997,497,2,1,433,2005-12-20,2007-08-17,2009-07-01,2010-01-01,132,0,0,1,131,2009-07-01,2009-12-31
cross_fit,2018,2010-01-01,5,485,127,calendar_eligible,2005-07-19,2009-07-01,997,497,10,5,429,2005-12-20,2007-08-17,2009-07-01,2010-01-01,132,0,0,5,127,2009-07-01,2009-12-31
cross_fit,2018,2011-01-01,1,758,131,calendar_eligible,2005-07-19,2010-07-01,1258,497,2,1,433,2005-12-20,2007-08-17,2010-07-01,2011-01-01,132,0,0,1,131,2010-07-01,2010-12-31
cross_fit,2018,2011-01-01,5,746,127,calendar_eligible,2005-07-19,2010-07-01,1258,497,10,5,429,2005-12-20,2007-08-17,2010-07-01,2011-01-01,132,0,0,5,127,2010-07-01,2010-12-31
cross_fit,2018,2012-01-01,1,964,121,calendar_eligible,2005-07-19,2011-07-01,1518,551,3,0,506,2009-05-06,2011-04-14,2011-07-01,2012-01-01,131,9,0,1,121,2011-07-14,2011-12-30
cross_fit,2018,2012-01-01,5,952,117,calendar_eligible,2005-07-19,2011-07-01,1518,551,15,0,502,2009-05-06,2011-04-14,2011-07-01,2012-01-01,131,9,0,5,117,2011-07-14,2011-12-30
cross_fit,2018,2013-01-01,1,1215,110,calendar_eligible,2005-07-19,2012-07-01,1779,560,3,1,506,2009-05-06,2011-04-14,2012-07-01,2013-01-01,130,19,1,0,110,2012-07-02,2012-12-03
cross_fit,2018,2013-01-01,5,1199,106,calendar_eligible,2005-07-19,2012-07-01,1779,560,15,5,502,2009-05-06,2011-04-14,2012-07-01,2013-01-01,130,19,5,0,106,2012-07-02,2012-12-03
cross_fit,2018,2014-01-01,1,1379,70,calendar_eligible,2005-07-19,2013-07-01,2037,653,4,1,506,2009-05-06,2011-04-14,2013-07-01,2014-01-01,131,60,1,0,70,2013-07-01,2013-10-07
cross_fit,2018,2014-01-01,5,1359,66,calendar_eligible,2005-07-19,2013-07-01,2037,653,20,5,502,2009-05-06,2011-04-14,2013-07-01,2014-01-01,131,60,5,0,66,2013-07-01,2013-10-07
cross_fit,2018,2015-01-01,1,1575,131,calendar_eligible,2005-07-19,2014-07-01,2297,716,5,1,506,2009-05-06,2011-04-14,2014-07-01,2015-01-01,132,0,0,1,131,2014-07-01,2014-12-31
cross_fit,2018,2015-01-01,5,1551,127,calendar_eligible,2005-07-19,2014-07-01,2297,716,25,5,502,2009-05-06,2011-04-14,2014-07-01,2015-01-01,132,0,0,5,127,2014-07-01,2014-12-31
cross_fit,2018,2016-01-01,1,1836,131,calendar_eligible,2005-07-19,2015-07-01,2558,716,5,1,506,2009-05-06,2011-04-14,2015-07-01,2016-01-01,132,0,0,1,131,2015-07-01,2015-12-31
cross_fit,2018,2016-01-01,5,1812,127,calendar_eligible,2005-07-19,2015-07-01,2558,716,25,5,502,2009-05-06,2011-04-14,2015-07-01,2016-01-01,132,0,0,5,127,2015-07-01,2015-12-31
cross_fit,2018,2017-01-01,1,2098,130,calendar_eligible,2005-07-19,2016-07-01,2820,716,5,1,648,2014-01-06,2016-06-30,2016-07-01,2017-01-01,131,0,0,1,130,2016-07-01,2016-12-30
cross_fit,2018,2017-01-01,5,2074,126,calendar_eligible,2005-07-19,2016-07-01,2820,716,25,5,644,2014-01-06,2016-06-30,2016-07-01,2017-01-01,131,0,0,5,126,2016-07-01,2016-12-30
cross_fit,2018,2017-07-01,1,2229,129,calendar_eligible,2005-07-19,2017-01-01,2951,716,5,1,779,2014-01-06,2016-12-30,2017-01-01,2017-07-01,130,0,0,1,129,2017-01-02,2017-06-30
cross_fit,2018,2017-07-01,5,2205,125,calendar_eligible,2005-07-19,2017-01-01,2951,716,25,5,775,2014-01-06,2016-12-30,2017-01-01,2017-07-01,130,0,0,5,125,2017-01-02,2017-06-30
cross_fit,2018,2018-01-01,1,2359,32,blocked_input,2005-07-19,2017-07-01,3081,716,5,1,909,2014-01-06,2017-06-30,2017-07-01,2018-01-01,128,94,2,0,27,2017-10-09,2017-11-15
cross_fit,2018,2018-01-01,5,2335,24,blocked_input,2005-07-19,2017-07-01,3081,716,25,5,905,2014-01-06,2017-06-30,2017-07-01,2018-01-01,128,94,10,0,23,2017-10-09,2017-11-15
ppo_validation,2018,2018-01-01,1,0,27,blocked_input,,,,,,,,,,2017-07-01,2018-01-01,128,94,2,0,27,2017-10-09,2017-11-15
rl_train,2018,2017-07-01,1,1926,0,calendar_eligible,2008-01-01,2017-07-01,2447,516,4,1,909,2014-01-06,2017-06-30,,,,,,,,,
outer,2019,2019-01-01,1,2489,130,calendar_eligible,2003-06-01,2018-07-01,3339,842,7,1,915,2014-01-06,2017-07-10,2018-07-01,2019-01-01,131,0,0,1,130,2018-07-02,2018-12-31
outer,2019,2019-01-01,5,2457,126,calendar_eligible,2003-06-01,2018-07-01,3339,842,35,5,911,2014-01-06,2017-07-10,2018-07-01,2019-01-01,131,0,0,5,126,2018-07-02,2018-12-31
cross_fit,2019,2008-01-01,1,398,34,blocked_input,2005-07-19,2007-07-01,508,109,0,1,398,2005-12-20,2007-06-29,2007-07-01,2008-01-01,126,91,1,0,34,2007-07-02,2007-08-17
cross_fit,2019,2008-01-01,5,394,30,blocked_input,2005-07-19,2007-07-01,508,109,0,5,394,2005-12-20,2007-06-29,2007-07-01,2008-01-01,126,91,5,0,30,2007-07-02,2007-08-17
cross_fit,2019,2009-01-01,1,433,25,blocked_input,2005-07-19,2008-07-01,760,326,1,0,433,2005-12-20,2007-08-17,2008-07-01,2009-01-01,111,85,1,0,25,2008-11-21,2008-12-26
cross_fit,2019,2009-01-01,5,429,21,blocked_input,2005-07-19,2008-07-01,760,326,5,0,429,2005-12-20,2007-08-17,2008-07-01,2009-01-01,111,85,5,0,21,2008-11-21,2008-12-26
cross_fit,2019,2010-01-01,1,497,131,calendar_eligible,2005-07-19,2009-07-01,997,497,2,1,433,2005-12-20,2007-08-17,2009-07-01,2010-01-01,132,0,0,1,131,2009-07-01,2009-12-31
cross_fit,2019,2010-01-01,5,485,127,calendar_eligible,2005-07-19,2009-07-01,997,497,10,5,429,2005-12-20,2007-08-17,2009-07-01,2010-01-01,132,0,0,5,127,2009-07-01,2009-12-31
cross_fit,2019,2011-01-01,1,758,131,calendar_eligible,2005-07-19,2010-07-01,1258,497,2,1,433,2005-12-20,2007-08-17,2010-07-01,2011-01-01,132,0,0,1,131,2010-07-01,2010-12-31
cross_fit,2019,2011-01-01,5,746,127,calendar_eligible,2005-07-19,2010-07-01,1258,497,10,5,429,2005-12-20,2007-08-17,2010-07-01,2011-01-01,132,0,0,5,127,2010-07-01,2010-12-31
cross_fit,2019,2012-01-01,1,964,121,calendar_eligible,2005-07-19,2011-07-01,1518,551,3,0,506,2009-05-06,2011-04-14,2011-07-01,2012-01-01,131,9,0,1,121,2011-07-14,2011-12-30
cross_fit,2019,2012-01-01,5,952,117,calendar_eligible,2005-07-19,2011-07-01,1518,551,15,0,502,2009-05-06,2011-04-14,2011-07-01,2012-01-01,131,9,0,5,117,2011-07-14,2011-12-30
cross_fit,2019,2013-01-01,1,1215,110,calendar_eligible,2005-07-19,2012-07-01,1779,560,3,1,506,2009-05-06,2011-04-14,2012-07-01,2013-01-01,130,19,1,0,110,2012-07-02,2012-12-03
cross_fit,2019,2013-01-01,5,1199,106,calendar_eligible,2005-07-19,2012-07-01,1779,560,15,5,502,2009-05-06,2011-04-14,2012-07-01,2013-01-01,130,19,5,0,106,2012-07-02,2012-12-03
cross_fit,2019,2014-01-01,1,1379,70,calendar_eligible,2005-07-19,2013-07-01,2037,653,4,1,506,2009-05-06,2011-04-14,2013-07-01,2014-01-01,131,60,1,0,70,2013-07-01,2013-10-07
cross_fit,2019,2014-01-01,5,1359,66,calendar_eligible,2005-07-19,2013-07-01,2037,653,20,5,502,2009-05-06,2011-04-14,2013-07-01,2014-01-01,131,60,5,0,66,2013-07-01,2013-10-07
cross_fit,2019,2015-01-01,1,1575,131,calendar_eligible,2005-07-19,2014-07-01,2297,716,5,1,506,2009-05-06,2011-04-14,2014-07-01,2015-01-01,132,0,0,1,131,2014-07-01,2014-12-31
cross_fit,2019,2015-01-01,5,1551,127,calendar_eligible,2005-07-19,2014-07-01,2297,716,25,5,502,2009-05-06,2011-04-14,2014-07-01,2015-01-01,132,0,0,5,127,2014-07-01,2014-12-31
cross_fit,2019,2016-01-01,1,1836,131,calendar_eligible,2005-07-19,2015-07-01,2558,716,5,1,506,2009-05-06,2011-04-14,2015-07-01,2016-01-01,132,0,0,1,131,2015-07-01,2015-12-31
cross_fit,2019,2016-01-01,5,1812,127,calendar_eligible,2005-07-19,2015-07-01,2558,716,25,5,502,2009-05-06,2011-04-14,2015-07-01,2016-01-01,132,0,0,5,127,2015-07-01,2015-12-31
cross_fit,2019,2017-01-01,1,2098,130,calendar_eligible,2005-07-19,2016-07-01,2820,716,5,1,648,2014-01-06,2016-06-30,2016-07-01,2017-01-01,131,0,0,1,130,2016-07-01,2016-12-30
cross_fit,2019,2017-01-01,5,2074,126,calendar_eligible,2005-07-19,2016-07-01,2820,716,25,5,644,2014-01-06,2016-06-30,2016-07-01,2017-01-01,131,0,0,5,126,2016-07-01,2016-12-30
cross_fit,2019,2018-01-01,1,2359,32,blocked_input,2005-07-19,2017-07-01,3081,716,5,1,909,2014-01-06,2017-06-30,2017-07-01,2018-01-01,128,94,2,0,27,2017-10-09,2017-11-15
cross_fit,2019,2018-01-01,5,2335,24,blocked_input,2005-07-19,2017-07-01,3081,716,25,5,905,2014-01-06,2017-06-30,2017-07-01,2018-01-01,128,94,10,0,23,2017-10-09,2017-11-15
cross_fit,2019,2018-07-01,1,2392,97,calendar_eligible,2005-07-19,2018-01-01,3209,810,7,0,915,2014-01-06,2017-07-10,2018-01-01,2018-07-01,130,32,0,1,97,2018-02-14,2018-06-29
cross_fit,2019,2018-07-01,5,2364,93,calendar_eligible,2005-07-19,2018-01-01,3209,810,35,0,911,2014-01-06,2017-07-10,2018-01-01,2018-07-01,130,32,0,5,93,2018-02-14,2018-06-29
cross_fit,2019,2019-01-01,1,2489,130,calendar_eligible,2005-07-19,2018-07-01,3339,842,7,1,915,2014-01-06,2017-07-10,2018-07-01,2019-01-01,131,0,0,1,130,2018-07-02,2018-12-31
cross_fit,2019,2019-01-01,5,2457,126,calendar_eligible,2005-07-19,2018-07-01,3339,842,35,5,911,2014-01-06,2017-07-10,2018-07-01,2019-01-01,131,0,0,5,126,2018-07-02,2018-12-31
ppo_validation,2019,2019-01-01,1,0,130,calendar_eligible,,,,,,,,,,2018-07-01,2019-01-01,131,0,0,1,130,2018-07-02,2018-12-31
rl_train,2019,2018-07-01,1,2056,0,calendar_eligible,2008-01-01,2018-07-01,2705,642,6,1,915,2014-01-06,2017-07-10,,,,,,,,,
outer,2020,2020-01-01,1,2721,95,calendar_eligible,2003-06-01,2019-07-01,3598,869,8,0,915,2014-01-06,2017-07-10,2019-07-01,2020-01-01,132,36,0,1,95,2019-08-20,2019-12-31
outer,2020,2020-01-01,5,2689,91,calendar_eligible,2003-06-01,2019-07-01,3598,869,40,0,911,2014-01-06,2017-07-10,2019-07-01,2020-01-01,132,36,0,5,91,2019-08-20,2019-12-31
cross_fit,2020,2008-01-01,1,398,34,blocked_input,2005-07-19,2007-07-01,508,109,0,1,398,2005-12-20,2007-06-29,2007-07-01,2008-01-01,126,91,1,0,34,2007-07-02,2007-08-17
cross_fit,2020,2008-01-01,5,394,30,blocked_input,2005-07-19,2007-07-01,508,109,0,5,394,2005-12-20,2007-06-29,2007-07-01,2008-01-01,126,91,5,0,30,2007-07-02,2007-08-17
cross_fit,2020,2009-01-01,1,433,25,blocked_input,2005-07-19,2008-07-01,760,326,1,0,433,2005-12-20,2007-08-17,2008-07-01,2009-01-01,111,85,1,0,25,2008-11-21,2008-12-26
cross_fit,2020,2009-01-01,5,429,21,blocked_input,2005-07-19,2008-07-01,760,326,5,0,429,2005-12-20,2007-08-17,2008-07-01,2009-01-01,111,85,5,0,21,2008-11-21,2008-12-26
cross_fit,2020,2010-01-01,1,497,131,calendar_eligible,2005-07-19,2009-07-01,997,497,2,1,433,2005-12-20,2007-08-17,2009-07-01,2010-01-01,132,0,0,1,131,2009-07-01,2009-12-31
cross_fit,2020,2010-01-01,5,485,127,calendar_eligible,2005-07-19,2009-07-01,997,497,10,5,429,2005-12-20,2007-08-17,2009-07-01,2010-01-01,132,0,0,5,127,2009-07-01,2009-12-31
cross_fit,2020,2011-01-01,1,758,131,calendar_eligible,2005-07-19,2010-07-01,1258,497,2,1,433,2005-12-20,2007-08-17,2010-07-01,2011-01-01,132,0,0,1,131,2010-07-01,2010-12-31
cross_fit,2020,2011-01-01,5,746,127,calendar_eligible,2005-07-19,2010-07-01,1258,497,10,5,429,2005-12-20,2007-08-17,2010-07-01,2011-01-01,132,0,0,5,127,2010-07-01,2010-12-31
cross_fit,2020,2012-01-01,1,964,121,calendar_eligible,2005-07-19,2011-07-01,1518,551,3,0,506,2009-05-06,2011-04-14,2011-07-01,2012-01-01,131,9,0,1,121,2011-07-14,2011-12-30
cross_fit,2020,2012-01-01,5,952,117,calendar_eligible,2005-07-19,2011-07-01,1518,551,15,0,502,2009-05-06,2011-04-14,2011-07-01,2012-01-01,131,9,0,5,117,2011-07-14,2011-12-30
cross_fit,2020,2013-01-01,1,1215,110,calendar_eligible,2005-07-19,2012-07-01,1779,560,3,1,506,2009-05-06,2011-04-14,2012-07-01,2013-01-01,130,19,1,0,110,2012-07-02,2012-12-03
cross_fit,2020,2013-01-01,5,1199,106,calendar_eligible,2005-07-19,2012-07-01,1779,560,15,5,502,2009-05-06,2011-04-14,2012-07-01,2013-01-01,130,19,5,0,106,2012-07-02,2012-12-03
cross_fit,2020,2014-01-01,1,1379,70,calendar_eligible,2005-07-19,2013-07-01,2037,653,4,1,506,2009-05-06,2011-04-14,2013-07-01,2014-01-01,131,60,1,0,70,2013-07-01,2013-10-07
cross_fit,2020,2014-01-01,5,1359,66,calendar_eligible,2005-07-19,2013-07-01,2037,653,20,5,502,2009-05-06,2011-04-14,2013-07-01,2014-01-01,131,60,5,0,66,2013-07-01,2013-10-07
cross_fit,2020,2015-01-01,1,1575,131,calendar_eligible,2005-07-19,2014-07-01,2297,716,5,1,506,2009-05-06,2011-04-14,2014-07-01,2015-01-01,132,0,0,1,131,2014-07-01,2014-12-31
cross_fit,2020,2015-01-01,5,1551,127,calendar_eligible,2005-07-19,2014-07-01,2297,716,25,5,502,2009-05-06,2011-04-14,2014-07-01,2015-01-01,132,0,0,5,127,2014-07-01,2014-12-31
cross_fit,2020,2016-01-01,1,1836,131,calendar_eligible,2005-07-19,2015-07-01,2558,716,5,1,506,2009-05-06,2011-04-14,2015-07-01,2016-01-01,132,0,0,1,131,2015-07-01,2015-12-31
cross_fit,2020,2016-01-01,5,1812,127,calendar_eligible,2005-07-19,2015-07-01,2558,716,25,5,502,2009-05-06,2011-04-14,2015-07-01,2016-01-01,132,0,0,5,127,2015-07-01,2015-12-31
cross_fit,2020,2017-01-01,1,2098,130,calendar_eligible,2005-07-19,2016-07-01,2820,716,5,1,648,2014-01-06,2016-06-30,2016-07-01,2017-01-01,131,0,0,1,130,2016-07-01,2016-12-30
cross_fit,2020,2017-01-01,5,2074,126,calendar_eligible,2005-07-19,2016-07-01,2820,716,25,5,644,2014-01-06,2016-06-30,2016-07-01,2017-01-01,131,0,0,5,126,2016-07-01,2016-12-30
cross_fit,2020,2018-01-01,1,2359,32,blocked_input,2005-07-19,2017-07-01,3081,716,5,1,909,2014-01-06,2017-06-30,2017-07-01,2018-01-01,128,94,2,0,27,2017-10-09,2017-11-15
cross_fit,2020,2018-01-01,5,2335,24,blocked_input,2005-07-19,2017-07-01,3081,716,25,5,905,2014-01-06,2017-06-30,2017-07-01,2018-01-01,128,94,10,0,23,2017-10-09,2017-11-15
cross_fit,2020,2019-01-01,1,2489,130,calendar_eligible,2005-07-19,2018-07-01,3339,842,7,1,915,2014-01-06,2017-07-10,2018-07-01,2019-01-01,131,0,0,1,130,2018-07-02,2018-12-31
cross_fit,2020,2019-01-01,5,2457,126,calendar_eligible,2005-07-19,2018-07-01,3339,842,35,5,911,2014-01-06,2017-07-10,2018-07-01,2019-01-01,131,0,0,5,126,2018-07-02,2018-12-31
cross_fit,2020,2019-07-01,1,2620,100,calendar_eligible,2005-07-19,2019-01-01,3470,842,7,1,915,2014-01-06,2017-07-10,2019-01-01,2019-07-01,128,27,1,0,100,2019-01-01,2019-05-21
cross_fit,2020,2019-07-01,5,2588,96,calendar_eligible,2005-07-19,2019-01-01,3470,842,35,5,911,2014-01-06,2017-07-10,2019-01-01,2019-07-01,128,27,5,0,96,2019-01-01,2019-05-21
cross_fit,2020,2020-01-01,1,2721,95,calendar_eligible,2005-07-19,2019-07-01,3598,869,8,0,915,2014-01-06,2017-07-10,2019-07-01,2020-01-01,132,36,0,1,95,2019-08-20,2019-12-31
cross_fit,2020,2020-01-01,5,2689,91,calendar_eligible,2005-07-19,2019-07-01,3598,869,40,0,911,2014-01-06,2017-07-10,2019-07-01,2020-01-01,132,36,0,5,91,2019-08-20,2019-12-31
ppo_validation,2020,2020-01-01,1,0,95,calendar_eligible,,,,,,,,,,2019-07-01,2020-01-01,132,36,0,1,95,2019-08-20,2019-12-31
rl_train,2020,2019-07-01,1,2288,0,calendar_eligible,2008-01-01,2019-07-01,2964,669,7,0,915,2014-01-06,2017-07-10,,,,,,,,,
outer,2021,2021-01-01,1,2946,131,calendar_eligible,2003-06-01,2020-07-01,3860,905,8,1,915,2014-01-06,2017-07-10,2020-07-01,2021-01-01,132,0,0,1,131,2020-07-01,2020-12-31
outer,2021,2021-01-01,5,2910,127,calendar_eligible,2003-06-01,2020-07-01,3860,905,40,5,911,2014-01-06,2017-07-10,2020-07-01,2021-01-01,132,0,0,5,127,2020-07-01,2020-12-31
cross_fit,2021,2008-01-01,1,398,34,blocked_input,2005-07-19,2007-07-01,508,109,0,1,398,2005-12-20,2007-06-29,2007-07-01,2008-01-01,126,91,1,0,34,2007-07-02,2007-08-17
cross_fit,2021,2008-01-01,5,394,30,blocked_input,2005-07-19,2007-07-01,508,109,0,5,394,2005-12-20,2007-06-29,2007-07-01,2008-01-01,126,91,5,0,30,2007-07-02,2007-08-17
cross_fit,2021,2009-01-01,1,433,25,blocked_input,2005-07-19,2008-07-01,760,326,1,0,433,2005-12-20,2007-08-17,2008-07-01,2009-01-01,111,85,1,0,25,2008-11-21,2008-12-26
cross_fit,2021,2009-01-01,5,429,21,blocked_input,2005-07-19,2008-07-01,760,326,5,0,429,2005-12-20,2007-08-17,2008-07-01,2009-01-01,111,85,5,0,21,2008-11-21,2008-12-26
cross_fit,2021,2010-01-01,1,497,131,calendar_eligible,2005-07-19,2009-07-01,997,497,2,1,433,2005-12-20,2007-08-17,2009-07-01,2010-01-01,132,0,0,1,131,2009-07-01,2009-12-31
cross_fit,2021,2010-01-01,5,485,127,calendar_eligible,2005-07-19,2009-07-01,997,497,10,5,429,2005-12-20,2007-08-17,2009-07-01,2010-01-01,132,0,0,5,127,2009-07-01,2009-12-31
cross_fit,2021,2011-01-01,1,758,131,calendar_eligible,2005-07-19,2010-07-01,1258,497,2,1,433,2005-12-20,2007-08-17,2010-07-01,2011-01-01,132,0,0,1,131,2010-07-01,2010-12-31
cross_fit,2021,2011-01-01,5,746,127,calendar_eligible,2005-07-19,2010-07-01,1258,497,10,5,429,2005-12-20,2007-08-17,2010-07-01,2011-01-01,132,0,0,5,127,2010-07-01,2010-12-31
cross_fit,2021,2012-01-01,1,964,121,calendar_eligible,2005-07-19,2011-07-01,1518,551,3,0,506,2009-05-06,2011-04-14,2011-07-01,2012-01-01,131,9,0,1,121,2011-07-14,2011-12-30
cross_fit,2021,2012-01-01,5,952,117,calendar_eligible,2005-07-19,2011-07-01,1518,551,15,0,502,2009-05-06,2011-04-14,2011-07-01,2012-01-01,131,9,0,5,117,2011-07-14,2011-12-30
cross_fit,2021,2013-01-01,1,1215,110,calendar_eligible,2005-07-19,2012-07-01,1779,560,3,1,506,2009-05-06,2011-04-14,2012-07-01,2013-01-01,130,19,1,0,110,2012-07-02,2012-12-03
cross_fit,2021,2013-01-01,5,1199,106,calendar_eligible,2005-07-19,2012-07-01,1779,560,15,5,502,2009-05-06,2011-04-14,2012-07-01,2013-01-01,130,19,5,0,106,2012-07-02,2012-12-03
cross_fit,2021,2014-01-01,1,1379,70,calendar_eligible,2005-07-19,2013-07-01,2037,653,4,1,506,2009-05-06,2011-04-14,2013-07-01,2014-01-01,131,60,1,0,70,2013-07-01,2013-10-07
cross_fit,2021,2014-01-01,5,1359,66,calendar_eligible,2005-07-19,2013-07-01,2037,653,20,5,502,2009-05-06,2011-04-14,2013-07-01,2014-01-01,131,60,5,0,66,2013-07-01,2013-10-07
cross_fit,2021,2015-01-01,1,1575,131,calendar_eligible,2005-07-19,2014-07-01,2297,716,5,1,506,2009-05-06,2011-04-14,2014-07-01,2015-01-01,132,0,0,1,131,2014-07-01,2014-12-31
cross_fit,2021,2015-01-01,5,1551,127,calendar_eligible,2005-07-19,2014-07-01,2297,716,25,5,502,2009-05-06,2011-04-14,2014-07-01,2015-01-01,132,0,0,5,127,2014-07-01,2014-12-31
cross_fit,2021,2016-01-01,1,1836,131,calendar_eligible,2005-07-19,2015-07-01,2558,716,5,1,506,2009-05-06,2011-04-14,2015-07-01,2016-01-01,132,0,0,1,131,2015-07-01,2015-12-31
cross_fit,2021,2016-01-01,5,1812,127,calendar_eligible,2005-07-19,2015-07-01,2558,716,25,5,502,2009-05-06,2011-04-14,2015-07-01,2016-01-01,132,0,0,5,127,2015-07-01,2015-12-31
cross_fit,2021,2017-01-01,1,2098,130,calendar_eligible,2005-07-19,2016-07-01,2820,716,5,1,648,2014-01-06,2016-06-30,2016-07-01,2017-01-01,131,0,0,1,130,2016-07-01,2016-12-30
cross_fit,2021,2017-01-01,5,2074,126,calendar_eligible,2005-07-19,2016-07-01,2820,716,25,5,644,2014-01-06,2016-06-30,2016-07-01,2017-01-01,131,0,0,5,126,2016-07-01,2016-12-30
cross_fit,2021,2018-01-01,1,2359,32,blocked_input,2005-07-19,2017-07-01,3081,716,5,1,909,2014-01-06,2017-06-30,2017-07-01,2018-01-01,128,94,2,0,27,2017-10-09,2017-11-15
cross_fit,2021,2018-01-01,5,2335,24,blocked_input,2005-07-19,2017-07-01,3081,716,25,5,905,2014-01-06,2017-06-30,2017-07-01,2018-01-01,128,94,10,0,23,2017-10-09,2017-11-15
cross_fit,2021,2019-01-01,1,2489,130,calendar_eligible,2005-07-19,2018-07-01,3339,842,7,1,915,2014-01-06,2017-07-10,2018-07-01,2019-01-01,131,0,0,1,130,2018-07-02,2018-12-31
cross_fit,2021,2019-01-01,5,2457,126,calendar_eligible,2005-07-19,2018-07-01,3339,842,35,5,911,2014-01-06,2017-07-10,2018-07-01,2019-01-01,131,0,0,5,126,2018-07-02,2018-12-31
cross_fit,2021,2020-01-01,1,2721,95,calendar_eligible,2005-07-19,2019-07-01,3598,869,8,0,915,2014-01-06,2017-07-10,2019-07-01,2020-01-01,132,36,0,1,95,2019-08-20,2019-12-31
cross_fit,2021,2020-01-01,5,2689,91,calendar_eligible,2005-07-19,2019-07-01,3598,869,40,0,911,2014-01-06,2017-07-10,2019-07-01,2020-01-01,132,36,0,5,91,2019-08-20,2019-12-31
cross_fit,2021,2020-07-01,1,2816,129,calendar_eligible,2005-07-19,2020-01-01,3730,905,8,1,915,2014-01-06,2017-07-10,2020-01-01,2020-07-01,130,0,0,1,129,2020-01-01,2020-06-30
cross_fit,2021,2020-07-01,5,2780,125,calendar_eligible,2005-07-19,2020-01-01,3730,905,40,5,911,2014-01-06,2017-07-10,2020-01-01,2020-07-01,130,0,0,5,125,2020-01-01,2020-06-30
cross_fit,2021,2021-01-01,1,2946,131,calendar_eligible,2005-07-19,2020-07-01,3860,905,8,1,915,2014-01-06,2017-07-10,2020-07-01,2021-01-01,132,0,0,1,131,2020-07-01,2020-12-31
cross_fit,2021,2021-01-01,5,2910,127,calendar_eligible,2005-07-19,2020-07-01,3860,905,40,5,911,2014-01-06,2017-07-10,2020-07-01,2021-01-01,132,0,0,5,127,2020-07-01,2020-12-31
ppo_validation,2021,2021-01-01,1,0,131,calendar_eligible,,,,,,,,,,2020-07-01,2021-01-01,132,0,0,1,131,2020-07-01,2020-12-31
rl_train,2021,2020-07-01,1,2513,0,calendar_eligible,2008-01-01,2020-07-01,3226,705,7,1,915,2014-01-06,2017-07-10,,,,,,,,,
outer,2022,2022-01-01,1,3207,131,calendar_eligible,2003-06-01,2021-07-01,4121,905,8,1,915,2014-01-06,2017-07-10,2021-07-01,2022-01-01,132,0,0,1,131,2021-07-01,2021-12-31
outer,2022,2022-01-01,5,3171,127,calendar_eligible,2003-06-01,2021-07-01,4121,905,40,5,911,2014-01-06,2017-07-10,2021-07-01,2022-01-01,132,0,0,5,127,2021-07-01,2021-12-31
cross_fit,2022,2008-01-01,1,398,34,blocked_input,2005-07-19,2007-07-01,508,109,0,1,398,2005-12-20,2007-06-29,2007-07-01,2008-01-01,126,91,1,0,34,2007-07-02,2007-08-17
cross_fit,2022,2008-01-01,5,394,30,blocked_input,2005-07-19,2007-07-01,508,109,0,5,394,2005-12-20,2007-06-29,2007-07-01,2008-01-01,126,91,5,0,30,2007-07-02,2007-08-17
cross_fit,2022,2009-01-01,1,433,25,blocked_input,2005-07-19,2008-07-01,760,326,1,0,433,2005-12-20,2007-08-17,2008-07-01,2009-01-01,111,85,1,0,25,2008-11-21,2008-12-26
cross_fit,2022,2009-01-01,5,429,21,blocked_input,2005-07-19,2008-07-01,760,326,5,0,429,2005-12-20,2007-08-17,2008-07-01,2009-01-01,111,85,5,0,21,2008-11-21,2008-12-26
cross_fit,2022,2010-01-01,1,497,131,calendar_eligible,2005-07-19,2009-07-01,997,497,2,1,433,2005-12-20,2007-08-17,2009-07-01,2010-01-01,132,0,0,1,131,2009-07-01,2009-12-31
cross_fit,2022,2010-01-01,5,485,127,calendar_eligible,2005-07-19,2009-07-01,997,497,10,5,429,2005-12-20,2007-08-17,2009-07-01,2010-01-01,132,0,0,5,127,2009-07-01,2009-12-31
cross_fit,2022,2011-01-01,1,758,131,calendar_eligible,2005-07-19,2010-07-01,1258,497,2,1,433,2005-12-20,2007-08-17,2010-07-01,2011-01-01,132,0,0,1,131,2010-07-01,2010-12-31
cross_fit,2022,2011-01-01,5,746,127,calendar_eligible,2005-07-19,2010-07-01,1258,497,10,5,429,2005-12-20,2007-08-17,2010-07-01,2011-01-01,132,0,0,5,127,2010-07-01,2010-12-31
cross_fit,2022,2012-01-01,1,964,121,calendar_eligible,2005-07-19,2011-07-01,1518,551,3,0,506,2009-05-06,2011-04-14,2011-07-01,2012-01-01,131,9,0,1,121,2011-07-14,2011-12-30
cross_fit,2022,2012-01-01,5,952,117,calendar_eligible,2005-07-19,2011-07-01,1518,551,15,0,502,2009-05-06,2011-04-14,2011-07-01,2012-01-01,131,9,0,5,117,2011-07-14,2011-12-30
cross_fit,2022,2013-01-01,1,1215,110,calendar_eligible,2005-07-19,2012-07-01,1779,560,3,1,506,2009-05-06,2011-04-14,2012-07-01,2013-01-01,130,19,1,0,110,2012-07-02,2012-12-03
cross_fit,2022,2013-01-01,5,1199,106,calendar_eligible,2005-07-19,2012-07-01,1779,560,15,5,502,2009-05-06,2011-04-14,2012-07-01,2013-01-01,130,19,5,0,106,2012-07-02,2012-12-03
cross_fit,2022,2014-01-01,1,1379,70,calendar_eligible,2005-07-19,2013-07-01,2037,653,4,1,506,2009-05-06,2011-04-14,2013-07-01,2014-01-01,131,60,1,0,70,2013-07-01,2013-10-07
cross_fit,2022,2014-01-01,5,1359,66,calendar_eligible,2005-07-19,2013-07-01,2037,653,20,5,502,2009-05-06,2011-04-14,2013-07-01,2014-01-01,131,60,5,0,66,2013-07-01,2013-10-07
cross_fit,2022,2015-01-01,1,1575,131,calendar_eligible,2005-07-19,2014-07-01,2297,716,5,1,506,2009-05-06,2011-04-14,2014-07-01,2015-01-01,132,0,0,1,131,2014-07-01,2014-12-31
cross_fit,2022,2015-01-01,5,1551,127,calendar_eligible,2005-07-19,2014-07-01,2297,716,25,5,502,2009-05-06,2011-04-14,2014-07-01,2015-01-01,132,0,0,5,127,2014-07-01,2014-12-31
cross_fit,2022,2016-01-01,1,1836,131,calendar_eligible,2005-07-19,2015-07-01,2558,716,5,1,506,2009-05-06,2011-04-14,2015-07-01,2016-01-01,132,0,0,1,131,2015-07-01,2015-12-31
cross_fit,2022,2016-01-01,5,1812,127,calendar_eligible,2005-07-19,2015-07-01,2558,716,25,5,502,2009-05-06,2011-04-14,2015-07-01,2016-01-01,132,0,0,5,127,2015-07-01,2015-12-31
cross_fit,2022,2017-01-01,1,2098,130,calendar_eligible,2005-07-19,2016-07-01,2820,716,5,1,648,2014-01-06,2016-06-30,2016-07-01,2017-01-01,131,0,0,1,130,2016-07-01,2016-12-30
cross_fit,2022,2017-01-01,5,2074,126,calendar_eligible,2005-07-19,2016-07-01,2820,716,25,5,644,2014-01-06,2016-06-30,2016-07-01,2017-01-01,131,0,0,5,126,2016-07-01,2016-12-30
cross_fit,2022,2018-01-01,1,2359,32,blocked_input,2005-07-19,2017-07-01,3081,716,5,1,909,2014-01-06,2017-06-30,2017-07-01,2018-01-01,128,94,2,0,27,2017-10-09,2017-11-15
cross_fit,2022,2018-01-01,5,2335,24,blocked_input,2005-07-19,2017-07-01,3081,716,25,5,905,2014-01-06,2017-06-30,2017-07-01,2018-01-01,128,94,10,0,23,2017-10-09,2017-11-15
cross_fit,2022,2019-01-01,1,2489,130,calendar_eligible,2005-07-19,2018-07-01,3339,842,7,1,915,2014-01-06,2017-07-10,2018-07-01,2019-01-01,131,0,0,1,130,2018-07-02,2018-12-31
cross_fit,2022,2019-01-01,5,2457,126,calendar_eligible,2005-07-19,2018-07-01,3339,842,35,5,911,2014-01-06,2017-07-10,2018-07-01,2019-01-01,131,0,0,5,126,2018-07-02,2018-12-31
cross_fit,2022,2020-01-01,1,2721,95,calendar_eligible,2005-07-19,2019-07-01,3598,869,8,0,915,2014-01-06,2017-07-10,2019-07-01,2020-01-01,132,36,0,1,95,2019-08-20,2019-12-31
cross_fit,2022,2020-01-01,5,2689,91,calendar_eligible,2005-07-19,2019-07-01,3598,869,40,0,911,2014-01-06,2017-07-10,2019-07-01,2020-01-01,132,36,0,5,91,2019-08-20,2019-12-31
cross_fit,2022,2021-01-01,1,2946,131,calendar_eligible,2005-07-19,2020-07-01,3860,905,8,1,915,2014-01-06,2017-07-10,2020-07-01,2021-01-01,132,0,0,1,131,2020-07-01,2020-12-31
cross_fit,2022,2021-01-01,5,2910,127,calendar_eligible,2005-07-19,2020-07-01,3860,905,40,5,911,2014-01-06,2017-07-10,2020-07-01,2021-01-01,132,0,0,5,127,2020-07-01,2020-12-31
cross_fit,2022,2021-07-01,1,3078,128,calendar_eligible,2005-07-19,2021-01-01,3992,905,8,1,915,2014-01-06,2017-07-10,2021-01-01,2021-07-01,129,0,0,1,128,2021-01-01,2021-06-30
cross_fit,2022,2021-07-01,5,3042,124,calendar_eligible,2005-07-19,2021-01-01,3992,905,40,5,911,2014-01-06,2017-07-10,2021-01-01,2021-07-01,129,0,0,5,124,2021-01-01,2021-06-30
cross_fit,2022,2022-01-01,1,3207,131,calendar_eligible,2005-07-19,2021-07-01,4121,905,8,1,915,2014-01-06,2017-07-10,2021-07-01,2022-01-01,132,0,0,1,131,2021-07-01,2021-12-31
cross_fit,2022,2022-01-01,5,3171,127,calendar_eligible,2005-07-19,2021-07-01,4121,905,40,5,911,2014-01-06,2017-07-10,2021-07-01,2022-01-01,132,0,0,5,127,2021-07-01,2021-12-31
ppo_validation,2022,2022-01-01,1,0,131,calendar_eligible,,,,,,,,,,2021-07-01,2022-01-01,132,0,0,1,131,2021-07-01,2021-12-31
rl_train,2022,2021-07-01,1,2774,0,calendar_eligible,2008-01-01,2021-07-01,3487,705,7,1,915,2014-01-06,2017-07-10,,,,,,,,,
outer,2023,2023-01-01,1,3468,130,calendar_eligible,2003-06-01,2022-07-01,4382,905,8,1,915,2014-01-06,2017-07-10,2022-07-01,2023-01-01,131,0,0,1,130,2022-07-01,2022-12-30
outer,2023,2023-01-01,5,3432,126,calendar_eligible,2003-06-01,2022-07-01,4382,905,40,5,911,2014-01-06,2017-07-10,2022-07-01,2023-01-01,131,0,0,5,126,2022-07-01,2022-12-30
cross_fit,2023,2008-01-01,1,398,34,blocked_input,2005-07-19,2007-07-01,508,109,0,1,398,2005-12-20,2007-06-29,2007-07-01,2008-01-01,126,91,1,0,34,2007-07-02,2007-08-17
cross_fit,2023,2008-01-01,5,394,30,blocked_input,2005-07-19,2007-07-01,508,109,0,5,394,2005-12-20,2007-06-29,2007-07-01,2008-01-01,126,91,5,0,30,2007-07-02,2007-08-17
cross_fit,2023,2009-01-01,1,433,25,blocked_input,2005-07-19,2008-07-01,760,326,1,0,433,2005-12-20,2007-08-17,2008-07-01,2009-01-01,111,85,1,0,25,2008-11-21,2008-12-26
cross_fit,2023,2009-01-01,5,429,21,blocked_input,2005-07-19,2008-07-01,760,326,5,0,429,2005-12-20,2007-08-17,2008-07-01,2009-01-01,111,85,5,0,21,2008-11-21,2008-12-26
cross_fit,2023,2010-01-01,1,497,131,calendar_eligible,2005-07-19,2009-07-01,997,497,2,1,433,2005-12-20,2007-08-17,2009-07-01,2010-01-01,132,0,0,1,131,2009-07-01,2009-12-31
cross_fit,2023,2010-01-01,5,485,127,calendar_eligible,2005-07-19,2009-07-01,997,497,10,5,429,2005-12-20,2007-08-17,2009-07-01,2010-01-01,132,0,0,5,127,2009-07-01,2009-12-31
cross_fit,2023,2011-01-01,1,758,131,calendar_eligible,2005-07-19,2010-07-01,1258,497,2,1,433,2005-12-20,2007-08-17,2010-07-01,2011-01-01,132,0,0,1,131,2010-07-01,2010-12-31
cross_fit,2023,2011-01-01,5,746,127,calendar_eligible,2005-07-19,2010-07-01,1258,497,10,5,429,2005-12-20,2007-08-17,2010-07-01,2011-01-01,132,0,0,5,127,2010-07-01,2010-12-31
cross_fit,2023,2012-01-01,1,964,121,calendar_eligible,2005-07-19,2011-07-01,1518,551,3,0,506,2009-05-06,2011-04-14,2011-07-01,2012-01-01,131,9,0,1,121,2011-07-14,2011-12-30
cross_fit,2023,2012-01-01,5,952,117,calendar_eligible,2005-07-19,2011-07-01,1518,551,15,0,502,2009-05-06,2011-04-14,2011-07-01,2012-01-01,131,9,0,5,117,2011-07-14,2011-12-30
cross_fit,2023,2013-01-01,1,1215,110,calendar_eligible,2005-07-19,2012-07-01,1779,560,3,1,506,2009-05-06,2011-04-14,2012-07-01,2013-01-01,130,19,1,0,110,2012-07-02,2012-12-03
cross_fit,2023,2013-01-01,5,1199,106,calendar_eligible,2005-07-19,2012-07-01,1779,560,15,5,502,2009-05-06,2011-04-14,2012-07-01,2013-01-01,130,19,5,0,106,2012-07-02,2012-12-03
cross_fit,2023,2014-01-01,1,1379,70,calendar_eligible,2005-07-19,2013-07-01,2037,653,4,1,506,2009-05-06,2011-04-14,2013-07-01,2014-01-01,131,60,1,0,70,2013-07-01,2013-10-07
cross_fit,2023,2014-01-01,5,1359,66,calendar_eligible,2005-07-19,2013-07-01,2037,653,20,5,502,2009-05-06,2011-04-14,2013-07-01,2014-01-01,131,60,5,0,66,2013-07-01,2013-10-07
cross_fit,2023,2015-01-01,1,1575,131,calendar_eligible,2005-07-19,2014-07-01,2297,716,5,1,506,2009-05-06,2011-04-14,2014-07-01,2015-01-01,132,0,0,1,131,2014-07-01,2014-12-31
cross_fit,2023,2015-01-01,5,1551,127,calendar_eligible,2005-07-19,2014-07-01,2297,716,25,5,502,2009-05-06,2011-04-14,2014-07-01,2015-01-01,132,0,0,5,127,2014-07-01,2014-12-31
cross_fit,2023,2016-01-01,1,1836,131,calendar_eligible,2005-07-19,2015-07-01,2558,716,5,1,506,2009-05-06,2011-04-14,2015-07-01,2016-01-01,132,0,0,1,131,2015-07-01,2015-12-31
cross_fit,2023,2016-01-01,5,1812,127,calendar_eligible,2005-07-19,2015-07-01,2558,716,25,5,502,2009-05-06,2011-04-14,2015-07-01,2016-01-01,132,0,0,5,127,2015-07-01,2015-12-31
cross_fit,2023,2017-01-01,1,2098,130,calendar_eligible,2005-07-19,2016-07-01,2820,716,5,1,648,2014-01-06,2016-06-30,2016-07-01,2017-01-01,131,0,0,1,130,2016-07-01,2016-12-30
cross_fit,2023,2017-01-01,5,2074,126,calendar_eligible,2005-07-19,2016-07-01,2820,716,25,5,644,2014-01-06,2016-06-30,2016-07-01,2017-01-01,131,0,0,5,126,2016-07-01,2016-12-30
cross_fit,2023,2018-01-01,1,2359,32,blocked_input,2005-07-19,2017-07-01,3081,716,5,1,909,2014-01-06,2017-06-30,2017-07-01,2018-01-01,128,94,2,0,27,2017-10-09,2017-11-15
cross_fit,2023,2018-01-01,5,2335,24,blocked_input,2005-07-19,2017-07-01,3081,716,25,5,905,2014-01-06,2017-06-30,2017-07-01,2018-01-01,128,94,10,0,23,2017-10-09,2017-11-15
cross_fit,2023,2019-01-01,1,2489,130,calendar_eligible,2005-07-19,2018-07-01,3339,842,7,1,915,2014-01-06,2017-07-10,2018-07-01,2019-01-01,131,0,0,1,130,2018-07-02,2018-12-31
cross_fit,2023,2019-01-01,5,2457,126,calendar_eligible,2005-07-19,2018-07-01,3339,842,35,5,911,2014-01-06,2017-07-10,2018-07-01,2019-01-01,131,0,0,5,126,2018-07-02,2018-12-31
cross_fit,2023,2020-01-01,1,2721,95,calendar_eligible,2005-07-19,2019-07-01,3598,869,8,0,915,2014-01-06,2017-07-10,2019-07-01,2020-01-01,132,36,0,1,95,2019-08-20,2019-12-31
cross_fit,2023,2020-01-01,5,2689,91,calendar_eligible,2005-07-19,2019-07-01,3598,869,40,0,911,2014-01-06,2017-07-10,2019-07-01,2020-01-01,132,36,0,5,91,2019-08-20,2019-12-31
cross_fit,2023,2021-01-01,1,2946,131,calendar_eligible,2005-07-19,2020-07-01,3860,905,8,1,915,2014-01-06,2017-07-10,2020-07-01,2021-01-01,132,0,0,1,131,2020-07-01,2020-12-31
cross_fit,2023,2021-01-01,5,2910,127,calendar_eligible,2005-07-19,2020-07-01,3860,905,40,5,911,2014-01-06,2017-07-10,2020-07-01,2021-01-01,132,0,0,5,127,2020-07-01,2020-12-31
cross_fit,2023,2022-01-01,1,3207,131,calendar_eligible,2005-07-19,2021-07-01,4121,905,8,1,915,2014-01-06,2017-07-10,2021-07-01,2022-01-01,132,0,0,1,131,2021-07-01,2021-12-31
cross_fit,2023,2022-01-01,5,3171,127,calendar_eligible,2005-07-19,2021-07-01,4121,905,40,5,911,2014-01-06,2017-07-10,2021-07-01,2022-01-01,132,0,0,5,127,2021-07-01,2021-12-31
cross_fit,2023,2022-07-01,1,3339,128,calendar_eligible,2005-07-19,2022-01-01,4253,905,8,1,915,2014-01-06,2017-07-10,2022-01-01,2022-07-01,129,0,0,1,128,2022-01-03,2022-06-30
cross_fit,2023,2022-07-01,5,3303,124,calendar_eligible,2005-07-19,2022-01-01,4253,905,40,5,911,2014-01-06,2017-07-10,2022-01-01,2022-07-01,129,0,0,5,124,2022-01-03,2022-06-30
cross_fit,2023,2023-01-01,1,3468,130,calendar_eligible,2005-07-19,2022-07-01,4382,905,8,1,915,2014-01-06,2017-07-10,2022-07-01,2023-01-01,131,0,0,1,130,2022-07-01,2022-12-30
cross_fit,2023,2023-01-01,5,3432,126,calendar_eligible,2005-07-19,2022-07-01,4382,905,40,5,911,2014-01-06,2017-07-10,2022-07-01,2023-01-01,131,0,0,5,126,2022-07-01,2022-12-30
ppo_validation,2023,2023-01-01,1,0,130,calendar_eligible,,,,,,,,,,2022-07-01,2023-01-01,131,0,0,1,130,2022-07-01,2022-12-30
rl_train,2023,2022-07-01,1,3035,0,calendar_eligible,2008-01-01,2022-07-01,3748,705,7,1,915,2014-01-06,2017-07-10,,,,,,,,,
outer,2024,2024-01-01,1,3729,129,calendar_eligible,2003-06-01,2023-07-01,4643,905,8,1,1008,2019-08-20,2023-06-30,2023-07-01,2024-01-01,130,0,0,1,129,2023-07-03,2023-12-29
outer,2024,2024-01-01,5,3693,125,calendar_eligible,2003-06-01,2023-07-01,4643,905,40,5,1004,2019-08-20,2023-06-30,2023-07-01,2024-01-01,130,0,0,5,125,2023-07-03,2023-12-29
cross_fit,2024,2008-01-01,1,398,34,blocked_input,2005-07-19,2007-07-01,508,109,0,1,398,2005-12-20,2007-06-29,2007-07-01,2008-01-01,126,91,1,0,34,2007-07-02,2007-08-17
cross_fit,2024,2008-01-01,5,394,30,blocked_input,2005-07-19,2007-07-01,508,109,0,5,394,2005-12-20,2007-06-29,2007-07-01,2008-01-01,126,91,5,0,30,2007-07-02,2007-08-17
cross_fit,2024,2009-01-01,1,433,25,blocked_input,2005-07-19,2008-07-01,760,326,1,0,433,2005-12-20,2007-08-17,2008-07-01,2009-01-01,111,85,1,0,25,2008-11-21,2008-12-26
cross_fit,2024,2009-01-01,5,429,21,blocked_input,2005-07-19,2008-07-01,760,326,5,0,429,2005-12-20,2007-08-17,2008-07-01,2009-01-01,111,85,5,0,21,2008-11-21,2008-12-26
cross_fit,2024,2010-01-01,1,497,131,calendar_eligible,2005-07-19,2009-07-01,997,497,2,1,433,2005-12-20,2007-08-17,2009-07-01,2010-01-01,132,0,0,1,131,2009-07-01,2009-12-31
cross_fit,2024,2010-01-01,5,485,127,calendar_eligible,2005-07-19,2009-07-01,997,497,10,5,429,2005-12-20,2007-08-17,2009-07-01,2010-01-01,132,0,0,5,127,2009-07-01,2009-12-31
cross_fit,2024,2011-01-01,1,758,131,calendar_eligible,2005-07-19,2010-07-01,1258,497,2,1,433,2005-12-20,2007-08-17,2010-07-01,2011-01-01,132,0,0,1,131,2010-07-01,2010-12-31
cross_fit,2024,2011-01-01,5,746,127,calendar_eligible,2005-07-19,2010-07-01,1258,497,10,5,429,2005-12-20,2007-08-17,2010-07-01,2011-01-01,132,0,0,5,127,2010-07-01,2010-12-31
cross_fit,2024,2012-01-01,1,964,121,calendar_eligible,2005-07-19,2011-07-01,1518,551,3,0,506,2009-05-06,2011-04-14,2011-07-01,2012-01-01,131,9,0,1,121,2011-07-14,2011-12-30
cross_fit,2024,2012-01-01,5,952,117,calendar_eligible,2005-07-19,2011-07-01,1518,551,15,0,502,2009-05-06,2011-04-14,2011-07-01,2012-01-01,131,9,0,5,117,2011-07-14,2011-12-30
cross_fit,2024,2013-01-01,1,1215,110,calendar_eligible,2005-07-19,2012-07-01,1779,560,3,1,506,2009-05-06,2011-04-14,2012-07-01,2013-01-01,130,19,1,0,110,2012-07-02,2012-12-03
cross_fit,2024,2013-01-01,5,1199,106,calendar_eligible,2005-07-19,2012-07-01,1779,560,15,5,502,2009-05-06,2011-04-14,2012-07-01,2013-01-01,130,19,5,0,106,2012-07-02,2012-12-03
cross_fit,2024,2014-01-01,1,1379,70,calendar_eligible,2005-07-19,2013-07-01,2037,653,4,1,506,2009-05-06,2011-04-14,2013-07-01,2014-01-01,131,60,1,0,70,2013-07-01,2013-10-07
cross_fit,2024,2014-01-01,5,1359,66,calendar_eligible,2005-07-19,2013-07-01,2037,653,20,5,502,2009-05-06,2011-04-14,2013-07-01,2014-01-01,131,60,5,0,66,2013-07-01,2013-10-07
cross_fit,2024,2015-01-01,1,1575,131,calendar_eligible,2005-07-19,2014-07-01,2297,716,5,1,506,2009-05-06,2011-04-14,2014-07-01,2015-01-01,132,0,0,1,131,2014-07-01,2014-12-31
cross_fit,2024,2015-01-01,5,1551,127,calendar_eligible,2005-07-19,2014-07-01,2297,716,25,5,502,2009-05-06,2011-04-14,2014-07-01,2015-01-01,132,0,0,5,127,2014-07-01,2014-12-31
cross_fit,2024,2016-01-01,1,1836,131,calendar_eligible,2005-07-19,2015-07-01,2558,716,5,1,506,2009-05-06,2011-04-14,2015-07-01,2016-01-01,132,0,0,1,131,2015-07-01,2015-12-31
cross_fit,2024,2016-01-01,5,1812,127,calendar_eligible,2005-07-19,2015-07-01,2558,716,25,5,502,2009-05-06,2011-04-14,2015-07-01,2016-01-01,132,0,0,5,127,2015-07-01,2015-12-31
cross_fit,2024,2017-01-01,1,2098,130,calendar_eligible,2005-07-19,2016-07-01,2820,716,5,1,648,2014-01-06,2016-06-30,2016-07-01,2017-01-01,131,0,0,1,130,2016-07-01,2016-12-30
cross_fit,2024,2017-01-01,5,2074,126,calendar_eligible,2005-07-19,2016-07-01,2820,716,25,5,644,2014-01-06,2016-06-30,2016-07-01,2017-01-01,131,0,0,5,126,2016-07-01,2016-12-30
cross_fit,2024,2018-01-01,1,2359,32,blocked_input,2005-07-19,2017-07-01,3081,716,5,1,909,2014-01-06,2017-06-30,2017-07-01,2018-01-01,128,94,2,0,27,2017-10-09,2017-11-15
cross_fit,2024,2018-01-01,5,2335,24,blocked_input,2005-07-19,2017-07-01,3081,716,25,5,905,2014-01-06,2017-06-30,2017-07-01,2018-01-01,128,94,10,0,23,2017-10-09,2017-11-15
cross_fit,2024,2019-01-01,1,2489,130,calendar_eligible,2005-07-19,2018-07-01,3339,842,7,1,915,2014-01-06,2017-07-10,2018-07-01,2019-01-01,131,0,0,1,130,2018-07-02,2018-12-31
cross_fit,2024,2019-01-01,5,2457,126,calendar_eligible,2005-07-19,2018-07-01,3339,842,35,5,911,2014-01-06,2017-07-10,2018-07-01,2019-01-01,131,0,0,5,126,2018-07-02,2018-12-31
cross_fit,2024,2020-01-01,1,2721,95,calendar_eligible,2005-07-19,2019-07-01,3598,869,8,0,915,2014-01-06,2017-07-10,2019-07-01,2020-01-01,132,36,0,1,95,2019-08-20,2019-12-31
cross_fit,2024,2020-01-01,5,2689,91,calendar_eligible,2005-07-19,2019-07-01,3598,869,40,0,911,2014-01-06,2017-07-10,2019-07-01,2020-01-01,132,36,0,5,91,2019-08-20,2019-12-31
cross_fit,2024,2021-01-01,1,2946,131,calendar_eligible,2005-07-19,2020-07-01,3860,905,8,1,915,2014-01-06,2017-07-10,2020-07-01,2021-01-01,132,0,0,1,131,2020-07-01,2020-12-31
cross_fit,2024,2021-01-01,5,2910,127,calendar_eligible,2005-07-19,2020-07-01,3860,905,40,5,911,2014-01-06,2017-07-10,2020-07-01,2021-01-01,132,0,0,5,127,2020-07-01,2020-12-31
cross_fit,2024,2022-01-01,1,3207,131,calendar_eligible,2005-07-19,2021-07-01,4121,905,8,1,915,2014-01-06,2017-07-10,2021-07-01,2022-01-01,132,0,0,1,131,2021-07-01,2021-12-31
cross_fit,2024,2022-01-01,5,3171,127,calendar_eligible,2005-07-19,2021-07-01,4121,905,40,5,911,2014-01-06,2017-07-10,2021-07-01,2022-01-01,132,0,0,5,127,2021-07-01,2021-12-31
cross_fit,2024,2023-01-01,1,3468,130,calendar_eligible,2005-07-19,2022-07-01,4382,905,8,1,915,2014-01-06,2017-07-10,2022-07-01,2023-01-01,131,0,0,1,130,2022-07-01,2022-12-30
cross_fit,2024,2023-01-01,5,3432,126,calendar_eligible,2005-07-19,2022-07-01,4382,905,40,5,911,2014-01-06,2017-07-10,2022-07-01,2023-01-01,131,0,0,5,126,2022-07-01,2022-12-30
cross_fit,2024,2023-07-01,1,3599,129,calendar_eligible,2005-07-19,2023-01-01,4513,905,8,1,915,2014-01-06,2017-07-10,2023-01-01,2023-07-01,130,0,0,1,129,2023-01-02,2023-06-30
cross_fit,2024,2023-07-01,5,3563,125,calendar_eligible,2005-07-19,2023-01-01,4513,905,40,5,911,2014-01-06,2017-07-10,2023-01-01,2023-07-01,130,0,0,5,125,2023-01-02,2023-06-30
cross_fit,2024,2024-01-01,1,3729,129,calendar_eligible,2005-07-19,2023-07-01,4643,905,8,1,1008,2019-08-20,2023-06-30,2023-07-01,2024-01-01,130,0,0,1,129,2023-07-03,2023-12-29
cross_fit,2024,2024-01-01,5,3693,125,calendar_eligible,2005-07-19,2023-07-01,4643,905,40,5,1004,2019-08-20,2023-06-30,2023-07-01,2024-01-01,130,0,0,5,125,2023-07-03,2023-12-29
ppo_validation,2024,2024-01-01,1,0,129,calendar_eligible,,,,,,,,,,2023-07-01,2024-01-01,130,0,0,1,129,2023-07-03,2023-12-29
rl_train,2024,2023-07-01,1,3296,0,calendar_eligible,2008-01-01,2023-07-01,4009,705,7,1,1008,2019-08-20,2023-06-30,,,,,,,,,
outer,2025,2025-01-01,1,3989,131,calendar_eligible,2003-06-01,2024-07-01,4903,905,8,1,1268,2019-08-20,2024-06-28,2024-07-01,2025-01-01,132,0,1,0,131,2024-07-01,2024-12-31
outer,2025,2025-01-01,5,3953,127,calendar_eligible,2003-06-01,2024-07-01,4903,905,40,5,1264,2019-08-20,2024-06-28,2024-07-01,2025-01-01,132,0,5,0,127,2024-07-01,2024-12-31
cross_fit,2025,2008-01-01,1,398,34,blocked_input,2005-07-19,2007-07-01,508,109,0,1,398,2005-12-20,2007-06-29,2007-07-01,2008-01-01,126,91,1,0,34,2007-07-02,2007-08-17
cross_fit,2025,2008-01-01,5,394,30,blocked_input,2005-07-19,2007-07-01,508,109,0,5,394,2005-12-20,2007-06-29,2007-07-01,2008-01-01,126,91,5,0,30,2007-07-02,2007-08-17
cross_fit,2025,2009-01-01,1,433,25,blocked_input,2005-07-19,2008-07-01,760,326,1,0,433,2005-12-20,2007-08-17,2008-07-01,2009-01-01,111,85,1,0,25,2008-11-21,2008-12-26
cross_fit,2025,2009-01-01,5,429,21,blocked_input,2005-07-19,2008-07-01,760,326,5,0,429,2005-12-20,2007-08-17,2008-07-01,2009-01-01,111,85,5,0,21,2008-11-21,2008-12-26
cross_fit,2025,2010-01-01,1,497,131,calendar_eligible,2005-07-19,2009-07-01,997,497,2,1,433,2005-12-20,2007-08-17,2009-07-01,2010-01-01,132,0,0,1,131,2009-07-01,2009-12-31
cross_fit,2025,2010-01-01,5,485,127,calendar_eligible,2005-07-19,2009-07-01,997,497,10,5,429,2005-12-20,2007-08-17,2009-07-01,2010-01-01,132,0,0,5,127,2009-07-01,2009-12-31
cross_fit,2025,2011-01-01,1,758,131,calendar_eligible,2005-07-19,2010-07-01,1258,497,2,1,433,2005-12-20,2007-08-17,2010-07-01,2011-01-01,132,0,0,1,131,2010-07-01,2010-12-31
cross_fit,2025,2011-01-01,5,746,127,calendar_eligible,2005-07-19,2010-07-01,1258,497,10,5,429,2005-12-20,2007-08-17,2010-07-01,2011-01-01,132,0,0,5,127,2010-07-01,2010-12-31
cross_fit,2025,2012-01-01,1,964,121,calendar_eligible,2005-07-19,2011-07-01,1518,551,3,0,506,2009-05-06,2011-04-14,2011-07-01,2012-01-01,131,9,0,1,121,2011-07-14,2011-12-30
cross_fit,2025,2012-01-01,5,952,117,calendar_eligible,2005-07-19,2011-07-01,1518,551,15,0,502,2009-05-06,2011-04-14,2011-07-01,2012-01-01,131,9,0,5,117,2011-07-14,2011-12-30
cross_fit,2025,2013-01-01,1,1215,110,calendar_eligible,2005-07-19,2012-07-01,1779,560,3,1,506,2009-05-06,2011-04-14,2012-07-01,2013-01-01,130,19,1,0,110,2012-07-02,2012-12-03
cross_fit,2025,2013-01-01,5,1199,106,calendar_eligible,2005-07-19,2012-07-01,1779,560,15,5,502,2009-05-06,2011-04-14,2012-07-01,2013-01-01,130,19,5,0,106,2012-07-02,2012-12-03
cross_fit,2025,2014-01-01,1,1379,70,calendar_eligible,2005-07-19,2013-07-01,2037,653,4,1,506,2009-05-06,2011-04-14,2013-07-01,2014-01-01,131,60,1,0,70,2013-07-01,2013-10-07
cross_fit,2025,2014-01-01,5,1359,66,calendar_eligible,2005-07-19,2013-07-01,2037,653,20,5,502,2009-05-06,2011-04-14,2013-07-01,2014-01-01,131,60,5,0,66,2013-07-01,2013-10-07
cross_fit,2025,2015-01-01,1,1575,131,calendar_eligible,2005-07-19,2014-07-01,2297,716,5,1,506,2009-05-06,2011-04-14,2014-07-01,2015-01-01,132,0,0,1,131,2014-07-01,2014-12-31
cross_fit,2025,2015-01-01,5,1551,127,calendar_eligible,2005-07-19,2014-07-01,2297,716,25,5,502,2009-05-06,2011-04-14,2014-07-01,2015-01-01,132,0,0,5,127,2014-07-01,2014-12-31
cross_fit,2025,2016-01-01,1,1836,131,calendar_eligible,2005-07-19,2015-07-01,2558,716,5,1,506,2009-05-06,2011-04-14,2015-07-01,2016-01-01,132,0,0,1,131,2015-07-01,2015-12-31
cross_fit,2025,2016-01-01,5,1812,127,calendar_eligible,2005-07-19,2015-07-01,2558,716,25,5,502,2009-05-06,2011-04-14,2015-07-01,2016-01-01,132,0,0,5,127,2015-07-01,2015-12-31
cross_fit,2025,2017-01-01,1,2098,130,calendar_eligible,2005-07-19,2016-07-01,2820,716,5,1,648,2014-01-06,2016-06-30,2016-07-01,2017-01-01,131,0,0,1,130,2016-07-01,2016-12-30
cross_fit,2025,2017-01-01,5,2074,126,calendar_eligible,2005-07-19,2016-07-01,2820,716,25,5,644,2014-01-06,2016-06-30,2016-07-01,2017-01-01,131,0,0,5,126,2016-07-01,2016-12-30
cross_fit,2025,2018-01-01,1,2359,32,blocked_input,2005-07-19,2017-07-01,3081,716,5,1,909,2014-01-06,2017-06-30,2017-07-01,2018-01-01,128,94,2,0,27,2017-10-09,2017-11-15
cross_fit,2025,2018-01-01,5,2335,24,blocked_input,2005-07-19,2017-07-01,3081,716,25,5,905,2014-01-06,2017-06-30,2017-07-01,2018-01-01,128,94,10,0,23,2017-10-09,2017-11-15
cross_fit,2025,2019-01-01,1,2489,130,calendar_eligible,2005-07-19,2018-07-01,3339,842,7,1,915,2014-01-06,2017-07-10,2018-07-01,2019-01-01,131,0,0,1,130,2018-07-02,2018-12-31
cross_fit,2025,2019-01-01,5,2457,126,calendar_eligible,2005-07-19,2018-07-01,3339,842,35,5,911,2014-01-06,2017-07-10,2018-07-01,2019-01-01,131,0,0,5,126,2018-07-02,2018-12-31
cross_fit,2025,2020-01-01,1,2721,95,calendar_eligible,2005-07-19,2019-07-01,3598,869,8,0,915,2014-01-06,2017-07-10,2019-07-01,2020-01-01,132,36,0,1,95,2019-08-20,2019-12-31
cross_fit,2025,2020-01-01,5,2689,91,calendar_eligible,2005-07-19,2019-07-01,3598,869,40,0,911,2014-01-06,2017-07-10,2019-07-01,2020-01-01,132,36,0,5,91,2019-08-20,2019-12-31
cross_fit,2025,2021-01-01,1,2946,131,calendar_eligible,2005-07-19,2020-07-01,3860,905,8,1,915,2014-01-06,2017-07-10,2020-07-01,2021-01-01,132,0,0,1,131,2020-07-01,2020-12-31
cross_fit,2025,2021-01-01,5,2910,127,calendar_eligible,2005-07-19,2020-07-01,3860,905,40,5,911,2014-01-06,2017-07-10,2020-07-01,2021-01-01,132,0,0,5,127,2020-07-01,2020-12-31
cross_fit,2025,2022-01-01,1,3207,131,calendar_eligible,2005-07-19,2021-07-01,4121,905,8,1,915,2014-01-06,2017-07-10,2021-07-01,2022-01-01,132,0,0,1,131,2021-07-01,2021-12-31
cross_fit,2025,2022-01-01,5,3171,127,calendar_eligible,2005-07-19,2021-07-01,4121,905,40,5,911,2014-01-06,2017-07-10,2021-07-01,2022-01-01,132,0,0,5,127,2021-07-01,2021-12-31
cross_fit,2025,2023-01-01,1,3468,130,calendar_eligible,2005-07-19,2022-07-01,4382,905,8,1,915,2014-01-06,2017-07-10,2022-07-01,2023-01-01,131,0,0,1,130,2022-07-01,2022-12-30
cross_fit,2025,2023-01-01,5,3432,126,calendar_eligible,2005-07-19,2022-07-01,4382,905,40,5,911,2014-01-06,2017-07-10,2022-07-01,2023-01-01,131,0,0,5,126,2022-07-01,2022-12-30
cross_fit,2025,2024-01-01,1,3729,129,calendar_eligible,2005-07-19,2023-07-01,4643,905,8,1,1008,2019-08-20,2023-06-30,2023-07-01,2024-01-01,130,0,0,1,129,2023-07-03,2023-12-29
cross_fit,2025,2024-01-01,5,3693,125,calendar_eligible,2005-07-19,2023-07-01,4643,905,40,5,1004,2019-08-20,2023-06-30,2023-07-01,2024-01-01,130,0,0,5,125,2023-07-03,2023-12-29
cross_fit,2025,2024-07-01,1,3859,129,calendar_eligible,2005-07-19,2024-01-01,4773,905,8,1,1138,2019-08-20,2023-12-29,2024-01-01,2024-07-01,130,0,0,1,129,2024-01-01,2024-06-28
cross_fit,2025,2024-07-01,5,3823,125,calendar_eligible,2005-07-19,2024-01-01,4773,905,40,5,1134,2019-08-20,2023-12-29,2024-01-01,2024-07-01,130,0,0,5,125,2024-01-01,2024-06-28
cross_fit,2025,2025-01-01,1,3989,131,calendar_eligible,2005-07-19,2024-07-01,4903,905,8,1,1268,2019-08-20,2024-06-28,2024-07-01,2025-01-01,132,0,1,0,131,2024-07-01,2024-12-31
cross_fit,2025,2025-01-01,5,3953,127,calendar_eligible,2005-07-19,2024-07-01,4903,905,40,5,1264,2019-08-20,2024-06-28,2024-07-01,2025-01-01,132,0,5,0,127,2024-07-01,2024-12-31
ppo_validation,2025,2025-01-01,1,0,131,calendar_eligible,,,,,,,,,,2024-07-01,2025-01-01,132,0,1,0,131,2024-07-01,2024-12-31
rl_train,2025,2024-07-01,1,3556,0,calendar_eligible,2008-01-01,2024-07-01,4269,705,7,1,1268,2019-08-20,2024-06-28,,,,,,,,,
