fold,policy,status,error,parent_failures,source_result_path,source_result_sha256,source_pairs_sha256,metrics.steps,metrics.cumulative_log_return,metrics.gross_cumulative_log_return,metrics.annualized_net_return,metrics.annualized_gross_return,metrics.final_equity_ratio,metrics.sharpe_annualized,metrics.max_drawdown,metrics.total_cost_ratio,metrics.mean_gross_leverage,metrics.mean_weight_turnover,metrics.total_weight_turnover,metrics.terminated_by_margin_call,metrics.eval_start,metrics.eval_end,metrics.annualized_gross_minus_net,metrics.total_price_pnl_jpy,metrics.total_financing_jpy,metrics.total_spread_jpy,metrics.total_commission_jpy,metrics.total_overnight_jpy,metrics.total_actual_traded_notional_jpy,metrics.mean_target_gross_exposure,metrics.mean_target_net_exposure,attribution.elapsed_years,attribution.steps,attribution.log_undefined_reason,attribution.common_cumulative_log,attribution.common_annual_log,attribution.common_pnl_jpy,attribution.relative_cumulative_log,attribution.relative_annual_log,attribution.relative_pnl_jpy,attribution.financing_cumulative_log,attribution.financing_annual_log,attribution.financing_pnl_jpy,attribution.spread_cumulative_log,attribution.spread_annual_log,attribution.spread_pnl_jpy,attribution.commission_cumulative_log,attribution.commission_annual_log,attribution.commission_pnl_jpy,attribution.overnight_cumulative_log,attribution.overnight_annual_log,attribution.overnight_pnl_jpy,attribution.net_cumulative_log,attribution.net_annual_log,attribution.annualized_net_log_volatility,result_path,pairs_path
2009,canonical,blocked_input,"ValueError: Missing expected bar for pairs ('JPY/USD', 'JPY/EUR', 'JPY/GBP', 'JPY/AUD', 'JPY/CHF', 'JPY/CAD', 'JPY/NZD', 'JPY/NOK', 'JPY/SEK') at 2008-12-29 00:00:00+00:00: /home/tsuyoshi/workspace/projects/forex-trainer/data/jpy_9pairs_1d_2003_carry.parquet",,,,,,,,,,,,,,,,,,,,,,,,,,,,,,,,,,,,,,,,,,,,,,,,,,,,,,
2009,ridge,blocked_input,"ValueError: Missing expected bar for pairs ('JPY/USD', 'JPY/EUR', 'JPY/GBP', 'JPY/AUD', 'JPY/CHF', 'JPY/CAD', 'JPY/NZD', 'JPY/NOK', 'JPY/SEK') at 2008-12-29 00:00:00+00:00: /home/tsuyoshi/workspace/projects/forex-trainer/data/jpy_9pairs_1d_2003_carry.parquet",,,,,,,,,,,,,,,,,,,,,,,,,,,,,,,,,,,,,,,,,,,,,,,,,,,,,,
2009,ppo_ens3,blocked_input,"ValueError: Missing expected bar for pairs ('JPY/USD', 'JPY/EUR', 'JPY/GBP', 'JPY/AUD', 'JPY/CHF', 'JPY/CAD', 'JPY/NZD', 'JPY/NOK', 'JPY/SEK') at 2008-12-29 00:00:00+00:00: /home/tsuyoshi/workspace/projects/forex-trainer/data/jpy_9pairs_1d_2003_carry.parquet",,,,,,,,,,,,,,,,,,,,,,,,,,,,,,,,,,,,,,,,,,,,,,,,,,,,,,
2009,train_constant,blocked_input,Parent F0 panel incomplete,"[{'policy': 'canonical', 'status': 'blocked_input', 'detail': {'scenario': 'F0', 'fold': '2009', 'policy': 'canonical', 'status': 'blocked_input', 'error': ""ValueError: Missing expected bar for pairs ('JPY/USD', 'JPY/EUR', 'JPY/GBP', 'JPY/AUD', 'JPY/CHF', 'JPY/CAD', 'JPY/NZD', 'JPY/NOK', 'JPY/SEK') at 2008-12-29 00:00:00+00:00: /home/tsuyoshi/workspace/projects/forex-trainer/data/jpy_9pairs_1d_2003_carry.parquet""}}, {'policy': 'ridge', 'status': 'blocked_input', 'detail': {'scenario': 'F0', 'fold': '2009', 'policy': 'ridge', 'status': 'blocked_input', 'error': ""ValueError: Missing expected bar for pairs ('JPY/USD', 'JPY/EUR', 'JPY/GBP', 'JPY/AUD', 'JPY/CHF', 'JPY/CAD', 'JPY/NZD', 'JPY/NOK', 'JPY/SEK') at 2008-12-29 00:00:00+00:00: /home/tsuyoshi/workspace/projects/forex-trainer/data/jpy_9pairs_1d_2003_carry.parquet""}}, {'policy': 'ppo_ens3', 'status': 'blocked_input', 'detail': {'scenario': 'F0', 'fold': '2009', 'policy': 'ppo_ens3', 'status': 'blocked_input', 'error': ""ValueError: Missing expected bar for pairs ('JPY/USD', 'JPY/EUR', 'JPY/GBP', 'JPY/AUD', 'JPY/CHF', 'JPY/CAD', 'JPY/NZD', 'JPY/NOK', 'JPY/SEK') at 2008-12-29 00:00:00+00:00: /home/tsuyoshi/workspace/projects/forex-trainer/data/jpy_9pairs_1d_2003_carry.parquet""}}]",,,,,,,,,,,,,,,,,,,,,,,,,,,,,,,,,,,,,,,,,,,,,,,,,,,,,
2009,common_projected,blocked_input,Parent F0 panel incomplete,"[{'policy': 'canonical', 'status': 'blocked_input', 'detail': {'scenario': 'F0', 'fold': '2009', 'policy': 'canonical', 'status': 'blocked_input', 'error': ""ValueError: Missing expected bar for pairs ('JPY/USD', 'JPY/EUR', 'JPY/GBP', 'JPY/AUD', 'JPY/CHF', 'JPY/CAD', 'JPY/NZD', 'JPY/NOK', 'JPY/SEK') at 2008-12-29 00:00:00+00:00: /home/tsuyoshi/workspace/projects/forex-trainer/data/jpy_9pairs_1d_2003_carry.parquet""}}, {'policy': 'ridge', 'status': 'blocked_input', 'detail': {'scenario': 'F0', 'fold': '2009', 'policy': 'ridge', 'status': 'blocked_input', 'error': ""ValueError: Missing expected bar for pairs ('JPY/USD', 'JPY/EUR', 'JPY/GBP', 'JPY/AUD', 'JPY/CHF', 'JPY/CAD', 'JPY/NZD', 'JPY/NOK', 'JPY/SEK') at 2008-12-29 00:00:00+00:00: /home/tsuyoshi/workspace/projects/forex-trainer/data/jpy_9pairs_1d_2003_carry.parquet""}}, {'policy': 'ppo_ens3', 'status': 'blocked_input', 'detail': {'scenario': 'F0', 'fold': '2009', 'policy': 'ppo_ens3', 'status': 'blocked_input', 'error': ""ValueError: Missing expected bar for pairs ('JPY/USD', 'JPY/EUR', 'JPY/GBP', 'JPY/AUD', 'JPY/CHF', 'JPY/CAD', 'JPY/NZD', 'JPY/NOK', 'JPY/SEK') at 2008-12-29 00:00:00+00:00: /home/tsuyoshi/workspace/projects/forex-trainer/data/jpy_9pairs_1d_2003_carry.parquet""}}]",,,,,,,,,,,,,,,,,,,,,,,,,,,,,,,,,,,,,,,,,,,,,,,,,,,,,
2010,canonical,complete,,,docs/research/results/issue29/fold-2010/F0-canonical.json.gz,689a0dae25843bbb9ce575e34c0619ad5f92d1eb87765d8b7514db8ccf3e44d8,87dad83b85a570dd9c0dff19237c6e66c00efa30811de0ef98fb8ad6908ddceb,260.0,0.028485418730877447,0.063641490927241,0.028995660392063295,0.06594319891406393,1.028895008130132,0.16754888617352526,0.12285464556047287,0.03697957845852143,3.2013312310630635,1.2123077103724846,315.200004696846,False,2010-01-01T00:00:00+00:00,2010-12-31T00:00:00+00:00,0.03694753852200064,72898.91905884001,-7024.332470185384,12492.529344148586,0.0,24487.04911437285,339844489.8574817,3.200000047683716,0.0,0.9965776865160849,260.0,,0.0,0.0,0.0,0.07028886213695178,0.07053023872396054,72898.91905883988,-0.006639783000017472,-0.006662584452627422,-7024.3324701853835,-0.011868521334030312,-0.01190927861883124,-12492.529344148585,0.0,0.0,0.0,-0.023295139072025958,-0.023375136115542528,-24487.049114372854,0.028485418730877437,0.028583239536958745,0.1705964163041703,,
2010,ridge,complete,,,docs/research/results/issue29/fold-2010/F0-ridge.json.gz,47bdc0a9a6c1e5376dd3076441c4a13c2bab04e2d7efe06e1721d17422755f56,54530d1fe9e24f3bf5620b609727dec2b4709272b5de420b065e1213ae4ca65a,260.0,0.01457837837342641,0.08693039360280193,0.014735960776270035,0.09114643452397084,1.0146851612072636,0.10284824263501309,0.12173464800344069,0.07231980708864061,3.2009416813562552,5.083076998820672,1321.6000196933746,False,2010-01-01T00:00:00+00:00,2010-12-31T00:00:00+00:00,0.0764104737477008,93761.11509339808,-6756.146797494108,49046.59478100537,0.0,23273.212307635236,1322757927.1978421,3.200000047683716,0.0,0.9965776865160849,260.0,,0.0,0.0,0.0,0.09369162344279562,0.09401336665516785,93761.11509339805,-0.0067605108260694585,-0.006783726865994147,-6756.146797494109,-0.04905086164792271,-0.04921930554094442,-49046.59478100537,0.0,0.0,0.0,-0.023301872595377648,-0.023381892762257377,-23273.212307635236,0.014578378373426366,0.014628441485972471,0.14223326632702707,,
2010,ppo_ens3,complete,,,docs/research/results/issue29/fold-2010/F0-ppo_ens3.json.gz,5ad7c3f121aa98ec82cd3c441167fec00a982ceb56574648cd04d7390a446618,cc869d8ed714dbbb0f8982a1b7996a61e319af93642abbfc79bf1523a4bcf450,260.0,0.12920563874006918,0.15203173000461984,0.1384291111147184,0.16480514671423074,1.1379241013860213,0.40815482519876933,0.22485782563344103,0.024762575353462424,1.9063382131026816,0.9120802215126996,237.14085759330192,False,2010-01-01T00:00:00+00:00,2010-12-31T00:00:00+00:00,0.02637603559951235,158715.0166656371,3971.660073845427,9666.78094545081,0.0,15095.794408011618,255922771.3120288,1.9065082225405883,-0.04576135042508703,0.9965776865160849,260.0,,0.1736314700928358,0.1742277320093634,186366.8374390767,-0.0249982340617559,-0.02508407964575918,-27651.820773439384,0.0033998222764014385,0.003411497490262707,3971.660073845427,-0.008889220448943807,-0.008919746618067928,-9666.78094545081,0.0,0.0,0.0,-0.013938199118468322,-0.013986063813243282,-15095.79440801162,0.12920563874006916,0.12964933942255566,0.3176474499827783,,
2010,train_constant,complete,,,docs/research/results/issue30/fold-2010/train_constant.json.gz,8de15ab599c97b925269d7408cb9b57550d5a5fb8d5b9b1fa0c277821d5dfb93,b4cfb1b54a66c08d993ac96cc535c870d0a530bf7da45b9871efc9794d02ad59,260.0,-0.03809189970167254,-0.0353362611377958,-0.03750144083890304,-0.03483635160167859,0.9626244719243323,-0.734142281407528,0.05583427209362102,0.0026720946069197335,0.37305338492227946,0.0014339609286532953,0.37282984144985676,False,2010-01-01T00:00:00+00:00,2010-12-31T00:00:00+00:00,0.002665089237224451,-39581.369652068126,4877.9361833202665,40.59821814014512,0.0,2631.496388779589,1241327.4881332011,0.37282984144985676,-0.3555396720767021,0.9965776865160849,260.0,,-0.04275753770325059,-0.04290436990690186,-41757.33557918364,0.002383567115190289,0.0023917524418221236,2175.9659271154856,0.005037753740518624,0.005055053719023152,4877.9361833202665,-4.1512707824643704e-05,-4.165526520041514e-05,-40.59821814014511,0.0,0.0,0.0,-0.0027141701463073097,-0.0027234907855460022,-2631.496388779589,-0.038091899701672594,-0.038222709796801965,0.05206444413407132,fold-2010/train_constant.json.gz,fold-2010/train_constant-pairs.csv.gz
2010,common_projected,complete,,,docs/research/results/issue30/fold-2010/common_projected.json.gz,562523af9d17a6e8e3dbe90cde82f1799feac118e7b40ae4b39942fc8295e005,9404a37384d217f5060b1a26922ea348eecc0b0fa92a9cb806157b39e45e9cf4,260.0,0.17555189993118236,0.19473381350936098,0.19262261074579776,0.21580029900423428,1.1919038467736562,0.5853908459150222,0.2192089449981547,0.020932538857580837,1.554831057096041,0.833187306092049,216.62869958393276,False,2010-01-01T00:00:00+00:00,2010-12-31T00:00:00+00:00,0.023177688258436524,211316.96535719855,1519.4202740368823,8572.427805460164,0.0,12360.111052120672,233837915.25228494,1.555678061954677,-0.0175510216002854,0.9965776865160849,260.0,,0.19367407805246123,0.1943391676062128,211316.96535719858,3.276847242992428e-17,3.288100152480726e-17,3.4760684368181934e-11,0.0010645819504701808,0.001068237795080312,1519.4202740368833,-0.00781602999247355,-0.007842870754810341,-8572.427805460162,0.0,0.0,0.0,-0.011370730079276473,-0.011409777916087174,-12360.111052120676,0.17555189993118256,0.17615475673039677,0.30091819501387956,fold-2010/common_projected.json.gz,fold-2010/common_projected-pairs.csv.gz
2011,canonical,blocked_input,"ValueError: Missing expected bar for pairs ('JPY/USD', 'JPY/EUR', 'JPY/GBP', 'JPY/AUD', 'JPY/CHF', 'JPY/CAD', 'JPY/NZD', 'JPY/NOK', 'JPY/SEK') at 2011-04-14 23:00:00+00:00: /home/tsuyoshi/workspace/projects/forex-trainer/data/jpy_9pairs_1d_2003_carry.parquet",,,,,,,,,,,,,,,,,,,,,,,,,,,,,,,,,,,,,,,,,,,,,,,,,,,,,,
2011,ridge,blocked_input,"ValueError: Missing expected bar for pairs ('JPY/USD', 'JPY/EUR', 'JPY/GBP', 'JPY/AUD', 'JPY/CHF', 'JPY/CAD', 'JPY/NZD', 'JPY/NOK', 'JPY/SEK') at 2011-04-14 23:00:00+00:00: /home/tsuyoshi/workspace/projects/forex-trainer/data/jpy_9pairs_1d_2003_carry.parquet",,,,,,,,,,,,,,,,,,,,,,,,,,,,,,,,,,,,,,,,,,,,,,,,,,,,,,
2011,ppo_ens3,blocked_input,"ValueError: Missing expected bar for pairs ('JPY/USD', 'JPY/EUR', 'JPY/GBP', 'JPY/AUD', 'JPY/CHF', 'JPY/CAD', 'JPY/NZD', 'JPY/NOK', 'JPY/SEK') at 2011-04-14 23:00:00+00:00: /home/tsuyoshi/workspace/projects/forex-trainer/data/jpy_9pairs_1d_2003_carry.parquet",,,,,,,,,,,,,,,,,,,,,,,,,,,,,,,,,,,,,,,,,,,,,,,,,,,,,,
2011,train_constant,blocked_input,Parent F0 panel incomplete,"[{'policy': 'canonical', 'status': 'blocked_input', 'detail': {'scenario': 'F0', 'fold': '2011', 'policy': 'canonical', 'status': 'blocked_input', 'error': ""ValueError: Missing expected bar for pairs ('JPY/USD', 'JPY/EUR', 'JPY/GBP', 'JPY/AUD', 'JPY/CHF', 'JPY/CAD', 'JPY/NZD', 'JPY/NOK', 'JPY/SEK') at 2011-04-14 23:00:00+00:00: /home/tsuyoshi/workspace/projects/forex-trainer/data/jpy_9pairs_1d_2003_carry.parquet""}}, {'policy': 'ridge', 'status': 'blocked_input', 'detail': {'scenario': 'F0', 'fold': '2011', 'policy': 'ridge', 'status': 'blocked_input', 'error': ""ValueError: Missing expected bar for pairs ('JPY/USD', 'JPY/EUR', 'JPY/GBP', 'JPY/AUD', 'JPY/CHF', 'JPY/CAD', 'JPY/NZD', 'JPY/NOK', 'JPY/SEK') at 2011-04-14 23:00:00+00:00: /home/tsuyoshi/workspace/projects/forex-trainer/data/jpy_9pairs_1d_2003_carry.parquet""}}, {'policy': 'ppo_ens3', 'status': 'blocked_input', 'detail': {'scenario': 'F0', 'fold': '2011', 'policy': 'ppo_ens3', 'status': 'blocked_input', 'error': ""ValueError: Missing expected bar for pairs ('JPY/USD', 'JPY/EUR', 'JPY/GBP', 'JPY/AUD', 'JPY/CHF', 'JPY/CAD', 'JPY/NZD', 'JPY/NOK', 'JPY/SEK') at 2011-04-14 23:00:00+00:00: /home/tsuyoshi/workspace/projects/forex-trainer/data/jpy_9pairs_1d_2003_carry.parquet""}}]",,,,,,,,,,,,,,,,,,,,,,,,,,,,,,,,,,,,,,,,,,,,,,,,,,,,,
2011,common_projected,blocked_input,Parent F0 panel incomplete,"[{'policy': 'canonical', 'status': 'blocked_input', 'detail': {'scenario': 'F0', 'fold': '2011', 'policy': 'canonical', 'status': 'blocked_input', 'error': ""ValueError: Missing expected bar for pairs ('JPY/USD', 'JPY/EUR', 'JPY/GBP', 'JPY/AUD', 'JPY/CHF', 'JPY/CAD', 'JPY/NZD', 'JPY/NOK', 'JPY/SEK') at 2011-04-14 23:00:00+00:00: /home/tsuyoshi/workspace/projects/forex-trainer/data/jpy_9pairs_1d_2003_carry.parquet""}}, {'policy': 'ridge', 'status': 'blocked_input', 'detail': {'scenario': 'F0', 'fold': '2011', 'policy': 'ridge', 'status': 'blocked_input', 'error': ""ValueError: Missing expected bar for pairs ('JPY/USD', 'JPY/EUR', 'JPY/GBP', 'JPY/AUD', 'JPY/CHF', 'JPY/CAD', 'JPY/NZD', 'JPY/NOK', 'JPY/SEK') at 2011-04-14 23:00:00+00:00: /home/tsuyoshi/workspace/projects/forex-trainer/data/jpy_9pairs_1d_2003_carry.parquet""}}, {'policy': 'ppo_ens3', 'status': 'blocked_input', 'detail': {'scenario': 'F0', 'fold': '2011', 'policy': 'ppo_ens3', 'status': 'blocked_input', 'error': ""ValueError: Missing expected bar for pairs ('JPY/USD', 'JPY/EUR', 'JPY/GBP', 'JPY/AUD', 'JPY/CHF', 'JPY/CAD', 'JPY/NZD', 'JPY/NOK', 'JPY/SEK') at 2011-04-14 23:00:00+00:00: /home/tsuyoshi/workspace/projects/forex-trainer/data/jpy_9pairs_1d_2003_carry.parquet""}}]",,,,,,,,,,,,,,,,,,,,,,,,,,,,,,,,,,,,,,,,,,,,,,,,,,,,,
2012,canonical,blocked_input,"ValueError: Missing expected bar for pairs ('JPY/USD', 'JPY/EUR', 'JPY/GBP', 'JPY/AUD', 'JPY/CHF', 'JPY/CAD', 'JPY/NZD', 'JPY/NOK', 'JPY/SEK') at 2012-12-04 00:00:00+00:00: /home/tsuyoshi/workspace/projects/forex-trainer/data/jpy_9pairs_1d_2003_carry.parquet",,,,,,,,,,,,,,,,,,,,,,,,,,,,,,,,,,,,,,,,,,,,,,,,,,,,,,
2012,ridge,blocked_input,"ValueError: Missing expected bar for pairs ('JPY/USD', 'JPY/EUR', 'JPY/GBP', 'JPY/AUD', 'JPY/CHF', 'JPY/CAD', 'JPY/NZD', 'JPY/NOK', 'JPY/SEK') at 2012-12-04 00:00:00+00:00: /home/tsuyoshi/workspace/projects/forex-trainer/data/jpy_9pairs_1d_2003_carry.parquet",,,,,,,,,,,,,,,,,,,,,,,,,,,,,,,,,,,,,,,,,,,,,,,,,,,,,,
2012,ppo_ens3,blocked_input,"ValueError: Missing expected bar for pairs ('JPY/USD', 'JPY/EUR', 'JPY/GBP', 'JPY/AUD', 'JPY/CHF', 'JPY/CAD', 'JPY/NZD', 'JPY/NOK', 'JPY/SEK') at 2012-12-04 00:00:00+00:00: /home/tsuyoshi/workspace/projects/forex-trainer/data/jpy_9pairs_1d_2003_carry.parquet",,,,,,,,,,,,,,,,,,,,,,,,,,,,,,,,,,,,,,,,,,,,,,,,,,,,,,
2012,train_constant,blocked_input,Parent F0 panel incomplete,"[{'policy': 'canonical', 'status': 'blocked_input', 'detail': {'scenario': 'F0', 'fold': '2012', 'policy': 'canonical', 'status': 'blocked_input', 'error': ""ValueError: Missing expected bar for pairs ('JPY/USD', 'JPY/EUR', 'JPY/GBP', 'JPY/AUD', 'JPY/CHF', 'JPY/CAD', 'JPY/NZD', 'JPY/NOK', 'JPY/SEK') at 2012-12-04 00:00:00+00:00: /home/tsuyoshi/workspace/projects/forex-trainer/data/jpy_9pairs_1d_2003_carry.parquet""}}, {'policy': 'ridge', 'status': 'blocked_input', 'detail': {'scenario': 'F0', 'fold': '2012', 'policy': 'ridge', 'status': 'blocked_input', 'error': ""ValueError: Missing expected bar for pairs ('JPY/USD', 'JPY/EUR', 'JPY/GBP', 'JPY/AUD', 'JPY/CHF', 'JPY/CAD', 'JPY/NZD', 'JPY/NOK', 'JPY/SEK') at 2012-12-04 00:00:00+00:00: /home/tsuyoshi/workspace/projects/forex-trainer/data/jpy_9pairs_1d_2003_carry.parquet""}}, {'policy': 'ppo_ens3', 'status': 'blocked_input', 'detail': {'scenario': 'F0', 'fold': '2012', 'policy': 'ppo_ens3', 'status': 'blocked_input', 'error': ""ValueError: Missing expected bar for pairs ('JPY/USD', 'JPY/EUR', 'JPY/GBP', 'JPY/AUD', 'JPY/CHF', 'JPY/CAD', 'JPY/NZD', 'JPY/NOK', 'JPY/SEK') at 2012-12-04 00:00:00+00:00: /home/tsuyoshi/workspace/projects/forex-trainer/data/jpy_9pairs_1d_2003_carry.parquet""}}]",,,,,,,,,,,,,,,,,,,,,,,,,,,,,,,,,,,,,,,,,,,,,,,,,,,,,
2012,common_projected,blocked_input,Parent F0 panel incomplete,"[{'policy': 'canonical', 'status': 'blocked_input', 'detail': {'scenario': 'F0', 'fold': '2012', 'policy': 'canonical', 'status': 'blocked_input', 'error': ""ValueError: Missing expected bar for pairs ('JPY/USD', 'JPY/EUR', 'JPY/GBP', 'JPY/AUD', 'JPY/CHF', 'JPY/CAD', 'JPY/NZD', 'JPY/NOK', 'JPY/SEK') at 2012-12-04 00:00:00+00:00: /home/tsuyoshi/workspace/projects/forex-trainer/data/jpy_9pairs_1d_2003_carry.parquet""}}, {'policy': 'ridge', 'status': 'blocked_input', 'detail': {'scenario': 'F0', 'fold': '2012', 'policy': 'ridge', 'status': 'blocked_input', 'error': ""ValueError: Missing expected bar for pairs ('JPY/USD', 'JPY/EUR', 'JPY/GBP', 'JPY/AUD', 'JPY/CHF', 'JPY/CAD', 'JPY/NZD', 'JPY/NOK', 'JPY/SEK') at 2012-12-04 00:00:00+00:00: /home/tsuyoshi/workspace/projects/forex-trainer/data/jpy_9pairs_1d_2003_carry.parquet""}}, {'policy': 'ppo_ens3', 'status': 'blocked_input', 'detail': {'scenario': 'F0', 'fold': '2012', 'policy': 'ppo_ens3', 'status': 'blocked_input', 'error': ""ValueError: Missing expected bar for pairs ('JPY/USD', 'JPY/EUR', 'JPY/GBP', 'JPY/AUD', 'JPY/CHF', 'JPY/CAD', 'JPY/NZD', 'JPY/NOK', 'JPY/SEK') at 2012-12-04 00:00:00+00:00: /home/tsuyoshi/workspace/projects/forex-trainer/data/jpy_9pairs_1d_2003_carry.parquet""}}]",,,,,,,,,,,,,,,,,,,,,,,,,,,,,,,,,,,,,,,,,,,,,,,,,,,,,
2013,canonical,blocked_input,"ValueError: Missing expected bar for pairs ('JPY/USD', 'JPY/EUR', 'JPY/GBP', 'JPY/AUD', 'JPY/CHF', 'JPY/CAD', 'JPY/NZD', 'JPY/NOK', 'JPY/SEK') at 2012-12-04 00:00:00+00:00: /home/tsuyoshi/workspace/projects/forex-trainer/data/jpy_9pairs_1d_2003_carry.parquet",,,,,,,,,,,,,,,,,,,,,,,,,,,,,,,,,,,,,,,,,,,,,,,,,,,,,,
2013,ridge,blocked_input,"ValueError: Missing expected bar for pairs ('JPY/USD', 'JPY/EUR', 'JPY/GBP', 'JPY/AUD', 'JPY/CHF', 'JPY/CAD', 'JPY/NZD', 'JPY/NOK', 'JPY/SEK') at 2012-12-04 00:00:00+00:00: /home/tsuyoshi/workspace/projects/forex-trainer/data/jpy_9pairs_1d_2003_carry.parquet",,,,,,,,,,,,,,,,,,,,,,,,,,,,,,,,,,,,,,,,,,,,,,,,,,,,,,
2013,ppo_ens3,blocked_input,"ValueError: Missing expected bar for pairs ('JPY/USD', 'JPY/EUR', 'JPY/GBP', 'JPY/AUD', 'JPY/CHF', 'JPY/CAD', 'JPY/NZD', 'JPY/NOK', 'JPY/SEK') at 2012-12-04 00:00:00+00:00: /home/tsuyoshi/workspace/projects/forex-trainer/data/jpy_9pairs_1d_2003_carry.parquet",,,,,,,,,,,,,,,,,,,,,,,,,,,,,,,,,,,,,,,,,,,,,,,,,,,,,,
2013,train_constant,blocked_input,Parent F0 panel incomplete,"[{'policy': 'canonical', 'status': 'blocked_input', 'detail': {'scenario': 'F0', 'fold': '2013', 'policy': 'canonical', 'status': 'blocked_input', 'error': ""ValueError: Missing expected bar for pairs ('JPY/USD', 'JPY/EUR', 'JPY/GBP', 'JPY/AUD', 'JPY/CHF', 'JPY/CAD', 'JPY/NZD', 'JPY/NOK', 'JPY/SEK') at 2012-12-04 00:00:00+00:00: /home/tsuyoshi/workspace/projects/forex-trainer/data/jpy_9pairs_1d_2003_carry.parquet""}}, {'policy': 'ridge', 'status': 'blocked_input', 'detail': {'scenario': 'F0', 'fold': '2013', 'policy': 'ridge', 'status': 'blocked_input', 'error': ""ValueError: Missing expected bar for pairs ('JPY/USD', 'JPY/EUR', 'JPY/GBP', 'JPY/AUD', 'JPY/CHF', 'JPY/CAD', 'JPY/NZD', 'JPY/NOK', 'JPY/SEK') at 2012-12-04 00:00:00+00:00: /home/tsuyoshi/workspace/projects/forex-trainer/data/jpy_9pairs_1d_2003_carry.parquet""}}, {'policy': 'ppo_ens3', 'status': 'blocked_input', 'detail': {'scenario': 'F0', 'fold': '2013', 'policy': 'ppo_ens3', 'status': 'blocked_input', 'error': ""ValueError: Missing expected bar for pairs ('JPY/USD', 'JPY/EUR', 'JPY/GBP', 'JPY/AUD', 'JPY/CHF', 'JPY/CAD', 'JPY/NZD', 'JPY/NOK', 'JPY/SEK') at 2012-12-04 00:00:00+00:00: /home/tsuyoshi/workspace/projects/forex-trainer/data/jpy_9pairs_1d_2003_carry.parquet""}}]",,,,,,,,,,,,,,,,,,,,,,,,,,,,,,,,,,,,,,,,,,,,,,,,,,,,,
2013,common_projected,blocked_input,Parent F0 panel incomplete,"[{'policy': 'canonical', 'status': 'blocked_input', 'detail': {'scenario': 'F0', 'fold': '2013', 'policy': 'canonical', 'status': 'blocked_input', 'error': ""ValueError: Missing expected bar for pairs ('JPY/USD', 'JPY/EUR', 'JPY/GBP', 'JPY/AUD', 'JPY/CHF', 'JPY/CAD', 'JPY/NZD', 'JPY/NOK', 'JPY/SEK') at 2012-12-04 00:00:00+00:00: /home/tsuyoshi/workspace/projects/forex-trainer/data/jpy_9pairs_1d_2003_carry.parquet""}}, {'policy': 'ridge', 'status': 'blocked_input', 'detail': {'scenario': 'F0', 'fold': '2013', 'policy': 'ridge', 'status': 'blocked_input', 'error': ""ValueError: Missing expected bar for pairs ('JPY/USD', 'JPY/EUR', 'JPY/GBP', 'JPY/AUD', 'JPY/CHF', 'JPY/CAD', 'JPY/NZD', 'JPY/NOK', 'JPY/SEK') at 2012-12-04 00:00:00+00:00: /home/tsuyoshi/workspace/projects/forex-trainer/data/jpy_9pairs_1d_2003_carry.parquet""}}, {'policy': 'ppo_ens3', 'status': 'blocked_input', 'detail': {'scenario': 'F0', 'fold': '2013', 'policy': 'ppo_ens3', 'status': 'blocked_input', 'error': ""ValueError: Missing expected bar for pairs ('JPY/USD', 'JPY/EUR', 'JPY/GBP', 'JPY/AUD', 'JPY/CHF', 'JPY/CAD', 'JPY/NZD', 'JPY/NOK', 'JPY/SEK') at 2012-12-04 00:00:00+00:00: /home/tsuyoshi/workspace/projects/forex-trainer/data/jpy_9pairs_1d_2003_carry.parquet""}}]",,,,,,,,,,,,,,,,,,,,,,,,,,,,,,,,,,,,,,,,,,,,,,,,,,,,,
2014,canonical,blocked_input,"ValueError: Missing expected bar for pairs ('JPY/USD', 'JPY/EUR', 'JPY/GBP', 'JPY/AUD', 'JPY/CHF', 'JPY/CAD', 'JPY/NZD', 'JPY/NOK', 'JPY/SEK') at 2013-10-07 23:00:00+00:00: /home/tsuyoshi/workspace/projects/forex-trainer/data/jpy_9pairs_1d_2003_carry.parquet",,,,,,,,,,,,,,,,,,,,,,,,,,,,,,,,,,,,,,,,,,,,,,,,,,,,,,
2014,ridge,blocked_input,"ValueError: Missing expected bar for pairs ('JPY/USD', 'JPY/EUR', 'JPY/GBP', 'JPY/AUD', 'JPY/CHF', 'JPY/CAD', 'JPY/NZD', 'JPY/NOK', 'JPY/SEK') at 2013-10-07 23:00:00+00:00: /home/tsuyoshi/workspace/projects/forex-trainer/data/jpy_9pairs_1d_2003_carry.parquet",,,,,,,,,,,,,,,,,,,,,,,,,,,,,,,,,,,,,,,,,,,,,,,,,,,,,,
2014,ppo_ens3,blocked_input,"ValueError: Missing expected bar for pairs ('JPY/USD', 'JPY/EUR', 'JPY/GBP', 'JPY/AUD', 'JPY/CHF', 'JPY/CAD', 'JPY/NZD', 'JPY/NOK', 'JPY/SEK') at 2013-10-07 23:00:00+00:00: /home/tsuyoshi/workspace/projects/forex-trainer/data/jpy_9pairs_1d_2003_carry.parquet",,,,,,,,,,,,,,,,,,,,,,,,,,,,,,,,,,,,,,,,,,,,,,,,,,,,,,
2014,train_constant,blocked_input,Parent F0 panel incomplete,"[{'policy': 'canonical', 'status': 'blocked_input', 'detail': {'scenario': 'F0', 'fold': '2014', 'policy': 'canonical', 'status': 'blocked_input', 'error': ""ValueError: Missing expected bar for pairs ('JPY/USD', 'JPY/EUR', 'JPY/GBP', 'JPY/AUD', 'JPY/CHF', 'JPY/CAD', 'JPY/NZD', 'JPY/NOK', 'JPY/SEK') at 2013-10-07 23:00:00+00:00: /home/tsuyoshi/workspace/projects/forex-trainer/data/jpy_9pairs_1d_2003_carry.parquet""}}, {'policy': 'ridge', 'status': 'blocked_input', 'detail': {'scenario': 'F0', 'fold': '2014', 'policy': 'ridge', 'status': 'blocked_input', 'error': ""ValueError: Missing expected bar for pairs ('JPY/USD', 'JPY/EUR', 'JPY/GBP', 'JPY/AUD', 'JPY/CHF', 'JPY/CAD', 'JPY/NZD', 'JPY/NOK', 'JPY/SEK') at 2013-10-07 23:00:00+00:00: /home/tsuyoshi/workspace/projects/forex-trainer/data/jpy_9pairs_1d_2003_carry.parquet""}}, {'policy': 'ppo_ens3', 'status': 'blocked_input', 'detail': {'scenario': 'F0', 'fold': '2014', 'policy': 'ppo_ens3', 'status': 'blocked_input', 'error': ""ValueError: Missing expected bar for pairs ('JPY/USD', 'JPY/EUR', 'JPY/GBP', 'JPY/AUD', 'JPY/CHF', 'JPY/CAD', 'JPY/NZD', 'JPY/NOK', 'JPY/SEK') at 2013-10-07 23:00:00+00:00: /home/tsuyoshi/workspace/projects/forex-trainer/data/jpy_9pairs_1d_2003_carry.parquet""}}]",,,,,,,,,,,,,,,,,,,,,,,,,,,,,,,,,,,,,,,,,,,,,,,,,,,,,
2014,common_projected,blocked_input,Parent F0 panel incomplete,"[{'policy': 'canonical', 'status': 'blocked_input', 'detail': {'scenario': 'F0', 'fold': '2014', 'policy': 'canonical', 'status': 'blocked_input', 'error': ""ValueError: Missing expected bar for pairs ('JPY/USD', 'JPY/EUR', 'JPY/GBP', 'JPY/AUD', 'JPY/CHF', 'JPY/CAD', 'JPY/NZD', 'JPY/NOK', 'JPY/SEK') at 2013-10-07 23:00:00+00:00: /home/tsuyoshi/workspace/projects/forex-trainer/data/jpy_9pairs_1d_2003_carry.parquet""}}, {'policy': 'ridge', 'status': 'blocked_input', 'detail': {'scenario': 'F0', 'fold': '2014', 'policy': 'ridge', 'status': 'blocked_input', 'error': ""ValueError: Missing expected bar for pairs ('JPY/USD', 'JPY/EUR', 'JPY/GBP', 'JPY/AUD', 'JPY/CHF', 'JPY/CAD', 'JPY/NZD', 'JPY/NOK', 'JPY/SEK') at 2013-10-07 23:00:00+00:00: /home/tsuyoshi/workspace/projects/forex-trainer/data/jpy_9pairs_1d_2003_carry.parquet""}}, {'policy': 'ppo_ens3', 'status': 'blocked_input', 'detail': {'scenario': 'F0', 'fold': '2014', 'policy': 'ppo_ens3', 'status': 'blocked_input', 'error': ""ValueError: Missing expected bar for pairs ('JPY/USD', 'JPY/EUR', 'JPY/GBP', 'JPY/AUD', 'JPY/CHF', 'JPY/CAD', 'JPY/NZD', 'JPY/NOK', 'JPY/SEK') at 2013-10-07 23:00:00+00:00: /home/tsuyoshi/workspace/projects/forex-trainer/data/jpy_9pairs_1d_2003_carry.parquet""}}]",,,,,,,,,,,,,,,,,,,,,,,,,,,,,,,,,,,,,,,,,,,,,,,,,,,,,
2015,canonical,complete,,,docs/research/results/issue29/fold-2015/F0-canonical.json.gz,75e0af8e4523014202f0495b9222373ed538e2aef56bc505146aacc8d0ebd75c,82025bdd0fe0368dde17e4e0cfee05b14d7c43820d647b592b0e8c81266ecfd0,260.0,0.12071948652261241,0.15687817174903107,0.12877620925824232,0.17048348879250572,1.1283083622688685,0.7519371694535054,0.08286343269635166,0.04005401230388555,3.200244443183337,1.31692309654676,342.4000051021576,False,2015-01-01T00:00:00+00:00,2015-12-31T00:00:00+00:00,0.0417072795342634,163884.3522395148,4478.022333240036,14304.868575867895,0.0,25749.143728017625,386801133.86248946,3.200000047683716,0.0,0.9965776865160849,260.0,,0.0,0.0,0.0,0.1532008719234358,0.15372697381877726,163884.35223951473,0.0036848052253168075,0.0036974590894147358,4478.022333240035,-0.01286828380768707,-0.01291247434274094,-14304.868575867895,0.0,0.0,0.0,-0.023297906818453583,-0.023377913366593877,-25749.143728017625,0.1207194865226125,0.12113404519885773,0.16109596668415224,,
2015,ridge,complete,,,docs/research/results/issue29/fold-2015/F0-ridge.json.gz,b6b474591f57d218d21e803f7fdcabd4b20103ef2e2a653f404a5b9f6b93589b,ae8a89f22cceea1eac72ef2007d44e20a594875896f0ab3eb6ff3a403c572d68,260.0,0.031913660540049765,0.10496141570133678,0.032541515905925814,0.11106816134741923,1.0324283621496633,0.17193181126073856,0.16026202626770691,0.0769488416340689,3.2012536218967234,5.1076923838028545,1328.000019788742,False,2015-01-01T00:00:00+00:00,2015-12-31T00:00:00+00:00,0.07852664544149342,112464.82282906886,-3087.619045336489,52390.34136848452,0.0,24558.50026558438,1400679814.456892,3.200000047683716,0.0,0.9965776865160849,260.0,,0.0,0.0,0.0,0.10790896057223931,0.1082795270577209,112464.822829069,-0.002946494636525194,-0.002956613093381393,-3087.619045336487,-0.04974478919965582,-0.04991561608564364,-52390.34136848452,0.0,0.0,0.0,-0.023304016196007693,-0.023384043724153324,-24558.50026558438,0.031913660540049876,0.032023254154541804,0.18625555049831755,,
2015,ppo_ens3,complete,,,docs/research/results/issue29/fold-2015/F0-ppo_ens3.json.gz,9706695b1d89496dde9feaa10e3690a6cafb3db68e949891e6a792fc80260049,ce3e04d7989f7195b26b16abbc38d5049344eccc279731c028a10fa831918746,260.0,-0.2912574318364263,-0.2613657182506537,-0.2534238285230478,-0.2306915352245833,0.7473232684515781,-1.0096135774242287,0.36954917133058873,0.0274443187831955,2.8193361455925348,0.9298738235382086,241.76719411993423,False,2015-01-01T00:00:00+00:00,2015-12-31T00:00:00+00:00,0.02273229329846449,-238859.8894382332,13627.476673005965,8544.823629544873,0.0,18899.495153650645,223594948.79821628,2.8117569157222393,-2.061787044013838,0.9965776865160849,260.0,,-0.24876701886338068,-0.24962130120837855,-213278.9482039464,-0.027527191180123905,-0.027621721369616086,-25580.941234286835,0.014885527462750247,0.01493664534552068,13627.476673005967,-0.009254174975111733,-0.009285954422141649,-8544.823629544873,0.0,0.0,0.0,-0.020594574280560884,-0.020665297406524348,-18899.49515365064,-0.29125743183642644,-0.29225762906113945,0.2894747412240235,,
2015,train_constant,complete,,,docs/research/results/issue30/fold-2015/train_constant.json.gz,761895c33af57ffd004eaee185c211fa3682bf292108a6f8f1caf22eded11d66,bf84cdbba1b80ef1c76d744cef6f834c619a69679aa8b7bc4c5d2689b3c4dae3,260.0,-0.03479643030145285,-0.03216040743375943,-0.03431339564178978,-0.03175570085145216,0.9658020042700718,-1.1153940965850344,0.036461317824130424,0.0025813746030658577,0.3568679213896783,0.0013718400589333704,0.3566784153226763,False,2015-01-01T00:00:00+00:00,2015-12-31T00:00:00+00:00,0.002557694790337621,-34344.947770118524,2728.326643255858,37.98009362509638,0.0,2543.39450944076,972921.8856048083,0.3566784153226763,-0.31340250722132623,0.9965776865160849,260.0,,-0.029225240992694464,-0.029325602397202343,-28721.20164035322,-0.005718830740515413,-0.005738469582344106,-5623.746129765315,0.002783213608766368,0.0027927713478074615,2728.326643255858,-3.849039906631522e-05,-3.8622577634537455e-05,-37.98009362509637,0.0,0.0,0.0,-0.002597081777943408,-0.0026060003280050266,-2543.39450944076,-0.03479643030145284,-0.03491592353737816,0.031303665354047605,fold-2015/train_constant.json.gz,fold-2015/train_constant-pairs.csv.gz
2015,common_projected,complete,,,docs/research/results/issue30/fold-2015/common_projected.json.gz,eb2737f1485af67bba876bf4d71d62f71fa2e93a2967ee2e89a6b9ae6bd47491,ab0465c8cd6cb2568b8f60caeba33d8b1254cb6a198b9ad500ed285a95d20993,260.0,-0.2642844711782105,-0.2390864108320513,-0.23294137124204567,-0.21329933262939976,0.7677551043897878,-0.9806326056753197,0.3643967024945697,0.023291134974270586,2.4679006278507885,0.7557298050476955,196.48974931240082,False,2015-01-01T00:00:00+00:00,2015-12-31T00:00:00+00:00,0.019642038612645907,-220484.58073511897,11530.82009917822,6742.360281153878,0.0,16548.774693116717,183903457.07533932,2.460825141934821,-2.086224529347741,0.9965776865160849,260.0,,-0.2514995513639397,-0.25236321740571144,-220484.58073511897,7.615523141474845e-18,7.641675350065074e-18,3.7966891973566e-12,0.012373766096090784,0.012416258424717469,11530.82009917822,-0.007245787516803731,-0.007270670028880667,-6742.360281153879,0.0,0.0,0.0,-0.01791289839355682,-0.017974412467710515,-16548.774693116717,-0.26428447117821063,-0.26519204147758635,0.27042955735186863,fold-2015/common_projected.json.gz,fold-2015/common_projected-pairs.csv.gz
2016,canonical,complete,,,docs/research/results/issue29/fold-2016/F0-canonical.json.gz,6ac2284312a74b984aa0a1ea1ffc6e9478a95a036db32657c281a27a388a6a8c,e177f4bf8b29995ce6070ad2b90b1df6fcbd84a1f275c10a8527ef82e42ec260,260.0,-0.003614715608980086,0.029930806125797,-0.0036205586950343307,0.030489148004999623,0.9963918096108472,-0.026706322924032508,0.14498190530234256,0.03366651857552825,3.2010880134951094,1.0892307854615726,283.20000422000885,False,2016-01-01T00:00:00+00:00,2016-12-30T00:00:00+00:00,0.03410970670003395,37933.83585176249,-7875.507665386767,10314.23385894158,0.0,23352.28471658668,291626337.5329463,3.200000047683716,0.0,0.9965776865160849,260.0,,0.0,0.0,0.0,0.037946700895001045,0.038077012367854754,37933.835851762444,-0.008019720372175838,-0.008047260620706662,-7875.507665386768,-0.010241256698144416,-0.010276425848893538,-10314.23385894158,0.0,0.0,0.0,-0.023300439433661134,-0.023380454678969036,-23352.284716586677,-0.0036147156089800505,-0.003627128780714185,0.13581535694868113,,
2016,ridge,complete,,,docs/research/results/issue29/fold-2016/F0-ridge.json.gz,0877c2e3a7dcea54137a5a4c50ad3fc0aae27057eaa2735002178544ca26ff8e,60b27eba6d761e527c245dbd454384031a7aeed12886c8fbb04061431ccf45e6,260.0,-0.23811375792463058,-0.16654787040261454,-0.21253114342377347,-0.15390176303287129,0.7881130318912628,-1.8836949418560884,0.23768801366772718,0.06325452762818579,3.204239316162843,5.1261539225394905,1332.8000198602676,False,2016-01-01T00:00:00+00:00,2016-12-30T00:00:00+00:00,0.05862938039090218,-145683.34975522695,-2949.090725325676,42639.943712468696,0.0,20614.583915717118,1180336867.8925085,3.200000047683716,0.0,0.9965776865160849,260.0,,0.0,0.0,0.0,-0.16329540314959337,-0.16385617033073896,-145683.34975522693,-0.0032773756294069054,-0.0032886303534089894,-2949.090725325674,-0.04823230402092529,-0.04839793693308506,-42639.943712468696,0.0,0.0,0.0,-0.023308675124705948,-0.02338871865191991,-20614.583915717118,-0.23811375792463038,-0.23893145626915177,0.1268419057460133,,
2016,ppo_ens3,complete,,,docs/research/results/issue29/fold-2016/F0-ppo_ens3.json.gz,08b1c166a7c51e7563be5546ea6fa59ef5f81a9fc18cb20ff4d85d67ec6adb08,c4648363dc92a40dc5f48d0246f8e292d53bef5342869bf6a58e6c482e5b04ab,260.0,-0.0010011753716570454,0.01633304332090313,-0.0010041090187205427,0.01652417060637784,0.9989993256371922,-0.005978382947910687,0.14248134706707993,0.01621942441271998,1.5747619929634522,0.6049836737184355,157.29575516679324,False,2016-01-01T00:00:00+00:00,2016-12-30T00:00:00+00:00,0.017528279625098384,12090.370520663837,3128.37952924819,5480.227685639415,0.0,10739.196727080562,146961402.58411407,1.5743610610333165,-0.7775651675808639,0.9965776865160849,260.0,,0.010589110089737827,0.010625473791969068,10463.798285976301,0.002326031783376635,0.0023340195298854833,1626.5722346873536,0.0034148588416362375,0.0034265856920539443,3128.3795292481905,-0.0058656639143112995,-0.005885806990940116,-5480.227685639414,0.0,0.0,0.0,-0.011465512172096515,-0.01150488549686333,-10739.196727080564,-0.00100117537165707,-0.0010046134738949033,0.16804100417253615,,
2016,train_constant,complete,,,docs/research/results/issue30/fold-2016/train_constant.json.gz,04aa61cd6a6183beaf9ecf36996c361407a0b541307816593fad0752f309acfe,e9831b6f0fb1f9b184013098bbe00b3f6bb681fb769c81ef26cfc75007882c9e,260.0,-0.01759764040064992,-0.01598147678043962,-0.017503081723677275,-0.015908460417205526,0.982556293791061,-0.8045502749898463,0.0353232885286503,0.0015821176165347083,0.21874826720064017,0.0008410158316389872,0.21866411622613668,False,2016-01-01T00:00:00+00:00,2016-12-30T00:00:00+00:00,0.0015946213064717482,-16113.073628322029,251.48503591788116,23.696623519270005,0.0,1558.4209930154384,605665.8798880222,0.21866411622613668,-0.18023025151342154,0.9965776865160849,260.0,,-0.012967583744017776,-0.013012115281600253,-12911.9355720589,-0.003270607792691813,-0.003281839275496386,-3201.138056263129,0.00025658258450929187,0.00025746370602202983,251.48503591788116,-2.4020957812369975e-05,-2.410344736529707e-05,-23.696623519270023,0.0,0.0,0.0,-0.001592010490637107,-0.0015974775596296793,-1558.4209930154384,-0.017597640400649914,-0.017658071858069727,0.021947754425032776,fold-2016/train_constant.json.gz,fold-2016/train_constant-pairs.csv.gz
2016,common_projected,complete,,,docs/research/results/issue30/fold-2016/common_projected.json.gz,666677f31cfa55d14aa4e52bb65722d2eaa0d6e49fbfff0454f98b674cdd2459,7e00245764f6c1737124ab0bf54d53057b94591e83d43438868e6037eeaebf19,260.0,-0.001255552247803604,0.011305424904495986,-0.0012590706016697615,0.011408838476398155,0.9987452356281445,-0.007437232913140776,0.1525356986337153,0.011542534258589364,1.1410208156556156,0.447956677952047,116.46873626753222,False,2016-01-01T00:00:00+00:00,2016-12-30T00:00:00+00:00,0.012667909078067916,6758.68379861724,3529.0860881153235,3909.0601440484243,0.0,7633.474114540928,106615738.94067158,1.1407391831101938,-0.7997756150441441,0.9965776865160849,260.0,,0.007430788147608032,0.007456305964048993,6758.683798617335,7.498347632635045e-18,7.524097452802061e-18,7.2668845401903674e-12,0.0038712977290008056,0.003884592020652594,3529.0860881153235,-0.004245334656166497,-0.004259913415287948,-3909.0601440484234,0.0,0.0,0.0,-0.00831230346824851,-0.00834084846642244,-7633.474114540928,-0.001255552247803614,-0.0012598638970062364,0.16939954842347144,fold-2016/common_projected.json.gz,fold-2016/common_projected-pairs.csv.gz
2017,canonical,blocked_input,"ValueError: Missing expected bar for pairs ('JPY/USD', 'JPY/EUR', 'JPY/GBP', 'JPY/AUD', 'JPY/CHF', 'JPY/CAD', 'JPY/NZD', 'JPY/NOK', 'JPY/SEK') at 2017-07-10 23:00:00+00:00: /home/tsuyoshi/workspace/projects/forex-trainer/data/jpy_9pairs_1d_2003_carry.parquet",,,,,,,,,,,,,,,,,,,,,,,,,,,,,,,,,,,,,,,,,,,,,,,,,,,,,,
2017,ridge,blocked_input,"ValueError: Missing expected bar for pairs ('JPY/USD', 'JPY/EUR', 'JPY/GBP', 'JPY/AUD', 'JPY/CHF', 'JPY/CAD', 'JPY/NZD', 'JPY/NOK', 'JPY/SEK') at 2017-07-10 23:00:00+00:00: /home/tsuyoshi/workspace/projects/forex-trainer/data/jpy_9pairs_1d_2003_carry.parquet",,,,,,,,,,,,,,,,,,,,,,,,,,,,,,,,,,,,,,,,,,,,,,,,,,,,,,
2017,ppo_ens3,blocked_input,"ValueError: Missing expected bar for pairs ('JPY/USD', 'JPY/EUR', 'JPY/GBP', 'JPY/AUD', 'JPY/CHF', 'JPY/CAD', 'JPY/NZD', 'JPY/NOK', 'JPY/SEK') at 2017-07-10 23:00:00+00:00: /home/tsuyoshi/workspace/projects/forex-trainer/data/jpy_9pairs_1d_2003_carry.parquet",,,,,,,,,,,,,,,,,,,,,,,,,,,,,,,,,,,,,,,,,,,,,,,,,,,,,,
2017,train_constant,blocked_input,Parent F0 panel incomplete,"[{'policy': 'canonical', 'status': 'blocked_input', 'detail': {'scenario': 'F0', 'fold': '2017', 'policy': 'canonical', 'status': 'blocked_input', 'error': ""ValueError: Missing expected bar for pairs ('JPY/USD', 'JPY/EUR', 'JPY/GBP', 'JPY/AUD', 'JPY/CHF', 'JPY/CAD', 'JPY/NZD', 'JPY/NOK', 'JPY/SEK') at 2017-07-10 23:00:00+00:00: /home/tsuyoshi/workspace/projects/forex-trainer/data/jpy_9pairs_1d_2003_carry.parquet""}}, {'policy': 'ridge', 'status': 'blocked_input', 'detail': {'scenario': 'F0', 'fold': '2017', 'policy': 'ridge', 'status': 'blocked_input', 'error': ""ValueError: Missing expected bar for pairs ('JPY/USD', 'JPY/EUR', 'JPY/GBP', 'JPY/AUD', 'JPY/CHF', 'JPY/CAD', 'JPY/NZD', 'JPY/NOK', 'JPY/SEK') at 2017-07-10 23:00:00+00:00: /home/tsuyoshi/workspace/projects/forex-trainer/data/jpy_9pairs_1d_2003_carry.parquet""}}, {'policy': 'ppo_ens3', 'status': 'blocked_input', 'detail': {'scenario': 'F0', 'fold': '2017', 'policy': 'ppo_ens3', 'status': 'blocked_input', 'error': ""ValueError: Missing expected bar for pairs ('JPY/USD', 'JPY/EUR', 'JPY/GBP', 'JPY/AUD', 'JPY/CHF', 'JPY/CAD', 'JPY/NZD', 'JPY/NOK', 'JPY/SEK') at 2017-07-10 23:00:00+00:00: /home/tsuyoshi/workspace/projects/forex-trainer/data/jpy_9pairs_1d_2003_carry.parquet""}}]",,,,,,,,,,,,,,,,,,,,,,,,,,,,,,,,,,,,,,,,,,,,,,,,,,,,,
2017,common_projected,blocked_input,Parent F0 panel incomplete,"[{'policy': 'canonical', 'status': 'blocked_input', 'detail': {'scenario': 'F0', 'fold': '2017', 'policy': 'canonical', 'status': 'blocked_input', 'error': ""ValueError: Missing expected bar for pairs ('JPY/USD', 'JPY/EUR', 'JPY/GBP', 'JPY/AUD', 'JPY/CHF', 'JPY/CAD', 'JPY/NZD', 'JPY/NOK', 'JPY/SEK') at 2017-07-10 23:00:00+00:00: /home/tsuyoshi/workspace/projects/forex-trainer/data/jpy_9pairs_1d_2003_carry.parquet""}}, {'policy': 'ridge', 'status': 'blocked_input', 'detail': {'scenario': 'F0', 'fold': '2017', 'policy': 'ridge', 'status': 'blocked_input', 'error': ""ValueError: Missing expected bar for pairs ('JPY/USD', 'JPY/EUR', 'JPY/GBP', 'JPY/AUD', 'JPY/CHF', 'JPY/CAD', 'JPY/NZD', 'JPY/NOK', 'JPY/SEK') at 2017-07-10 23:00:00+00:00: /home/tsuyoshi/workspace/projects/forex-trainer/data/jpy_9pairs_1d_2003_carry.parquet""}}, {'policy': 'ppo_ens3', 'status': 'blocked_input', 'detail': {'scenario': 'F0', 'fold': '2017', 'policy': 'ppo_ens3', 'status': 'blocked_input', 'error': ""ValueError: Missing expected bar for pairs ('JPY/USD', 'JPY/EUR', 'JPY/GBP', 'JPY/AUD', 'JPY/CHF', 'JPY/CAD', 'JPY/NZD', 'JPY/NOK', 'JPY/SEK') at 2017-07-10 23:00:00+00:00: /home/tsuyoshi/workspace/projects/forex-trainer/data/jpy_9pairs_1d_2003_carry.parquet""}}]",,,,,,,,,,,,,,,,,,,,,,,,,,,,,,,,,,,,,,,,,,,,,,,,,,,,,
2018,canonical,blocked_input,"ValueError: Missing expected bar for pairs ('JPY/USD', 'JPY/EUR', 'JPY/GBP', 'JPY/AUD', 'JPY/CHF', 'JPY/CAD', 'JPY/NZD', 'JPY/NOK', 'JPY/SEK') at 2017-11-16 00:00:00+00:00: /home/tsuyoshi/workspace/projects/forex-trainer/data/jpy_9pairs_1d_2003_carry.parquet",,,,,,,,,,,,,,,,,,,,,,,,,,,,,,,,,,,,,,,,,,,,,,,,,,,,,,
2018,ridge,blocked_input,"ValueError: Missing expected bar for pairs ('JPY/USD', 'JPY/EUR', 'JPY/GBP', 'JPY/AUD', 'JPY/CHF', 'JPY/CAD', 'JPY/NZD', 'JPY/NOK', 'JPY/SEK') at 2017-11-16 00:00:00+00:00: /home/tsuyoshi/workspace/projects/forex-trainer/data/jpy_9pairs_1d_2003_carry.parquet",,,,,,,,,,,,,,,,,,,,,,,,,,,,,,,,,,,,,,,,,,,,,,,,,,,,,,
2018,ppo_ens3,blocked_input,"ValueError: Missing expected bar for pairs ('JPY/USD', 'JPY/EUR', 'JPY/GBP', 'JPY/AUD', 'JPY/CHF', 'JPY/CAD', 'JPY/NZD', 'JPY/NOK', 'JPY/SEK') at 2017-11-16 00:00:00+00:00: /home/tsuyoshi/workspace/projects/forex-trainer/data/jpy_9pairs_1d_2003_carry.parquet",,,,,,,,,,,,,,,,,,,,,,,,,,,,,,,,,,,,,,,,,,,,,,,,,,,,,,
2018,train_constant,blocked_input,Parent F0 panel incomplete,"[{'policy': 'canonical', 'status': 'blocked_input', 'detail': {'scenario': 'F0', 'fold': '2018', 'policy': 'canonical', 'status': 'blocked_input', 'error': ""ValueError: Missing expected bar for pairs ('JPY/USD', 'JPY/EUR', 'JPY/GBP', 'JPY/AUD', 'JPY/CHF', 'JPY/CAD', 'JPY/NZD', 'JPY/NOK', 'JPY/SEK') at 2017-11-16 00:00:00+00:00: /home/tsuyoshi/workspace/projects/forex-trainer/data/jpy_9pairs_1d_2003_carry.parquet""}}, {'policy': 'ridge', 'status': 'blocked_input', 'detail': {'scenario': 'F0', 'fold': '2018', 'policy': 'ridge', 'status': 'blocked_input', 'error': ""ValueError: Missing expected bar for pairs ('JPY/USD', 'JPY/EUR', 'JPY/GBP', 'JPY/AUD', 'JPY/CHF', 'JPY/CAD', 'JPY/NZD', 'JPY/NOK', 'JPY/SEK') at 2017-11-16 00:00:00+00:00: /home/tsuyoshi/workspace/projects/forex-trainer/data/jpy_9pairs_1d_2003_carry.parquet""}}, {'policy': 'ppo_ens3', 'status': 'blocked_input', 'detail': {'scenario': 'F0', 'fold': '2018', 'policy': 'ppo_ens3', 'status': 'blocked_input', 'error': ""ValueError: Missing expected bar for pairs ('JPY/USD', 'JPY/EUR', 'JPY/GBP', 'JPY/AUD', 'JPY/CHF', 'JPY/CAD', 'JPY/NZD', 'JPY/NOK', 'JPY/SEK') at 2017-11-16 00:00:00+00:00: /home/tsuyoshi/workspace/projects/forex-trainer/data/jpy_9pairs_1d_2003_carry.parquet""}}]",,,,,,,,,,,,,,,,,,,,,,,,,,,,,,,,,,,,,,,,,,,,,,,,,,,,,
2018,common_projected,blocked_input,Parent F0 panel incomplete,"[{'policy': 'canonical', 'status': 'blocked_input', 'detail': {'scenario': 'F0', 'fold': '2018', 'policy': 'canonical', 'status': 'blocked_input', 'error': ""ValueError: Missing expected bar for pairs ('JPY/USD', 'JPY/EUR', 'JPY/GBP', 'JPY/AUD', 'JPY/CHF', 'JPY/CAD', 'JPY/NZD', 'JPY/NOK', 'JPY/SEK') at 2017-11-16 00:00:00+00:00: /home/tsuyoshi/workspace/projects/forex-trainer/data/jpy_9pairs_1d_2003_carry.parquet""}}, {'policy': 'ridge', 'status': 'blocked_input', 'detail': {'scenario': 'F0', 'fold': '2018', 'policy': 'ridge', 'status': 'blocked_input', 'error': ""ValueError: Missing expected bar for pairs ('JPY/USD', 'JPY/EUR', 'JPY/GBP', 'JPY/AUD', 'JPY/CHF', 'JPY/CAD', 'JPY/NZD', 'JPY/NOK', 'JPY/SEK') at 2017-11-16 00:00:00+00:00: /home/tsuyoshi/workspace/projects/forex-trainer/data/jpy_9pairs_1d_2003_carry.parquet""}}, {'policy': 'ppo_ens3', 'status': 'blocked_input', 'detail': {'scenario': 'F0', 'fold': '2018', 'policy': 'ppo_ens3', 'status': 'blocked_input', 'error': ""ValueError: Missing expected bar for pairs ('JPY/USD', 'JPY/EUR', 'JPY/GBP', 'JPY/AUD', 'JPY/CHF', 'JPY/CAD', 'JPY/NZD', 'JPY/NOK', 'JPY/SEK') at 2017-11-16 00:00:00+00:00: /home/tsuyoshi/workspace/projects/forex-trainer/data/jpy_9pairs_1d_2003_carry.parquet""}}]",,,,,,,,,,,,,,,,,,,,,,,,,,,,,,,,,,,,,,,,,,,,,,,,,,,,,
2019,canonical,blocked_input,"ValueError: Missing expected bar for pairs ('JPY/USD', 'JPY/EUR', 'JPY/GBP', 'JPY/AUD', 'JPY/CHF', 'JPY/CAD', 'JPY/NZD', 'JPY/NOK', 'JPY/SEK') at 2019-05-21 23:00:00+00:00: /home/tsuyoshi/workspace/projects/forex-trainer/data/jpy_9pairs_1d_2003_carry.parquet",,,,,,,,,,,,,,,,,,,,,,,,,,,,,,,,,,,,,,,,,,,,,,,,,,,,,,
2019,ridge,blocked_input,"ValueError: Missing expected bar for pairs ('JPY/USD', 'JPY/EUR', 'JPY/GBP', 'JPY/AUD', 'JPY/CHF', 'JPY/CAD', 'JPY/NZD', 'JPY/NOK', 'JPY/SEK') at 2019-05-21 23:00:00+00:00: /home/tsuyoshi/workspace/projects/forex-trainer/data/jpy_9pairs_1d_2003_carry.parquet",,,,,,,,,,,,,,,,,,,,,,,,,,,,,,,,,,,,,,,,,,,,,,,,,,,,,,
2019,ppo_ens3,blocked_input,"ValueError: Missing expected bar for pairs ('JPY/USD', 'JPY/EUR', 'JPY/GBP', 'JPY/AUD', 'JPY/CHF', 'JPY/CAD', 'JPY/NZD', 'JPY/NOK', 'JPY/SEK') at 2019-05-21 23:00:00+00:00: /home/tsuyoshi/workspace/projects/forex-trainer/data/jpy_9pairs_1d_2003_carry.parquet",,,,,,,,,,,,,,,,,,,,,,,,,,,,,,,,,,,,,,,,,,,,,,,,,,,,,,
2019,train_constant,blocked_input,Parent F0 panel incomplete,"[{'policy': 'canonical', 'status': 'blocked_input', 'detail': {'scenario': 'F0', 'fold': '2019', 'policy': 'canonical', 'status': 'blocked_input', 'error': ""ValueError: Missing expected bar for pairs ('JPY/USD', 'JPY/EUR', 'JPY/GBP', 'JPY/AUD', 'JPY/CHF', 'JPY/CAD', 'JPY/NZD', 'JPY/NOK', 'JPY/SEK') at 2019-05-21 23:00:00+00:00: /home/tsuyoshi/workspace/projects/forex-trainer/data/jpy_9pairs_1d_2003_carry.parquet""}}, {'policy': 'ridge', 'status': 'blocked_input', 'detail': {'scenario': 'F0', 'fold': '2019', 'policy': 'ridge', 'status': 'blocked_input', 'error': ""ValueError: Missing expected bar for pairs ('JPY/USD', 'JPY/EUR', 'JPY/GBP', 'JPY/AUD', 'JPY/CHF', 'JPY/CAD', 'JPY/NZD', 'JPY/NOK', 'JPY/SEK') at 2019-05-21 23:00:00+00:00: /home/tsuyoshi/workspace/projects/forex-trainer/data/jpy_9pairs_1d_2003_carry.parquet""}}, {'policy': 'ppo_ens3', 'status': 'blocked_input', 'detail': {'scenario': 'F0', 'fold': '2019', 'policy': 'ppo_ens3', 'status': 'blocked_input', 'error': ""ValueError: Missing expected bar for pairs ('JPY/USD', 'JPY/EUR', 'JPY/GBP', 'JPY/AUD', 'JPY/CHF', 'JPY/CAD', 'JPY/NZD', 'JPY/NOK', 'JPY/SEK') at 2019-05-21 23:00:00+00:00: /home/tsuyoshi/workspace/projects/forex-trainer/data/jpy_9pairs_1d_2003_carry.parquet""}}]",,,,,,,,,,,,,,,,,,,,,,,,,,,,,,,,,,,,,,,,,,,,,,,,,,,,,
2019,common_projected,blocked_input,Parent F0 panel incomplete,"[{'policy': 'canonical', 'status': 'blocked_input', 'detail': {'scenario': 'F0', 'fold': '2019', 'policy': 'canonical', 'status': 'blocked_input', 'error': ""ValueError: Missing expected bar for pairs ('JPY/USD', 'JPY/EUR', 'JPY/GBP', 'JPY/AUD', 'JPY/CHF', 'JPY/CAD', 'JPY/NZD', 'JPY/NOK', 'JPY/SEK') at 2019-05-21 23:00:00+00:00: /home/tsuyoshi/workspace/projects/forex-trainer/data/jpy_9pairs_1d_2003_carry.parquet""}}, {'policy': 'ridge', 'status': 'blocked_input', 'detail': {'scenario': 'F0', 'fold': '2019', 'policy': 'ridge', 'status': 'blocked_input', 'error': ""ValueError: Missing expected bar for pairs ('JPY/USD', 'JPY/EUR', 'JPY/GBP', 'JPY/AUD', 'JPY/CHF', 'JPY/CAD', 'JPY/NZD', 'JPY/NOK', 'JPY/SEK') at 2019-05-21 23:00:00+00:00: /home/tsuyoshi/workspace/projects/forex-trainer/data/jpy_9pairs_1d_2003_carry.parquet""}}, {'policy': 'ppo_ens3', 'status': 'blocked_input', 'detail': {'scenario': 'F0', 'fold': '2019', 'policy': 'ppo_ens3', 'status': 'blocked_input', 'error': ""ValueError: Missing expected bar for pairs ('JPY/USD', 'JPY/EUR', 'JPY/GBP', 'JPY/AUD', 'JPY/CHF', 'JPY/CAD', 'JPY/NZD', 'JPY/NOK', 'JPY/SEK') at 2019-05-21 23:00:00+00:00: /home/tsuyoshi/workspace/projects/forex-trainer/data/jpy_9pairs_1d_2003_carry.parquet""}}]",,,,,,,,,,,,,,,,,,,,,,,,,,,,,,,,,,,,,,,,,,,,,,,,,,,,,
2020,canonical,complete,,,docs/research/results/issue29/fold-2020/F0-canonical.json.gz,418ee8a6c857e24425e24bff764a883fc8e67e877600a6b92fdd57030f8d4dce,2ac2f71f8bd447069e34b7e0a1d6eaa77c2f6486290c01c10c25207b326ade7a,261.0,-0.03204571587821946,0.002511411809689612,-0.031558949700275354,0.0025162925179586433,0.968462306962282,-0.18028157275463766,0.2222466725205524,0.03248988317518447,3.200703178031897,1.0973180240141478,286.40000426769257,False,2020-01-01T00:00:00+00:00,2020-12-31T00:00:00+00:00,0.034075242218234,-448.70321177172946,1400.8933492378678,10527.077762409173,0.0,21962.805412775288,275290396.82910883,3.200000047683716,0.0,0.999315537303217,261.0,,0.0,0.0,0.0,0.0010128561007600695,0.0010135498378153847,-448.703211771777,0.0014988788573668643,0.0014999054867212251,1400.893349237867,-0.011188807703165916,-0.011196471270085892,-10527.077762409175,0.0,0.0,0.0,-0.023368643133181034,-0.023384649053135267,-21962.80541277529,-0.03204571587821953,-0.03206766499868406,0.17787544510901251,,
2020,ridge,complete,,,docs/research/results/issue29/fold-2020/F0-ridge.json.gz,810508bcff077b9220a91df7fd18a5e6dc71156afa6cd040a816182da32e43d9,d73ae8264e14210d5e44f2cd00e625376b27aa820428e8489eccc9d373e7845d,261.0,-0.08463756121938844,-0.01823673987297896,-0.08120801556202836,-0.018083721910971885,0.9188452492098279,-0.5588791417609859,0.17328360678842358,0.06433870276480455,3.2013517486121503,4.462835315543573,1164.8000173568726,False,2020-01-01T00:00:00+00:00,2020-12-31T00:00:00+00:00,0.06312429365105648,-16487.646432395064,-328.40159297432416,41705.975678615156,0.0,22632.727086189367,1131834542.2731879,3.200000047683716,0.0,0.999315537303217,261.0,,0.0,0.0,0.0,-0.01780742717395758,-0.01781962404188495,-16487.646432395042,-0.00043313321232193617,-0.0004334298789057183,-328.401592974324,-0.043034939002906725,-0.04306441498852515,-41705.97567861516,0.0,0.0,0.0,-0.0233620618302032,-0.02337806324241567,-22632.727086189367,-0.0846375612193884,-0.08469553215173044,0.15154534464260247,,
2020,ppo_ens3,complete,,,docs/research/results/issue29/fold-2020/F0-ppo_ens3.json.gz,804a19d2142682ca9122bc02614ae84f2833f42ce7fdc3ac5a2dc129b7931e93,85ac9e617aaad72555ec43cd3b0db71dd5fee8cfb7ee0cf32d0a5a31c12d496b,261.0,-0.1457170923832726,-0.12462349239926496,-0.13568405385271964,-0.11724612187834611,0.8644022145663609,-1.0674153090910024,0.1781014546259504,0.020251564983931606,1.8559079170509674,0.7460976179320743,194.7314782802714,False,2020-01-01T00:00:00+00:00,2020-12-31T00:00:00+00:00,0.01843793197437353,-113878.75904379204,-1467.4614059167648,7062.9280788723,0.0,13188.636905059302,186939959.60785544,1.8549156302024863,0.5790759700841549,0.999315537303217,261.0,,-0.07424264339941308,-0.07429349452502912,-65562.69562011278,-0.048862185735282976,-0.048895652985786596,-48316.06342367925,-0.0015222807731705048,-0.0015233234312343202,-1467.4614059167645,-0.007357452752506156,-0.007362492103706503,-7062.928078872301,0.0,0.0,0.0,-0.013732529722903338,-0.0137419355651793,-13188.636905059302,-0.14571709238327252,-0.1458168986109323,0.13660746418852496,,
2020,train_constant,complete,,,docs/research/results/issue30/fold-2020/train_constant.json.gz,86c6cef215165ccec86d10b465609307159219ed060a07b4a6cc525579f0921c,ff50eafd9ab72d0b6ccd88fd27e9f2f4c2edbf717a5adb43e0a01984b5631f38,261.0,0.004268843937753524,0.007112248253498965,0.004280904809304028,0.007142506543948995,1.004277968431095,0.3552782224188821,0.01035742913354809,0.0028389302184064274,0.3849264341771026,0.0014748438065193621,0.38493423350155354,False,2020-01-01T00:00:00+00:00,2020-12-31T00:00:00+00:00,0.0028616017346449673,8183.485296673067,-1066.5866471714344,33.30287273787362,0.0,2805.6273456685544,921693.7627969934,0.38493423350155354,-0.07975156791508198,0.999315537303217,261.0,,-5.599550333088303e-07,-5.603385641535624e-07,-15.425300997974034,0.008181823466766217,0.008187427455442084,8198.910597671047,-0.0010690248609815098,-0.0010697570697904013,-1066.5866471714342,-3.334583042168188e-05,-3.3368670031559745e-05,-33.30287273787365,0.0,0.0,0.0,-0.0028100488825762316,-0.0028119735735916947,-2805.627345668554,0.004268843937753516,0.004271767803464306,0.012023725446441216,fold-2020/train_constant.json.gz,fold-2020/train_constant-pairs.csv.gz
2020,common_projected,complete,,,docs/research/results/issue30/fold-2020/common_projected.json.gz,79e6b1678eeb248f8bd041b2676e9852b8e9cb9eb0617279fbf34d683d3334f1,31fe930fae7d0268423a02d020b2656830917bfa023fd5a1f4d01412bda7ab57,261.0,-0.082623169167631,-0.06849334095794263,-0.07935407268004678,-0.06624412825346064,0.9206980292628227,-0.6958969436524987,0.14833132918397252,0.01416976652634552,1.177933860692014,0.544591715555349,142.1384377599461,False,2020-01-01T00:00:00+00:00,2020-12-31T00:00:00+00:00,0.01310994442658614,-64857.03561279821,-275.1685980337956,5219.048532387011,0.0,8950.717993958517,142353196.93200698,1.177356344978887,0.5706157529152577,0.999315537303217,261.0,,-0.06824877401331683,-0.0682955197489424,-64857.03561279823,-1.2090866767721001e-18,-1.2099148183315331e-18,-1.4858460117319809e-12,-0.0002466171952294431,-0.00024678611111658656,-275.16859803379555,-0.005212650901694122,-0.005216221210530899,-5219.048532387012,0.0,0.0,0.0,-0.008915127057391201,-0.008921233308800373,-8950.717993958517,-0.08262316916763099,-0.08267976037938964,0.11881035135092707,fold-2020/common_projected.json.gz,fold-2020/common_projected-pairs.csv.gz
2021,canonical,complete,,,docs/research/results/issue29/fold-2021/F0-canonical.json.gz,ac88dbb4a2fd16b2e9bf0cbbd638c7a5a2108fe1f6a54a9abcf6dc69b466b0d1,b0dcb1843f64a90f0e65870567c42e961eb89b98f84f670983a2c04fedceac09,260.0,0.08851410146805137,0.125361904102466,0.09288180449007537,0.1340467215823905,1.0925496590559631,0.8494067041059075,0.0680476446781757,0.0385973731075251,3.1981876333173687,1.3600000202655793,353.6000052690506,False,2021-01-01T00:00:00+00:00,2021-12-31T00:00:00+00:00,0.04116491709231514,131917.00721425534,-769.9750507665938,14192.958920936402,0.0,24404.41418658869,374377056.3609877,3.200000047683716,0.0,0.9965776865160849,260.0,,0.0,0.0,0.0,0.1262035031821659,0.12663689433320355,131917.0072142553,-0.0008379927725933465,-0.0008408704950267028,-769.9750507665942,-0.013555055041524164,-0.013601603994276651,-14192.958920936402,0.0,0.0,0.0,-0.023296353899997322,-0.023376355115313247,-24404.414186588696,0.08851410146805146,0.08881806472858735,0.10456482660103075,,
2021,ridge,complete,,,docs/research/results/issue29/fold-2021/F0-ridge.json.gz,640ed15c71570f262db5b4c9cd22c492d4eff945c1c5fea83f515beacd32bf61,a149a25e381e8ff8e79890b4987627b779a745ea2b1139a8dc100e5bb70ea657,260.0,-0.03872874358186732,0.03071376322617512,-0.03811631062427601,0.03129906561610942,0.9620116255848952,-0.4442522400525086,0.17396336347055896,0.06740091485079582,3.200292147659076,4.7630769940523,1238.400018453598,False,2021-01-01T00:00:00+00:00,2021-12-31T00:00:00+00:00,0.06941537624038543,30314.69367145942,-902.1532357696076,44806.00797697282,0.0,22594.906873822998,1203061119.2912908,3.200000047683716,0.0,0.9965776865160849,260.0,,0.0,0.0,0.0,0.03164723352216998,0.03175591220871589,30314.693671459478,-0.0009297428186180346,-0.0009329356167588932,-902.1532357696078,-0.04614824246348051,-0.046306718570841364,-44806.00797697282,0.0,0.0,0.0,-0.023297991821940478,-0.02337799866198835,-22594.906873822998,-0.03872874358186742,-0.038861740640871084,0.08747674662547049,,
2021,ppo_ens3,complete,,,docs/research/results/issue29/fold-2021/F0-ppo_ens3.json.gz,af27233c158e52d2b65087f52e416fcf73ad49ee504858237849ed3d74ceadfd,4ff848f66820896a42a3c54050d7fa866ac382a2511f265a16cfa678656bf9f6,260.0,-0.08925425762059991,-0.06730785572859267,-0.0856672938200482,-0.06530872870141036,0.914612996684175,-0.8170705738977126,0.16110412748018954,0.02107969817589216,1.8455237187392488,0.8703400102724957,226.28840267084888,False,2021-01-01T00:00:00+00:00,2021-12-31T00:00:00+00:00,0.020358565118637845,-62790.57301601428,-1516.7321239190042,8338.276176857486,0.0,12741.421999034672,217862103.61251134,1.8449874610891408,0.3507324962819089,0.9965776865160849,260.0,,-0.058223531270758536,-0.05842347471605647,-54733.149036076844,-0.007471148081978908,-0.007496804497095594,-8057.423979937367,-0.0016163449903491022,-0.0016218956256181581,-1516.7321239190042,-0.008649650584202586,-0.00867935405461537,-8338.276176857486,0.0,0.0,0.0,-0.013293582693311119,-0.013339233732779907,-12741.421999034674,-0.08925425762059984,-0.08956076262616508,0.10961202800258608,,
2021,train_constant,complete,,,docs/research/results/issue30/fold-2021/train_constant.json.gz,2123f76bc3ef91bda8c7f17b42fc8aad978477f5d70559df63eab82a1c7ad328,27c40340a8165be02991596919c9d5f79fe2cf315e7832c1fe13de2837e9e536,260.0,-0.011395745736571261,-0.009259506255029927,-0.011369749731101794,-0.009248273218768616,0.9886689398272989,-0.9435786684147761,0.015839563747393037,0.002117787609431635,0.2908817928209358,0.001118976124920524,0.29093379247933626,False,2021-01-01T00:00:00+00:00,2021-12-31T00:00:00+00:00,0.0021214765123331782,-9411.811942725824,198.53937945590496,18.09327736421562,0.0,2099.69433206742,530472.1759602794,0.29093379247933626,0.19678895268589258,0.9965776865160849,260.0,,-0.0129939748437523,-0.01303859701011134,-12914.734782625183,0.003534164670810373,0.0035463012253117822,3502.92283989936,0.00020027243439622896,0.0002009601831407215,198.53937945590496,-1.8176087373855072e-05,-1.8238505256320232e-05,-18.0932773642156,0.0,0.0,0.0,-0.002118031910652215,-0.00212530537188385,-2099.69433206742,-0.011395745736571258,-0.011434879478798494,0.012118628643872626,fold-2021/train_constant.json.gz,fold-2021/train_constant-pairs.csv.gz
2021,common_projected,complete,,,docs/research/results/issue30/fold-2021/common_projected.json.gz,13a6e81b4a8eae8198608821ef4227a21db04d00cd9ca5a6221ab19eab8df862,480495e2e09c6150e156a16d1e150729dcd2a49e5a4fc345a36b50b66c637492,260.0,-0.06611857192061997,-0.0514151082668131,-0.06419263232966957,-0.05028341562908506,0.936019872037501,-0.6820148219055446,0.1585341307892062,0.014382408893513896,1.1843009935609123,0.6543851982014111,170.14015153236687,False,2021-01-01T00:00:00+00:00,2021-12-31T00:00:00+00:00,0.013909216700584509,-49391.54170269666,-206.17736628808208,6122.374378155787,0.0,8260.03451535811,166961954.57813406,1.1837332379950496,0.3758609378808894,0.9965776865160849,260.0,,-0.05120082932904808,-0.05137665635284288,-49391.54170269666,2.868776371220123e-18,2.8786279384289835e-18,2.7978446518048943e-12,-0.00021737745555066573,-0.00021812394406560618,-206.17736628808203,-0.006231577029786506,-0.006252976676180003,-6122.374378155787,0.0,0.0,0.0,-0.008468788106233806,-0.008497870482972247,-8260.03451535811,-0.06611857192061994,-0.06634562745606162,0.0972788645130797,fold-2021/common_projected.json.gz,fold-2021/common_projected-pairs.csv.gz
2022,canonical,complete,,,docs/research/results/issue29/fold-2022/F0-canonical.json.gz,8c94480dd8e668a4413237e88c0362ee6d88f8afc0f708ec9dfe6e019b1034eb,8d955e7a0c4a83e0950146b54e33f6f3da2b37176c705043126f1d3aad1c0f52,259.0,0.05297782364916123,0.08728149354989484,0.05506410043565377,0.09232564847936418,1.054406261976889,0.3320163938613681,0.11630987421392003,0.035032774041030335,3.1988852402115318,1.149034766156701,297.60000443458557,False,2022-01-03T00:00:00+00:00,2022-12-30T00:00:00+00:00,0.037261548043710416,86743.2574102543,2695.7786076660245,11433.764197265938,0.0,23599.009843764423,311150087.2697907,3.200000047683716,0.0,0.9883641341546886,259.0,,0.0,0.0,0.0,0.08454586131466003,0.08554120732736725,86743.25741025423,0.0027308746919752188,0.0027630248787921014,2695.7786076660236,-0.011189597409090618,-0.011321330896593762,-11433.764197265938,0.0,0.0,0.0,-0.02310931494838181,-0.023381377520488796,-23599.009843764423,0.05297782364916125,0.0536015237890752,0.16144240097811632,,
2022,ridge,complete,,,docs/research/results/issue29/fold-2022/F0-ridge.json.gz,7bb1f7dd263fd6a5a9223fe2cceebd6417bc35d488a18387bccba32c36156295,aa5de87ab576be7636c33a3926100c02bf9f906a3f3347def76935e9e7d5114c,259.0,-0.09405362117564621,-0.02465450116309062,-0.09077337245664395,-0.024636205473223465,0.9102339531174981,-0.7606975564299732,0.16418630755590857,0.06544009884580483,3.2002618983108944,4.756756827637956,1232.0000183582306,False,2022-01-03T00:00:00+00:00,2022-12-30T00:00:00+00:00,0.06613716698342048,-24790.305785731714,464.3577490351032,43664.22213230959,0.0,21775.87671349523,1162773784.5487435,3.200000047683716,0.0,0.9883641341546886,259.0,,0.0,0.0,0.0,-0.025161317491778797,-0.025457537988565666,-24790.30578573173,0.0004929106173566663,0.0004987135816884276,464.35774903510355,-0.0462735502254906,-0.04681832193867158,-43664.22213230959,0.0,0.0,0.0,-0.023111664075732972,-0.02338375430377138,-21775.87671349523,-0.09405362117564622,-0.09516090064932073,0.12509689277289124,,
2022,ppo_ens3,complete,,,docs/research/results/issue29/fold-2022/F0-ppo_ens3.json.gz,19b92098f4771a5b791c81ca51693430d48b05a29b5b7a1cdc5d183c330fb5af,be90d58064147d0078263347c9f173211f52cf7817a5902e9e993000394dcbd2,259.0,0.06697084880745442,0.09087993616374826,0.07010768840436833,0.09630984329582684,1.0692643073905628,0.29326537269466074,0.22048347180202665,0.025041002450990942,2.1629327638987395,0.8565564916377792,221.8481313341848,False,2022-01-03T00:00:00+00:00,2022-12-30T00:00:00+00:00,0.02620215489145851,92949.64480987709,1355.6650316776097,8696.224426289966,0.0,16344.77802470098,231076599.34066653,2.1622725037807773,-0.030689312757353093,0.9883641341546886,259.0,,0.0789358030500475,0.0798651026704428,83998.54753798198,0.010885224022175802,0.011013374166481195,8951.09727189516,0.00105042453326518,0.0010627910270778586,1355.6650316776083,-0.008334995355114248,-0.00843312203173263,-8696.224426289966,0.0,0.0,0.0,-0.01556560744291882,-0.015748859054088918,-16344.778024700978,0.06697084880745446,0.06775928677817934,0.23105109940384358,,
2022,train_constant,complete,,,docs/research/results/issue30/fold-2022/train_constant.json.gz,615ffb6fa4ea3d8cff46835a242571be98e8d6281185f8a4e318b242eeb525b3,7650dd5647e2fb2c30f98dd480da706e788754cdda253c6e33230fb3ef555d69,259.0,0.004767631968624017,0.006876177500418511,0.0048354136626565375,0.006981386776153096,1.004779015209095,0.603383011106979,0.007613417707703629,0.002120784198119829,0.28787644147136787,0.0011117615328893123,0.2879462370183319,False,2022-01-03T00:00:00+00:00,2022-12-30T00:00:00+00:00,0.0021459731134965583,5378.513328587959,1521.2860786265055,29.7293693489232,0.0,2091.0548287709053,745607.7202141457,0.2879462370183319,-0.04924997338093817,0.9883641341546886,259.0,,0.0030003990407111384,0.0030357222981156323,3013.89379666421,0.0023663385397093032,0.002394197095924717,2364.6195319237454,0.001509467779421382,0.0015272385219768968,1521.286078626505,-2.96189150533029e-05,-2.9967614191742058e-05,-29.72936934892324,0.0,0.0,0.0,-0.0020789544761654235,-0.0021034297019928557,-2091.0548287709053,0.004767631968624009,0.004823760599833571,0.007994525054631234,fold-2022/train_constant.json.gz,fold-2022/train_constant-pairs.csv.gz
2022,common_projected,complete,,,docs/research/results/issue30/fold-2022/common_projected.json.gz,505d177825603203f89246312fee526dd4f00aaa6fc93828521e7f816c123569,2a8fe3d99c57d5e03373de4df32c2414bbca90c3e845e94bbe56a96b468f7671,259.0,0.07117842075974126,0.08695798993265269,0.07467296195461344,0.09196817549827903,1.0737727921355125,0.3314135522161739,0.21040714824818796,0.016442485001185496,1.3892344839232431,0.6187957824939596,160.26810766593553,False,2022-01-03T00:00:00+00:00,2022-12-30T00:00:00+00:00,0.01729521354366559,89446.37126230344,768.9058743951616,6107.1443443877,0.0,10335.340656797795,166521149.30637252,1.3881219099307232,-0.05062967165001096,0.9883641341546886,259.0,,0.08632951299632086,0.08734585767841051,89446.37126230338,1.2239586369064032e-17,1.2383681222439439e-17,1.3235429271674071e-11,0.000619484362741915,0.0006267774611952477,768.9058743951614,-0.0058821452851927315,-0.005951394918051648,-6107.144344387699,0.0,0.0,0.0,-0.009888431314127734,-0.010004846364224804,-10335.340656797793,0.07117842075974107,0.07201639385732804,0.21730069086116768,fold-2022/common_projected.json.gz,fold-2022/common_projected-pairs.csv.gz
2023,canonical,complete,,,docs/research/results/issue29/fold-2023/F0-canonical.json.gz,145497790d1aab435ddd79828629336d09d34afa217925e36abb4fb217949118,3d02696d7c96bfbd9b116234b0ce8fb20df2ee004e31fdd1197b40961703e20c,259.0,-0.001657129853712469,0.03282399829308384,-0.0016752342262304986,0.033768052585758546,0.998344242427842,-0.015358275088336995,0.10116690684989327,0.0353996949658189,3.1992988064698515,1.2046332225836383,312.0000046491623,False,2023-01-02T00:00:00+00:00,2023-12-29T00:00:00+00:00,0.03544328681198904,25625.507207351664,8118.430186308247,11706.086503329376,0.0,23693.608462489512,325356993.6905787,3.200000047683716,0.0,0.9883641341546886,259.0,,0.0,0.0,0.0,0.024918445102811444,0.025211806298620167,25625.507207351722,0.007909736578567868,0.008002856746044082,8118.430186308248,-0.011382846329922253,-0.011516854908598623,-11706.086503329378,0.0,0.0,0.0,-0.023102465205171077,-0.023374447136256884,-23693.608462489512,-0.0016571298537124916,-0.001676639000189716,0.10916844440837799,,
2023,ridge,complete,,,docs/research/results/issue29/fold-2023/F0-ridge.json.gz,8de71e9be3462fe4c18b734679e8983228ae9298ab12daa2064911d103e5b829,ad20a6a4c5943b942bc189c2dc9dbe6115c1e21f52e3677836961811f17c7e2d,259.0,0.06678513795183907,0.13434546743399267,0.06990663705269197,0.14559837287568897,1.069065751838689,0.5908127149848666,0.06872379333449719,0.07080274528560473,3.1985921477585837,4.614671883435784,1195.2000178098679,False,2023-01-02T00:00:00+00:00,2023-12-29T00:00:00+00:00,0.075691735822997,143271.13016795772,-3402.633043662486,46613.45380916571,0.0,24189.29147643902,1253655102.6790993,3.200000047683716,0.0,0.9883641341546886,259.0,,0.0,0.0,0.0,0.13760120449819416,0.1392211632769125,143271.13016795772,-0.003237714112338134,-0.003275831245239622,-3402.6330436624858,-0.04447982908073651,-0.04500348357822441,-46613.4538091657,0.0,0.0,0.0,-0.023098523353279648,-0.023370458877521857,-24189.29147643902,0.06678513795183914,0.06757138957592589,0.11437023588372948,,
2023,ppo_ens3,complete,,,docs/research/results/issue29/fold-2023/F0-ppo_ens3.json.gz,e654dbfa4b50a33065708daf3de2c7b2136c9f38e99054546cb8e0a956cc7587,501cb204bd7ccc9da765153e2572a0ec2bf03d040e4aa54ae5f5788420d7fdef,259.0,-0.03470987716410767,-0.018441935296488257,-0.034509012261743376,-0.01848604712018546,0.9658856010813257,-0.3757499231225808,0.11942972047062828,0.015687850859386183,1.4939635846232606,0.5520186139514281,142.9728210134199,False,2023-01-02T00:00:00+00:00,2023-12-29T00:00:00+00:00,0.016022965141557915,-31666.613301217993,13240.065241931346,5300.93211307816,0.0,10386.918746308023,138539608.0898179,1.4941722313873134,-0.24550756343181243,0.9883641341546886,259.0,,-0.005230624661050675,-0.00529220403725418,-4729.089534798576,-0.027029252902990873,-0.027347464329134118,-26937.52376641941,0.01381863075208877,0.013981315463159066,13240.065241931343,-0.005473254678857812,-0.005537690502639379,-5300.932113078159,0.0,0.0,0.0,-0.01079537567329663,-0.0109224680461817,-10386.918746308023,-0.03470987716410767,-0.03511851145205077,0.09346245811630963,,
2023,train_constant,complete,,,docs/research/results/issue30/fold-2023/train_constant.json.gz,e6f24d661c1f8ea64683aea52c0526d83fdd8cae8c20256a195df95964577ec1,0b1355d1539ec9cca3b10e19440bfd1b1a58f369b1c28e26a7b70d9072f1bfd0,259.0,-0.050272379772703005,-0.04765525892260715,-0.049592300536346424,-0.047072350882754375,0.9509703641292845,-1.541912879356293,0.06190529457565919,0.0025457433655252425,0.3584541777748339,0.0013842537345609208,0.35852171725127846,False,2023-01-02T00:00:00+00:00,2023-12-29T00:00:00+00:00,0.002519949653592049,-34378.08744439796,-12105.805060791028,27.282500536734002,0.0,2518.460864988509,696284.5739322877,0.35852171725127846,0.35852171725127846,0.9883641341546886,259.0,,-0.03441731495601946,-0.034822504952039084,-33649.15238475376,-0.0007550981657855826,-0.0007639878256320887,-728.9350596442196,-0.012483317107987602,-0.012630281367569173,-12105.805060791028,-2.7631673174699954e-05,-2.7956976806258056e-05,-27.28250053673399,0.0,0.0,0.0,-0.0025890178697341513,-0.002619497997009415,-2518.460864988509,-0.050272379772703,-0.05086422911905753,0.03298774515736064,fold-2023/train_constant.json.gz,fold-2023/train_constant-pairs.csv.gz
2023,common_projected,complete,,,docs/research/results/issue30/fold-2023/common_projected.json.gz,33f814a1e7ffad2fb57c0012edfa0a0b0ea73bbe2ef84f7547a3348c81dcb1f4,19ea2e9b5a5238b4a8bf2b2368da3cd441846cef6d4f5753eb520ca8388e11fe,259.0,-0.004233709566135488,0.005043050674866295,-0.004274391082348324,0.005115461292309692,0.9957752399478731,-0.05090415963695317,0.08616571226756742,0.0091463343870653,0.7971349291616673,0.37560841553344687,97.28257962316275,False,2023-01-02T00:00:00+00:00,2023-12-29T00:00:00+00:00,0.009389852374658017,-3897.665940078089,8819.240275016993,3541.804921007405,0.0,5604.529466057895,96588737.52973574,0.7972954902647361,-0.2458064432845192,0.9883641341546886,259.0,,-0.0039842540736516,-0.004031160111914811,-3897.6659400780677,-9.815584018400098e-18,-9.9311414479796e-18,-9.489822798223724e-12,0.009028437825143273,0.009134728298153963,8819.240275016995,-0.003575640820251003,-0.0036177363146722404,-3541.804921007405,0.0,0.0,0.0,-0.005702252497376541,-0.00576938427885535,-5604.529466057895,-0.004233709566135479,-0.004283552407288044,0.0841493590668859,fold-2023/common_projected.json.gz,fold-2023/common_projected-pairs.csv.gz
2024,canonical,complete,,,docs/research/results/issue29/fold-2024/F0-canonical.json.gz,4293e5cca7a654744d9a397a12c2de44c38463433629de674932eb9f916a9c55,a20c2f6adebd8ff034217c38695698ce7ca313176efa4079bf4107afcb5969ef,261.0,0.16203066817911715,0.1998047900641136,0.17602681147380606,0.2213314824239449,1.1758963033664747,1.7176878108753728,0.0490995629545522,0.04106294040650665,3.1976971313274496,1.446743316577312,377.60000562667847,False,2024-01-01T00:00:00+00:00,2024-12-31T00:00:00+00:00,0.04530467095013885,219174.51377862715,-2215.2700056462722,15721.376983965118,0.0,25341.56342254153,415008007.35003394,3.200000047683716,0.0,0.999315537303217,261.0,,0.0,0.0,0.0,0.201791713045156,0.20192992654724173,219174.51377862715,-0.001975363465040574,-0.0019767164537152593,-2215.2700056462727,-0.0144327724244205,-0.014442657884985171,-15721.376983965118,0.0,0.0,0.0,-0.02335290897657696,-0.0233689041197116,-25341.56342254153,0.16203066817911713,0.16214164808882886,0.0943952952697486,,
2024,ridge,complete,,,docs/research/results/issue29/fold-2024/F0-ridge.json.gz,d1c3f869ca2452a0b7e6f7d055c9bee5addf8d5ed966545461647025004e9ade,ac3c833c954e45eb7e9a5c4fe5abfe03179f4db09aae5497233e02aa1a98edca,261.0,-0.1028733832461772,-0.03174425742021146,-0.09782236567554606,-0.03126676092308713,0.9022412051021005,-1.1782282774799049,0.11202788678319675,0.06857956593398283,3.2011345317951267,4.953256778790119,1292.8000192642212,False,2024-01-01T00:00:00+00:00,2024-12-31T00:00:00+00:00,0.06655560475245892,-22349.353354453197,-6829.875609464462,46063.74320581948,0.0,22515.822728163366,1248366864.9126718,3.200000047683716,0.0,0.999315537303217,261.0,,0.0,0.0,0.0,-0.024661669125565316,-0.02467856067976091,-22349.353354453193,-0.007091049036213507,-0.007095905919115023,-6829.875609464464,-0.047752929670005086,-0.04778563715608043,-46063.74320581949,0.0,0.0,0.0,-0.0233677354143944,-0.02338374071262344,-22515.822728163366,-0.10287338324617716,-0.10294384446757865,0.08737173129791434,,
2024,ppo_ens3,complete,,,docs/research/results/issue29/fold-2024/F0-ppo_ens3.json.gz,7bd1bd6312bfe4433e2538a00b09b37fa55afec5efd991bc7844f16afba8bf09,8902208b8fbccf5cedd012c61741db4753219d10b1d4bced1c75e94ca0dfb672,261.0,0.18894133744697278,0.21128148130508176,0.20812642358463704,0.23543878027025072,1.2079700877950394,1.3497526647064693,0.09039255599899465,0.024362511369130768,2.0288473463037877,0.8025318730463741,209.46081886510365,False,2024-01-01T00:00:00+00:00,2024-12-31T00:00:00+00:00,0.027312356685613687,192137.38068754718,40195.218476625756,8395.204911053419,0.0,15967.306458077353,227658733.4025891,2.031306788286449,-0.9717370861158523,0.999315537303217,261.0,,0.19584270503159817,0.19597684387066092,215183.36449290958,-0.02205486023990371,-0.02206996630856118,-23045.98380536225,0.037507419023602696,0.03753310903663256,40195.218476625756,-0.007688270463353743,-0.0076935364020272725,-8395.20491105342,0.0,0.0,0.0,-0.014665655904968605,-0.014675700874766528,-15967.306458077353,0.1889413374469727,0.18907074932193638,0.14007807079458792,,
2024,train_constant,complete,,,docs/research/results/issue30/fold-2024/train_constant.json.gz,5724a146b4fe1ebf79999a29db6218f6a2a18b21065e8a3ab44201d9aef37865,83233646702084d67188d8276f238973e68178f9cfdef31642cc6a21eabb0583,261.0,0.004949892689274985,0.0062334971393613135,0.0049655708130220385,0.006257262039189255,1.0049621636463808,0.986603306580017,0.004227125782501506,0.001288665650758398,0.17347262628846388,0.0006647183822103958,0.1734914977569133,False,2024-01-01T00:00:00+00:00,2024-12-31T00:00:00+00:00,0.0012916912261672162,4564.855096772682,1685.9742003643114,17.17534565565629,0.0,1271.4903051027422,389211.21028551826,0.1734914977569133,-0.04681386728771031,0.999315537303217,261.0,,0.0015267551205564406,0.0015278008432417533,1523.6871055632018,0.0030272530791955335,0.0030293265402086813,3041.1679912094787,0.0016795010997145868,0.0016806514429335694,1685.9742003643116,-1.7136225404423035e-05,-1.7147962545110996e-05,-17.175345655656287,0.0,0.0,0.0,-0.0012664803847871825,-0.00126734783710553,-1271.4903051027422,0.004949892689274982,0.004953283026733389,0.005020541684482653,fold-2024/train_constant.json.gz,fold-2024/train_constant-pairs.csv.gz
2024,common_projected,complete,,,docs/research/results/issue30/fold-2024/common_projected.json.gz,49994bde3276e2af598ec0e3d2975a73d1942f510a8699995c6ca0530bb59941,0941e4c0bec58a8215e4eb869918e11e7b1f233ab2c1c6ff019228aa3361bb8b,261.0,0.2189665002447799,0.23345945635775928,0.244976279717891,0.26316359021934815,1.2447895758429592,1.577064869388177,0.07774605395150325,0.01604433020381476,1.3258319276204162,0.5300823260451956,138.35148709779605,False,2024-01-01T00:00:00+00:00,2024-12-31T00:00:00+00:00,0.018187310501457166,217705.4950429825,43128.41100379334,5569.792347219531,0.0,10474.537856595229,151932658.51294652,1.3291290514371839,-0.9538496069104314,0.999315537303217,261.0,,0.19422902668259792,0.1943620602625175,217705.4950429825,7.281580034828749e-19,7.286567418414248e-19,6.870881091327006e-13,0.03924424649319831,0.039271126114084065,43128.41100379335,-0.005027381533141232,-0.005030824945150232,-5569.792347219532,0.0,0.0,0.0,-0.009479391397873583,-0.009485884131707744,-10474.537856595227,0.21896650024478004,0.2191164772997422,0.13893941939417395,fold-2024/common_projected.json.gz,fold-2024/common_projected-pairs.csv.gz
2025,canonical,blocked_input,"ValueError: Missing expected bar for pairs ('JPY/USD', 'JPY/EUR', 'JPY/GBP', 'JPY/AUD', 'JPY/CHF', 'JPY/CAD', 'JPY/NZD', 'JPY/NOK', 'JPY/SEK') at 2025-01-01 00:00:00+00:00: /home/tsuyoshi/workspace/projects/forex-trainer/data/jpy_9pairs_1d_2003_carry.parquet",,,,,,,,,,,,,,,,,,,,,,,,,,,,,,,,,,,,,,,,,,,,,,,,,,,,,,
2025,ridge,blocked_input,"ValueError: Missing expected bar for pairs ('JPY/USD', 'JPY/EUR', 'JPY/GBP', 'JPY/AUD', 'JPY/CHF', 'JPY/CAD', 'JPY/NZD', 'JPY/NOK', 'JPY/SEK') at 2025-01-01 00:00:00+00:00: /home/tsuyoshi/workspace/projects/forex-trainer/data/jpy_9pairs_1d_2003_carry.parquet",,,,,,,,,,,,,,,,,,,,,,,,,,,,,,,,,,,,,,,,,,,,,,,,,,,,,,
2025,ppo_ens3,blocked_input,"ValueError: Missing expected bar for pairs ('JPY/USD', 'JPY/EUR', 'JPY/GBP', 'JPY/AUD', 'JPY/CHF', 'JPY/CAD', 'JPY/NZD', 'JPY/NOK', 'JPY/SEK') at 2025-01-01 00:00:00+00:00: /home/tsuyoshi/workspace/projects/forex-trainer/data/jpy_9pairs_1d_2003_carry.parquet",,,,,,,,,,,,,,,,,,,,,,,,,,,,,,,,,,,,,,,,,,,,,,,,,,,,,,
2025,train_constant,blocked_input,Parent F0 panel incomplete,"[{'policy': 'canonical', 'status': 'blocked_input', 'detail': {'scenario': 'F0', 'fold': '2025', 'policy': 'canonical', 'status': 'blocked_input', 'error': ""ValueError: Missing expected bar for pairs ('JPY/USD', 'JPY/EUR', 'JPY/GBP', 'JPY/AUD', 'JPY/CHF', 'JPY/CAD', 'JPY/NZD', 'JPY/NOK', 'JPY/SEK') at 2025-01-01 00:00:00+00:00: /home/tsuyoshi/workspace/projects/forex-trainer/data/jpy_9pairs_1d_2003_carry.parquet""}}, {'policy': 'ridge', 'status': 'blocked_input', 'detail': {'scenario': 'F0', 'fold': '2025', 'policy': 'ridge', 'status': 'blocked_input', 'error': ""ValueError: Missing expected bar for pairs ('JPY/USD', 'JPY/EUR', 'JPY/GBP', 'JPY/AUD', 'JPY/CHF', 'JPY/CAD', 'JPY/NZD', 'JPY/NOK', 'JPY/SEK') at 2025-01-01 00:00:00+00:00: /home/tsuyoshi/workspace/projects/forex-trainer/data/jpy_9pairs_1d_2003_carry.parquet""}}, {'policy': 'ppo_ens3', 'status': 'blocked_input', 'detail': {'scenario': 'F0', 'fold': '2025', 'policy': 'ppo_ens3', 'status': 'blocked_input', 'error': ""ValueError: Missing expected bar for pairs ('JPY/USD', 'JPY/EUR', 'JPY/GBP', 'JPY/AUD', 'JPY/CHF', 'JPY/CAD', 'JPY/NZD', 'JPY/NOK', 'JPY/SEK') at 2025-01-01 00:00:00+00:00: /home/tsuyoshi/workspace/projects/forex-trainer/data/jpy_9pairs_1d_2003_carry.parquet""}}]",,,,,,,,,,,,,,,,,,,,,,,,,,,,,,,,,,,,,,,,,,,,,,,,,,,,,
2025,common_projected,blocked_input,Parent F0 panel incomplete,"[{'policy': 'canonical', 'status': 'blocked_input', 'detail': {'scenario': 'F0', 'fold': '2025', 'policy': 'canonical', 'status': 'blocked_input', 'error': ""ValueError: Missing expected bar for pairs ('JPY/USD', 'JPY/EUR', 'JPY/GBP', 'JPY/AUD', 'JPY/CHF', 'JPY/CAD', 'JPY/NZD', 'JPY/NOK', 'JPY/SEK') at 2025-01-01 00:00:00+00:00: /home/tsuyoshi/workspace/projects/forex-trainer/data/jpy_9pairs_1d_2003_carry.parquet""}}, {'policy': 'ridge', 'status': 'blocked_input', 'detail': {'scenario': 'F0', 'fold': '2025', 'policy': 'ridge', 'status': 'blocked_input', 'error': ""ValueError: Missing expected bar for pairs ('JPY/USD', 'JPY/EUR', 'JPY/GBP', 'JPY/AUD', 'JPY/CHF', 'JPY/CAD', 'JPY/NZD', 'JPY/NOK', 'JPY/SEK') at 2025-01-01 00:00:00+00:00: /home/tsuyoshi/workspace/projects/forex-trainer/data/jpy_9pairs_1d_2003_carry.parquet""}}, {'policy': 'ppo_ens3', 'status': 'blocked_input', 'detail': {'scenario': 'F0', 'fold': '2025', 'policy': 'ppo_ens3', 'status': 'blocked_input', 'error': ""ValueError: Missing expected bar for pairs ('JPY/USD', 'JPY/EUR', 'JPY/GBP', 'JPY/AUD', 'JPY/CHF', 'JPY/CAD', 'JPY/NZD', 'JPY/NOK', 'JPY/SEK') at 2025-01-01 00:00:00+00:00: /home/tsuyoshi/workspace/projects/forex-trainer/data/jpy_9pairs_1d_2003_carry.parquet""}}]",,,,,,,,,,,,,,,,,,,,,,,,,,,,,,,,,,,,,,,,,,,,,,,,,,,,,
