fold,raw_position,timestamp,reason
2009,0,2009-01-05T00:00:00+00:00,feature_warmup
2009,1,2009-01-06T00:00:00+00:00,feature_warmup
2009,2,2009-01-07T00:00:00+00:00,feature_warmup
2009,3,2009-01-08T00:00:00+00:00,feature_warmup
2009,4,2009-01-09T00:00:00+00:00,feature_warmup
2009,5,2009-01-12T00:00:00+00:00,feature_warmup
2009,6,2009-01-13T00:00:00+00:00,feature_warmup
2009,7,2009-01-14T00:00:00+00:00,feature_warmup
2009,8,2009-01-15T00:00:00+00:00,feature_warmup
2009,9,2009-01-16T00:00:00+00:00,feature_warmup
2009,10,2009-01-19T00:00:00+00:00,feature_warmup
2009,11,2009-01-20T00:00:00+00:00,feature_warmup
2009,12,2009-01-21T00:00:00+00:00,feature_warmup
2009,13,2009-01-22T00:00:00+00:00,feature_warmup
2009,14,2009-01-23T00:00:00+00:00,feature_warmup
2009,15,2009-01-26T00:00:00+00:00,feature_warmup
2009,16,2009-01-27T00:00:00+00:00,feature_warmup
2009,17,2009-01-28T00:00:00+00:00,feature_warmup
2009,18,2009-01-29T00:00:00+00:00,feature_warmup
2009,19,2009-01-30T00:00:00+00:00,feature_warmup
2009,20,2009-02-02T00:00:00+00:00,feature_warmup
2009,21,2009-02-03T00:00:00+00:00,feature_warmup
2009,22,2009-02-04T00:00:00+00:00,feature_warmup
2009,23,2009-02-06T00:00:00+00:00,feature_warmup
2009,24,2009-02-09T00:00:00+00:00,feature_warmup
2009,25,2009-02-10T00:00:00+00:00,feature_warmup
2009,26,2009-02-11T00:00:00+00:00,feature_warmup
2009,27,2009-02-12T00:00:00+00:00,feature_warmup
2009,28,2009-02-13T00:00:00+00:00,feature_warmup
2009,29,2009-02-16T00:00:00+00:00,feature_warmup
2009,30,2009-02-17T00:00:00+00:00,feature_warmup
2009,31,2009-02-18T00:00:00+00:00,feature_warmup
2009,32,2009-02-19T00:00:00+00:00,observation_history
2009,33,2009-02-20T00:00:00+00:00,observation_history
2009,34,2009-02-23T00:00:00+00:00,observation_history
2009,35,2009-02-24T00:00:00+00:00,observation_history
2009,36,2009-02-25T00:00:00+00:00,observation_history
2009,37,2009-02-26T00:00:00+00:00,observation_history
2009,38,2009-02-27T00:00:00+00:00,observation_history
2009,39,2009-03-02T00:00:00+00:00,observation_history
2009,40,2009-03-03T00:00:00+00:00,observation_history
2009,41,2009-03-04T00:00:00+00:00,observation_history
2009,42,2009-03-05T00:00:00+00:00,observation_history
2009,43,2009-03-06T00:00:00+00:00,observation_history
2009,44,2009-03-09T00:00:00+00:00,observation_history
2009,45,2009-03-10T00:00:00+00:00,observation_history
2009,46,2009-03-11T00:00:00+00:00,observation_history
2009,47,2009-03-12T00:00:00+00:00,observation_history
2009,48,2009-03-13T00:00:00+00:00,observation_history
2009,49,2009-03-16T00:00:00+00:00,observation_history
2009,50,2009-03-17T00:00:00+00:00,observation_history
2009,51,2009-03-18T00:00:00+00:00,observation_history
2009,52,2009-03-19T00:00:00+00:00,observation_history
2009,53,2009-03-20T00:00:00+00:00,observation_history
2009,54,2009-03-23T00:00:00+00:00,observation_history
2009,55,2009-03-24T00:00:00+00:00,observation_history
2009,56,2009-03-25T00:00:00+00:00,observation_history
2009,57,2009-03-26T00:00:00+00:00,observation_history
2009,58,2009-03-27T00:00:00+00:00,observation_history
2009,59,2009-03-30T00:00:00+01:00,observation_history
2009,60,2009-03-31T00:00:00+01:00,observation_history
2009,61,2009-04-01T00:00:00+01:00,observation_history
2009,62,2009-04-02T00:00:00+01:00,observation_history
2010,0,2010-01-01T00:00:00+00:00,feature_warmup
2010,1,2010-01-04T00:00:00+00:00,feature_warmup
2010,2,2010-01-05T00:00:00+00:00,feature_warmup
2010,3,2010-01-06T00:00:00+00:00,feature_warmup
2010,4,2010-01-07T00:00:00+00:00,feature_warmup
2010,5,2010-01-08T00:00:00+00:00,feature_warmup
2010,6,2010-01-11T00:00:00+00:00,feature_warmup
2010,7,2010-01-12T00:00:00+00:00,feature_warmup
2010,8,2010-01-13T00:00:00+00:00,feature_warmup
2010,9,2010-01-14T00:00:00+00:00,feature_warmup
2010,10,2010-01-15T00:00:00+00:00,feature_warmup
2010,11,2010-01-18T00:00:00+00:00,feature_warmup
2010,12,2010-01-19T00:00:00+00:00,feature_warmup
2010,13,2010-01-20T00:00:00+00:00,feature_warmup
2010,14,2010-01-21T00:00:00+00:00,feature_warmup
2010,15,2010-01-22T00:00:00+00:00,feature_warmup
2010,16,2010-01-25T00:00:00+00:00,feature_warmup
2010,17,2010-01-26T00:00:00+00:00,feature_warmup
2010,18,2010-01-27T00:00:00+00:00,feature_warmup
2010,19,2010-01-28T00:00:00+00:00,feature_warmup
2010,20,2010-01-29T00:00:00+00:00,feature_warmup
2010,21,2010-02-01T00:00:00+00:00,feature_warmup
2010,22,2010-02-02T00:00:00+00:00,feature_warmup
2010,23,2010-02-03T00:00:00+00:00,feature_warmup
2010,24,2010-02-04T00:00:00+00:00,feature_warmup
2010,25,2010-02-05T00:00:00+00:00,feature_warmup
2010,26,2010-02-08T00:00:00+00:00,feature_warmup
2010,27,2010-02-09T00:00:00+00:00,feature_warmup
2010,28,2010-02-10T00:00:00+00:00,feature_warmup
2010,29,2010-02-11T00:00:00+00:00,feature_warmup
2010,30,2010-02-12T00:00:00+00:00,feature_warmup
2010,31,2010-02-15T00:00:00+00:00,feature_warmup
2010,32,2010-02-16T00:00:00+00:00,observation_history
2010,33,2010-02-17T00:00:00+00:00,observation_history
2010,34,2010-02-18T00:00:00+00:00,observation_history
2010,35,2010-02-19T00:00:00+00:00,observation_history
2010,36,2010-02-22T00:00:00+00:00,observation_history
2010,37,2010-02-23T00:00:00+00:00,observation_history
2010,38,2010-02-24T00:00:00+00:00,observation_history
2010,39,2010-02-25T00:00:00+00:00,observation_history
2010,40,2010-02-26T00:00:00+00:00,observation_history
2010,41,2010-03-01T00:00:00+00:00,observation_history
2010,42,2010-03-02T00:00:00+00:00,observation_history
2010,43,2010-03-03T00:00:00+00:00,observation_history
2010,44,2010-03-04T00:00:00+00:00,observation_history
2010,45,2010-03-05T00:00:00+00:00,observation_history
2010,46,2010-03-08T00:00:00+00:00,observation_history
2010,47,2010-03-09T00:00:00+00:00,observation_history
2010,48,2010-03-10T00:00:00+00:00,observation_history
2010,49,2010-03-11T00:00:00+00:00,observation_history
2010,50,2010-03-12T00:00:00+00:00,observation_history
2010,51,2010-03-15T00:00:00+00:00,observation_history
2010,52,2010-03-16T00:00:00+00:00,observation_history
2010,53,2010-03-17T00:00:00+00:00,observation_history
2010,54,2010-03-18T00:00:00+00:00,observation_history
2010,55,2010-03-19T00:00:00+00:00,observation_history
2010,56,2010-03-22T00:00:00+00:00,observation_history
2010,57,2010-03-23T00:00:00+00:00,observation_history
2010,58,2010-03-24T00:00:00+00:00,observation_history
2010,59,2010-03-25T00:00:00+00:00,observation_history
2010,60,2010-03-26T00:00:00+00:00,observation_history
2010,61,2010-03-29T00:00:00+01:00,observation_history
2010,62,2010-03-30T00:00:00+01:00,observation_history
2011,0,2011-01-03T00:00:00+00:00,feature_warmup
2011,1,2011-01-04T00:00:00+00:00,feature_warmup
2011,2,2011-01-05T00:00:00+00:00,feature_warmup
2011,3,2011-01-06T00:00:00+00:00,feature_warmup
2011,4,2011-01-07T00:00:00+00:00,feature_warmup
2011,5,2011-01-10T00:00:00+00:00,feature_warmup
2011,6,2011-01-11T00:00:00+00:00,feature_warmup
2011,7,2011-01-12T00:00:00+00:00,feature_warmup
2011,8,2011-01-13T00:00:00+00:00,feature_warmup
2011,9,2011-01-14T00:00:00+00:00,feature_warmup
2011,10,2011-01-17T00:00:00+00:00,feature_warmup
2011,11,2011-01-18T00:00:00+00:00,feature_warmup
2011,12,2011-01-19T00:00:00+00:00,feature_warmup
2011,13,2011-01-20T00:00:00+00:00,feature_warmup
2011,14,2011-01-21T00:00:00+00:00,feature_warmup
2011,15,2011-01-24T00:00:00+00:00,feature_warmup
2011,16,2011-01-25T00:00:00+00:00,feature_warmup
2011,17,2011-01-26T00:00:00+00:00,feature_warmup
2011,18,2011-01-27T00:00:00+00:00,feature_warmup
2011,19,2011-01-28T00:00:00+00:00,feature_warmup
2011,20,2011-01-31T00:00:00+00:00,feature_warmup
2011,21,2011-02-01T00:00:00+00:00,feature_warmup
2011,22,2011-02-02T00:00:00+00:00,feature_warmup
2011,23,2011-02-03T00:00:00+00:00,feature_warmup
2011,24,2011-02-04T00:00:00+00:00,feature_warmup
2011,25,2011-02-07T00:00:00+00:00,feature_warmup
2011,26,2011-02-08T00:00:00+00:00,feature_warmup
2011,27,2011-02-09T00:00:00+00:00,feature_warmup
2011,28,2011-02-10T00:00:00+00:00,feature_warmup
2011,29,2011-02-11T00:00:00+00:00,feature_warmup
2011,30,2011-02-14T00:00:00+00:00,feature_warmup
2011,31,2011-02-15T00:00:00+00:00,feature_warmup
2011,32,2011-02-16T00:00:00+00:00,observation_history
2011,33,2011-02-17T00:00:00+00:00,observation_history
2011,34,2011-02-18T00:00:00+00:00,observation_history
2011,35,2011-02-21T00:00:00+00:00,observation_history
2011,36,2011-02-22T00:00:00+00:00,observation_history
2011,37,2011-02-23T00:00:00+00:00,observation_history
2011,38,2011-02-24T00:00:00+00:00,observation_history
2011,39,2011-02-25T00:00:00+00:00,observation_history
2011,40,2011-02-28T00:00:00+00:00,observation_history
2011,41,2011-03-01T00:00:00+00:00,observation_history
2011,42,2011-03-02T00:00:00+00:00,observation_history
2011,43,2011-03-03T00:00:00+00:00,observation_history
2011,44,2011-03-04T00:00:00+00:00,observation_history
2011,45,2011-03-07T00:00:00+00:00,observation_history
2011,46,2011-03-08T00:00:00+00:00,observation_history
2011,47,2011-03-09T00:00:00+00:00,observation_history
2011,48,2011-03-10T00:00:00+00:00,observation_history
2011,49,2011-03-11T00:00:00+00:00,observation_history
2011,50,2011-03-14T00:00:00+00:00,observation_history
2011,51,2011-03-15T00:00:00+00:00,observation_history
2011,52,2011-03-16T00:00:00+00:00,observation_history
2011,53,2011-03-17T00:00:00+00:00,observation_history
2011,54,2011-03-18T00:00:00+00:00,observation_history
2011,55,2011-03-21T00:00:00+00:00,observation_history
2011,56,2011-03-22T00:00:00+00:00,observation_history
2011,57,2011-03-23T00:00:00+00:00,observation_history
2011,58,2011-03-24T00:00:00+00:00,observation_history
2011,59,2011-03-25T00:00:00+00:00,observation_history
2011,60,2011-03-28T00:00:00+01:00,observation_history
2011,61,2011-03-29T00:00:00+01:00,observation_history
2011,62,2011-03-30T00:00:00+01:00,observation_history
2012,0,2012-01-02T00:00:00+00:00,feature_warmup
2012,1,2012-01-03T00:00:00+00:00,feature_warmup
2012,2,2012-01-04T00:00:00+00:00,feature_warmup
2012,3,2012-01-05T00:00:00+00:00,feature_warmup
2012,4,2012-01-06T00:00:00+00:00,feature_warmup
2012,5,2012-01-09T00:00:00+00:00,feature_warmup
2012,6,2012-01-10T00:00:00+00:00,feature_warmup
2012,7,2012-01-11T00:00:00+00:00,feature_warmup
2012,8,2012-01-12T00:00:00+00:00,feature_warmup
2012,9,2012-01-13T00:00:00+00:00,feature_warmup
2012,10,2012-01-16T00:00:00+00:00,feature_warmup
2012,11,2012-01-17T00:00:00+00:00,feature_warmup
2012,12,2012-01-18T00:00:00+00:00,feature_warmup
2012,13,2012-01-19T00:00:00+00:00,feature_warmup
2012,14,2012-01-20T00:00:00+00:00,feature_warmup
2012,15,2012-01-23T00:00:00+00:00,feature_warmup
2012,16,2012-01-24T00:00:00+00:00,feature_warmup
2012,17,2012-01-25T00:00:00+00:00,feature_warmup
2012,18,2012-01-26T00:00:00+00:00,feature_warmup
2012,19,2012-01-27T00:00:00+00:00,feature_warmup
2012,20,2012-01-30T00:00:00+00:00,feature_warmup
2012,21,2012-01-31T00:00:00+00:00,feature_warmup
2012,22,2012-02-01T00:00:00+00:00,feature_warmup
2012,23,2012-02-02T00:00:00+00:00,feature_warmup
2012,24,2012-02-03T00:00:00+00:00,feature_warmup
2012,25,2012-02-06T00:00:00+00:00,feature_warmup
2012,26,2012-02-07T00:00:00+00:00,feature_warmup
2012,27,2012-02-08T00:00:00+00:00,feature_warmup
2012,28,2012-02-09T00:00:00+00:00,feature_warmup
2012,29,2012-02-10T00:00:00+00:00,feature_warmup
2012,30,2012-02-13T00:00:00+00:00,feature_warmup
2012,31,2012-02-14T00:00:00+00:00,feature_warmup
2012,32,2012-02-15T00:00:00+00:00,observation_history
2012,33,2012-02-16T00:00:00+00:00,observation_history
2012,34,2012-02-17T00:00:00+00:00,observation_history
2012,35,2012-02-20T00:00:00+00:00,observation_history
2012,36,2012-02-21T00:00:00+00:00,observation_history
2012,37,2012-02-22T00:00:00+00:00,observation_history
2012,38,2012-02-23T00:00:00+00:00,observation_history
2012,39,2012-02-24T00:00:00+00:00,observation_history
2012,40,2012-02-27T00:00:00+00:00,observation_history
2012,41,2012-02-28T00:00:00+00:00,observation_history
2012,42,2012-02-29T00:00:00+00:00,observation_history
2012,43,2012-03-01T00:00:00+00:00,observation_history
2012,44,2012-03-02T00:00:00+00:00,observation_history
2012,45,2012-03-05T00:00:00+00:00,observation_history
2012,46,2012-03-06T00:00:00+00:00,observation_history
2012,47,2012-03-07T00:00:00+00:00,observation_history
2012,48,2012-03-08T00:00:00+00:00,observation_history
2012,49,2012-03-09T00:00:00+00:00,observation_history
2012,50,2012-03-12T00:00:00+00:00,observation_history
2012,51,2012-03-13T00:00:00+00:00,observation_history
2012,52,2012-03-14T00:00:00+00:00,observation_history
2012,53,2012-03-15T00:00:00+00:00,observation_history
2012,54,2012-03-16T00:00:00+00:00,observation_history
2012,55,2012-03-19T00:00:00+00:00,observation_history
2012,56,2012-03-20T00:00:00+00:00,observation_history
2012,57,2012-03-21T00:00:00+00:00,observation_history
2012,58,2012-03-22T00:00:00+00:00,observation_history
2012,59,2012-03-23T00:00:00+00:00,observation_history
2012,60,2012-03-26T00:00:00+01:00,observation_history
2012,61,2012-03-27T00:00:00+01:00,observation_history
2012,62,2012-03-28T00:00:00+01:00,observation_history
2013,0,2013-01-01T00:00:00+00:00,feature_warmup
2013,1,2013-01-02T00:00:00+00:00,feature_warmup
2013,2,2013-01-03T00:00:00+00:00,feature_warmup
2013,3,2013-01-04T00:00:00+00:00,feature_warmup
2013,4,2013-01-07T00:00:00+00:00,feature_warmup
2013,5,2013-01-08T00:00:00+00:00,feature_warmup
2013,6,2013-01-09T00:00:00+00:00,feature_warmup
2013,7,2013-01-10T00:00:00+00:00,feature_warmup
2013,8,2013-01-11T00:00:00+00:00,feature_warmup
2013,9,2013-01-14T00:00:00+00:00,feature_warmup
2013,10,2013-01-15T00:00:00+00:00,feature_warmup
2013,11,2013-01-17T00:00:00+00:00,feature_warmup
2013,12,2013-01-18T00:00:00+00:00,feature_warmup
2013,13,2013-01-21T00:00:00+00:00,feature_warmup
2013,14,2013-01-22T00:00:00+00:00,feature_warmup
2013,15,2013-01-23T00:00:00+00:00,feature_warmup
2013,16,2013-01-24T00:00:00+00:00,feature_warmup
2013,17,2013-01-25T00:00:00+00:00,feature_warmup
2013,18,2013-01-28T00:00:00+00:00,feature_warmup
2013,19,2013-01-29T00:00:00+00:00,feature_warmup
2013,20,2013-01-30T00:00:00+00:00,feature_warmup
2013,21,2013-01-31T00:00:00+00:00,feature_warmup
2013,22,2013-02-01T00:00:00+00:00,feature_warmup
2013,23,2013-02-04T00:00:00+00:00,feature_warmup
2013,24,2013-02-05T00:00:00+00:00,feature_warmup
2013,25,2013-02-06T00:00:00+00:00,feature_warmup
2013,26,2013-02-07T00:00:00+00:00,feature_warmup
2013,27,2013-02-08T00:00:00+00:00,feature_warmup
2013,28,2013-02-11T00:00:00+00:00,feature_warmup
2013,29,2013-02-12T00:00:00+00:00,feature_warmup
2013,30,2013-02-13T00:00:00+00:00,feature_warmup
2013,31,2013-02-14T00:00:00+00:00,feature_warmup
2013,32,2013-02-15T00:00:00+00:00,observation_history
2013,33,2013-02-18T00:00:00+00:00,observation_history
2013,34,2013-02-19T00:00:00+00:00,observation_history
2013,35,2013-02-20T00:00:00+00:00,observation_history
2013,36,2013-02-21T00:00:00+00:00,observation_history
2013,37,2013-02-22T00:00:00+00:00,observation_history
2013,38,2013-02-25T00:00:00+00:00,observation_history
2013,39,2013-02-26T00:00:00+00:00,observation_history
2013,40,2013-02-27T00:00:00+00:00,observation_history
2013,41,2013-02-28T00:00:00+00:00,observation_history
2013,42,2013-03-01T00:00:00+00:00,observation_history
2013,43,2013-03-04T00:00:00+00:00,observation_history
2013,44,2013-03-05T00:00:00+00:00,observation_history
2013,45,2013-03-06T00:00:00+00:00,observation_history
2013,46,2013-03-07T00:00:00+00:00,observation_history
2013,47,2013-03-08T00:00:00+00:00,observation_history
2013,48,2013-03-11T00:00:00+00:00,observation_history
2013,49,2013-03-12T00:00:00+00:00,observation_history
2013,50,2013-03-13T00:00:00+00:00,observation_history
2013,51,2013-03-14T00:00:00+00:00,observation_history
2013,52,2013-03-15T00:00:00+00:00,observation_history
2013,53,2013-03-18T00:00:00+00:00,observation_history
2013,54,2013-03-19T00:00:00+00:00,observation_history
2013,55,2013-03-20T00:00:00+00:00,observation_history
2013,56,2013-03-21T00:00:00+00:00,observation_history
2013,57,2013-03-22T00:00:00+00:00,observation_history
2013,58,2013-03-25T00:00:00+00:00,observation_history
2013,59,2013-03-26T00:00:00+00:00,observation_history
2013,60,2013-03-27T00:00:00+00:00,observation_history
2013,61,2013-03-28T00:00:00+00:00,observation_history
2013,62,2013-03-29T00:00:00+00:00,observation_history
2014,0,2014-01-01T00:00:00+00:00,feature_warmup
2014,1,2014-01-02T00:00:00+00:00,feature_warmup
2014,2,2014-01-03T00:00:00+00:00,feature_warmup
2014,3,2014-01-06T00:00:00+00:00,feature_warmup
2014,4,2014-01-07T00:00:00+00:00,feature_warmup
2014,5,2014-01-08T00:00:00+00:00,feature_warmup
2014,6,2014-01-09T00:00:00+00:00,feature_warmup
2014,7,2014-01-10T00:00:00+00:00,feature_warmup
2014,8,2014-01-13T00:00:00+00:00,feature_warmup
2014,9,2014-01-14T00:00:00+00:00,feature_warmup
2014,10,2014-01-15T00:00:00+00:00,feature_warmup
2014,11,2014-01-16T00:00:00+00:00,feature_warmup
2014,12,2014-01-17T00:00:00+00:00,feature_warmup
2014,13,2014-01-20T00:00:00+00:00,feature_warmup
2014,14,2014-01-21T00:00:00+00:00,feature_warmup
2014,15,2014-01-22T00:00:00+00:00,feature_warmup
2014,16,2014-01-23T00:00:00+00:00,feature_warmup
2014,17,2014-01-24T00:00:00+00:00,feature_warmup
2014,18,2014-01-27T00:00:00+00:00,feature_warmup
2014,19,2014-01-28T00:00:00+00:00,feature_warmup
2014,20,2014-01-29T00:00:00+00:00,feature_warmup
2014,21,2014-01-30T00:00:00+00:00,feature_warmup
2014,22,2014-01-31T00:00:00+00:00,feature_warmup
2014,23,2014-02-03T00:00:00+00:00,feature_warmup
2014,24,2014-02-04T00:00:00+00:00,feature_warmup
2014,25,2014-02-05T00:00:00+00:00,feature_warmup
2014,26,2014-02-06T00:00:00+00:00,feature_warmup
2014,27,2014-02-07T00:00:00+00:00,feature_warmup
2014,28,2014-02-10T00:00:00+00:00,feature_warmup
2014,29,2014-02-11T00:00:00+00:00,feature_warmup
2014,30,2014-02-12T00:00:00+00:00,feature_warmup
2014,31,2014-02-13T00:00:00+00:00,feature_warmup
2014,32,2014-02-14T00:00:00+00:00,observation_history
2014,33,2014-02-17T00:00:00+00:00,observation_history
2014,34,2014-02-18T00:00:00+00:00,observation_history
2014,35,2014-02-19T00:00:00+00:00,observation_history
2014,36,2014-02-20T00:00:00+00:00,observation_history
2014,37,2014-02-21T00:00:00+00:00,observation_history
2014,38,2014-02-24T00:00:00+00:00,observation_history
2014,39,2014-02-25T00:00:00+00:00,observation_history
2014,40,2014-02-26T00:00:00+00:00,observation_history
2014,41,2014-02-27T00:00:00+00:00,observation_history
2014,42,2014-02-28T00:00:00+00:00,observation_history
2014,43,2014-03-03T00:00:00+00:00,observation_history
2014,44,2014-03-04T00:00:00+00:00,observation_history
2014,45,2014-03-05T00:00:00+00:00,observation_history
2014,46,2014-03-06T00:00:00+00:00,observation_history
2014,47,2014-03-07T00:00:00+00:00,observation_history
2014,48,2014-03-10T00:00:00+00:00,observation_history
2014,49,2014-03-11T00:00:00+00:00,observation_history
2014,50,2014-03-12T00:00:00+00:00,observation_history
2014,51,2014-03-13T00:00:00+00:00,observation_history
2014,52,2014-03-14T00:00:00+00:00,observation_history
2014,53,2014-03-17T00:00:00+00:00,observation_history
2014,54,2014-03-18T00:00:00+00:00,observation_history
2014,55,2014-03-19T00:00:00+00:00,observation_history
2014,56,2014-03-20T00:00:00+00:00,observation_history
2014,57,2014-03-21T00:00:00+00:00,observation_history
2014,58,2014-03-24T00:00:00+00:00,observation_history
2014,59,2014-03-25T00:00:00+00:00,observation_history
2014,60,2014-03-26T00:00:00+00:00,observation_history
2014,61,2014-03-27T00:00:00+00:00,observation_history
2014,62,2014-03-28T00:00:00+00:00,observation_history
2015,0,2015-01-01T00:00:00+00:00,feature_warmup
2015,1,2015-01-02T00:00:00+00:00,feature_warmup
2015,2,2015-01-05T00:00:00+00:00,feature_warmup
2015,3,2015-01-06T00:00:00+00:00,feature_warmup
2015,4,2015-01-07T00:00:00+00:00,feature_warmup
2015,5,2015-01-08T00:00:00+00:00,feature_warmup
2015,6,2015-01-09T00:00:00+00:00,feature_warmup
2015,7,2015-01-12T00:00:00+00:00,feature_warmup
2015,8,2015-01-13T00:00:00+00:00,feature_warmup
2015,9,2015-01-14T00:00:00+00:00,feature_warmup
2015,10,2015-01-15T00:00:00+00:00,feature_warmup
2015,11,2015-01-16T00:00:00+00:00,feature_warmup
2015,12,2015-01-19T00:00:00+00:00,feature_warmup
2015,13,2015-01-20T00:00:00+00:00,feature_warmup
2015,14,2015-01-21T00:00:00+00:00,feature_warmup
2015,15,2015-01-22T00:00:00+00:00,feature_warmup
2015,16,2015-01-23T00:00:00+00:00,feature_warmup
2015,17,2015-01-26T00:00:00+00:00,feature_warmup
2015,18,2015-01-27T00:00:00+00:00,feature_warmup
2015,19,2015-01-28T00:00:00+00:00,feature_warmup
2015,20,2015-01-29T00:00:00+00:00,feature_warmup
2015,21,2015-01-30T00:00:00+00:00,feature_warmup
2015,22,2015-02-02T00:00:00+00:00,feature_warmup
2015,23,2015-02-03T00:00:00+00:00,feature_warmup
2015,24,2015-02-04T00:00:00+00:00,feature_warmup
2015,25,2015-02-05T00:00:00+00:00,feature_warmup
2015,26,2015-02-06T00:00:00+00:00,feature_warmup
2015,27,2015-02-09T00:00:00+00:00,feature_warmup
2015,28,2015-02-10T00:00:00+00:00,feature_warmup
2015,29,2015-02-11T00:00:00+00:00,feature_warmup
2015,30,2015-02-12T00:00:00+00:00,feature_warmup
2015,31,2015-02-13T00:00:00+00:00,feature_warmup
2015,32,2015-02-16T00:00:00+00:00,observation_history
2015,33,2015-02-17T00:00:00+00:00,observation_history
2015,34,2015-02-18T00:00:00+00:00,observation_history
2015,35,2015-02-19T00:00:00+00:00,observation_history
2015,36,2015-02-20T00:00:00+00:00,observation_history
2015,37,2015-02-23T00:00:00+00:00,observation_history
2015,38,2015-02-24T00:00:00+00:00,observation_history
2015,39,2015-02-25T00:00:00+00:00,observation_history
2015,40,2015-02-26T00:00:00+00:00,observation_history
2015,41,2015-02-27T00:00:00+00:00,observation_history
2015,42,2015-03-02T00:00:00+00:00,observation_history
2015,43,2015-03-03T00:00:00+00:00,observation_history
2015,44,2015-03-04T00:00:00+00:00,observation_history
2015,45,2015-03-05T00:00:00+00:00,observation_history
2015,46,2015-03-06T00:00:00+00:00,observation_history
2015,47,2015-03-09T00:00:00+00:00,observation_history
2015,48,2015-03-10T00:00:00+00:00,observation_history
2015,49,2015-03-11T00:00:00+00:00,observation_history
2015,50,2015-03-12T00:00:00+00:00,observation_history
2015,51,2015-03-13T00:00:00+00:00,observation_history
2015,52,2015-03-16T00:00:00+00:00,observation_history
2015,53,2015-03-17T00:00:00+00:00,observation_history
2015,54,2015-03-18T00:00:00+00:00,observation_history
2015,55,2015-03-19T00:00:00+00:00,observation_history
2015,56,2015-03-20T00:00:00+00:00,observation_history
2015,57,2015-03-23T00:00:00+00:00,observation_history
2015,58,2015-03-24T00:00:00+00:00,observation_history
2015,59,2015-03-25T00:00:00+00:00,observation_history
2015,60,2015-03-26T00:00:00+00:00,observation_history
2015,61,2015-03-27T00:00:00+00:00,observation_history
2015,62,2015-03-30T00:00:00+01:00,observation_history
2016,0,2016-01-01T00:00:00+00:00,feature_warmup
2016,1,2016-01-04T00:00:00+00:00,feature_warmup
2016,2,2016-01-05T00:00:00+00:00,feature_warmup
2016,3,2016-01-06T00:00:00+00:00,feature_warmup
2016,4,2016-01-07T00:00:00+00:00,feature_warmup
2016,5,2016-01-08T00:00:00+00:00,feature_warmup
2016,6,2016-01-11T00:00:00+00:00,feature_warmup
2016,7,2016-01-12T00:00:00+00:00,feature_warmup
2016,8,2016-01-13T00:00:00+00:00,feature_warmup
2016,9,2016-01-14T00:00:00+00:00,feature_warmup
2016,10,2016-01-15T00:00:00+00:00,feature_warmup
2016,11,2016-01-18T00:00:00+00:00,feature_warmup
2016,12,2016-01-19T00:00:00+00:00,feature_warmup
2016,13,2016-01-20T00:00:00+00:00,feature_warmup
2016,14,2016-01-21T00:00:00+00:00,feature_warmup
2016,15,2016-01-22T00:00:00+00:00,feature_warmup
2016,16,2016-01-25T00:00:00+00:00,feature_warmup
2016,17,2016-01-26T00:00:00+00:00,feature_warmup
2016,18,2016-01-27T00:00:00+00:00,feature_warmup
2016,19,2016-01-28T00:00:00+00:00,feature_warmup
2016,20,2016-01-29T00:00:00+00:00,feature_warmup
2016,21,2016-02-01T00:00:00+00:00,feature_warmup
2016,22,2016-02-02T00:00:00+00:00,feature_warmup
2016,23,2016-02-03T00:00:00+00:00,feature_warmup
2016,24,2016-02-04T00:00:00+00:00,feature_warmup
2016,25,2016-02-05T00:00:00+00:00,feature_warmup
2016,26,2016-02-08T00:00:00+00:00,feature_warmup
2016,27,2016-02-09T00:00:00+00:00,feature_warmup
2016,28,2016-02-10T00:00:00+00:00,feature_warmup
2016,29,2016-02-11T00:00:00+00:00,feature_warmup
2016,30,2016-02-12T00:00:00+00:00,feature_warmup
2016,31,2016-02-15T00:00:00+00:00,feature_warmup
2016,32,2016-02-16T00:00:00+00:00,observation_history
2016,33,2016-02-17T00:00:00+00:00,observation_history
2016,34,2016-02-18T00:00:00+00:00,observation_history
2016,35,2016-02-19T00:00:00+00:00,observation_history
2016,36,2016-02-22T00:00:00+00:00,observation_history
2016,37,2016-02-23T00:00:00+00:00,observation_history
2016,38,2016-02-24T00:00:00+00:00,observation_history
2016,39,2016-02-25T00:00:00+00:00,observation_history
2016,40,2016-02-26T00:00:00+00:00,observation_history
2016,41,2016-02-29T00:00:00+00:00,observation_history
2016,42,2016-03-01T00:00:00+00:00,observation_history
2016,43,2016-03-02T00:00:00+00:00,observation_history
2016,44,2016-03-03T00:00:00+00:00,observation_history
2016,45,2016-03-04T00:00:00+00:00,observation_history
2016,46,2016-03-07T00:00:00+00:00,observation_history
2016,47,2016-03-08T00:00:00+00:00,observation_history
2016,48,2016-03-09T00:00:00+00:00,observation_history
2016,49,2016-03-10T00:00:00+00:00,observation_history
2016,50,2016-03-11T00:00:00+00:00,observation_history
2016,51,2016-03-14T00:00:00+00:00,observation_history
2016,52,2016-03-15T00:00:00+00:00,observation_history
2016,53,2016-03-16T00:00:00+00:00,observation_history
2016,54,2016-03-17T00:00:00+00:00,observation_history
2016,55,2016-03-18T00:00:00+00:00,observation_history
2016,56,2016-03-21T00:00:00+00:00,observation_history
2016,57,2016-03-22T00:00:00+00:00,observation_history
2016,58,2016-03-23T00:00:00+00:00,observation_history
2016,59,2016-03-24T00:00:00+00:00,observation_history
2016,60,2016-03-25T00:00:00+00:00,observation_history
2016,61,2016-03-28T00:00:00+01:00,observation_history
2016,62,2016-03-29T00:00:00+01:00,observation_history
2017,0,2017-01-02T00:00:00+00:00,feature_warmup
2017,1,2017-01-03T00:00:00+00:00,feature_warmup
2017,2,2017-01-04T00:00:00+00:00,feature_warmup
2017,3,2017-01-05T00:00:00+00:00,feature_warmup
2017,4,2017-01-06T00:00:00+00:00,feature_warmup
2017,5,2017-01-09T00:00:00+00:00,feature_warmup
2017,6,2017-01-10T00:00:00+00:00,feature_warmup
2017,7,2017-01-11T00:00:00+00:00,feature_warmup
2017,8,2017-01-12T00:00:00+00:00,feature_warmup
2017,9,2017-01-13T00:00:00+00:00,feature_warmup
2017,10,2017-01-16T00:00:00+00:00,feature_warmup
2017,11,2017-01-17T00:00:00+00:00,feature_warmup
2017,12,2017-01-18T00:00:00+00:00,feature_warmup
2017,13,2017-01-19T00:00:00+00:00,feature_warmup
2017,14,2017-01-20T00:00:00+00:00,feature_warmup
2017,15,2017-01-23T00:00:00+00:00,feature_warmup
2017,16,2017-01-24T00:00:00+00:00,feature_warmup
2017,17,2017-01-25T00:00:00+00:00,feature_warmup
2017,18,2017-01-26T00:00:00+00:00,feature_warmup
2017,19,2017-01-27T00:00:00+00:00,feature_warmup
2017,20,2017-01-30T00:00:00+00:00,feature_warmup
2017,21,2017-01-31T00:00:00+00:00,feature_warmup
2017,22,2017-02-01T00:00:00+00:00,feature_warmup
2017,23,2017-02-02T00:00:00+00:00,feature_warmup
2017,24,2017-02-03T00:00:00+00:00,feature_warmup
2017,25,2017-02-06T00:00:00+00:00,feature_warmup
2017,26,2017-02-07T00:00:00+00:00,feature_warmup
2017,27,2017-02-08T00:00:00+00:00,feature_warmup
2017,28,2017-02-09T00:00:00+00:00,feature_warmup
2017,29,2017-02-10T00:00:00+00:00,feature_warmup
2017,30,2017-02-13T00:00:00+00:00,feature_warmup
2017,31,2017-02-14T00:00:00+00:00,feature_warmup
2017,32,2017-02-15T00:00:00+00:00,observation_history
2017,33,2017-02-16T00:00:00+00:00,observation_history
2017,34,2017-02-17T00:00:00+00:00,observation_history
2017,35,2017-02-20T00:00:00+00:00,observation_history
2017,36,2017-02-21T00:00:00+00:00,observation_history
2017,37,2017-02-22T00:00:00+00:00,observation_history
2017,38,2017-02-23T00:00:00+00:00,observation_history
2017,39,2017-02-24T00:00:00+00:00,observation_history
2017,40,2017-02-27T00:00:00+00:00,observation_history
2017,41,2017-02-28T00:00:00+00:00,observation_history
2017,42,2017-03-01T00:00:00+00:00,observation_history
2017,43,2017-03-02T00:00:00+00:00,observation_history
2017,44,2017-03-03T00:00:00+00:00,observation_history
2017,45,2017-03-06T00:00:00+00:00,observation_history
2017,46,2017-03-07T00:00:00+00:00,observation_history
2017,47,2017-03-08T00:00:00+00:00,observation_history
2017,48,2017-03-09T00:00:00+00:00,observation_history
2017,49,2017-03-10T00:00:00+00:00,observation_history
2017,50,2017-03-13T00:00:00+00:00,observation_history
2017,51,2017-03-14T00:00:00+00:00,observation_history
2017,52,2017-03-15T00:00:00+00:00,observation_history
2017,53,2017-03-16T00:00:00+00:00,observation_history
2017,54,2017-03-17T00:00:00+00:00,observation_history
2017,55,2017-03-20T00:00:00+00:00,observation_history
2017,56,2017-03-21T00:00:00+00:00,observation_history
2017,57,2017-03-22T00:00:00+00:00,observation_history
2017,58,2017-03-23T00:00:00+00:00,observation_history
2017,59,2017-03-24T00:00:00+00:00,observation_history
2017,60,2017-03-27T00:00:00+01:00,observation_history
2017,61,2017-03-28T00:00:00+01:00,observation_history
2017,62,2017-03-29T00:00:00+01:00,observation_history
2018,0,2018-01-01T00:00:00+00:00,feature_warmup
2018,1,2018-01-02T00:00:00+00:00,feature_warmup
2018,2,2018-01-03T00:00:00+00:00,feature_warmup
2018,3,2018-01-04T00:00:00+00:00,feature_warmup
2018,4,2018-01-05T00:00:00+00:00,feature_warmup
2018,5,2018-01-08T00:00:00+00:00,feature_warmup
2018,6,2018-01-09T00:00:00+00:00,feature_warmup
2018,7,2018-01-10T00:00:00+00:00,feature_warmup
2018,8,2018-01-11T00:00:00+00:00,feature_warmup
2018,9,2018-01-12T00:00:00+00:00,feature_warmup
2018,10,2018-01-15T00:00:00+00:00,feature_warmup
2018,11,2018-01-16T00:00:00+00:00,feature_warmup
2018,12,2018-01-17T00:00:00+00:00,feature_warmup
2018,13,2018-01-18T00:00:00+00:00,feature_warmup
2018,14,2018-01-19T00:00:00+00:00,feature_warmup
2018,15,2018-01-22T00:00:00+00:00,feature_warmup
2018,16,2018-01-23T00:00:00+00:00,feature_warmup
2018,17,2018-01-24T00:00:00+00:00,feature_warmup
2018,18,2018-01-25T00:00:00+00:00,feature_warmup
2018,19,2018-01-26T00:00:00+00:00,feature_warmup
2018,20,2018-01-29T00:00:00+00:00,feature_warmup
2018,21,2018-01-30T00:00:00+00:00,feature_warmup
2018,22,2018-01-31T00:00:00+00:00,feature_warmup
2018,23,2018-02-01T00:00:00+00:00,feature_warmup
2018,24,2018-02-02T00:00:00+00:00,feature_warmup
2018,25,2018-02-05T00:00:00+00:00,feature_warmup
2018,26,2018-02-06T00:00:00+00:00,feature_warmup
2018,27,2018-02-07T00:00:00+00:00,feature_warmup
2018,28,2018-02-08T00:00:00+00:00,feature_warmup
2018,29,2018-02-09T00:00:00+00:00,feature_warmup
2018,30,2018-02-12T00:00:00+00:00,feature_warmup
2018,31,2018-02-13T00:00:00+00:00,feature_warmup
2018,32,2018-02-14T00:00:00+00:00,observation_history
2018,33,2018-02-15T00:00:00+00:00,observation_history
2018,34,2018-02-16T00:00:00+00:00,observation_history
2018,35,2018-02-19T00:00:00+00:00,observation_history
2018,36,2018-02-20T00:00:00+00:00,observation_history
2018,37,2018-02-21T00:00:00+00:00,observation_history
2018,38,2018-02-22T00:00:00+00:00,observation_history
2018,39,2018-02-23T00:00:00+00:00,observation_history
2018,40,2018-02-26T00:00:00+00:00,observation_history
2018,41,2018-02-27T00:00:00+00:00,observation_history
2018,42,2018-02-28T00:00:00+00:00,observation_history
2018,43,2018-03-01T00:00:00+00:00,observation_history
2018,44,2018-03-02T00:00:00+00:00,observation_history
2018,45,2018-03-05T00:00:00+00:00,observation_history
2018,46,2018-03-06T00:00:00+00:00,observation_history
2018,47,2018-03-07T00:00:00+00:00,observation_history
2018,48,2018-03-08T00:00:00+00:00,observation_history
2018,49,2018-03-09T00:00:00+00:00,observation_history
2018,50,2018-03-12T00:00:00+00:00,observation_history
2018,51,2018-03-13T00:00:00+00:00,observation_history
2018,52,2018-03-14T00:00:00+00:00,observation_history
2018,53,2018-03-15T00:00:00+00:00,observation_history
2018,54,2018-03-16T00:00:00+00:00,observation_history
2018,55,2018-03-19T00:00:00+00:00,observation_history
2018,56,2018-03-20T00:00:00+00:00,observation_history
2018,57,2018-03-21T00:00:00+00:00,observation_history
2018,58,2018-03-22T00:00:00+00:00,observation_history
2018,59,2018-03-23T00:00:00+00:00,observation_history
2018,60,2018-03-26T00:00:00+01:00,observation_history
2018,61,2018-03-27T00:00:00+01:00,observation_history
2018,62,2018-03-28T00:00:00+01:00,observation_history
2019,0,2019-01-01T00:00:00+00:00,feature_warmup
2019,1,2019-01-02T00:00:00+00:00,feature_warmup
2019,2,2019-01-03T00:00:00+00:00,feature_warmup
2019,3,2019-01-04T00:00:00+00:00,feature_warmup
2019,4,2019-01-07T00:00:00+00:00,feature_warmup
2019,5,2019-01-08T00:00:00+00:00,feature_warmup
2019,6,2019-01-09T00:00:00+00:00,feature_warmup
2019,7,2019-01-10T00:00:00+00:00,feature_warmup
2019,8,2019-01-11T00:00:00+00:00,feature_warmup
2019,9,2019-01-14T00:00:00+00:00,feature_warmup
2019,10,2019-01-15T00:00:00+00:00,feature_warmup
2019,11,2019-01-16T00:00:00+00:00,feature_warmup
2019,12,2019-01-17T00:00:00+00:00,feature_warmup
2019,13,2019-01-18T00:00:00+00:00,feature_warmup
2019,14,2019-01-21T00:00:00+00:00,feature_warmup
2019,15,2019-01-22T00:00:00+00:00,feature_warmup
2019,16,2019-01-23T00:00:00+00:00,feature_warmup
2019,17,2019-01-24T00:00:00+00:00,feature_warmup
2019,18,2019-01-25T00:00:00+00:00,feature_warmup
2019,19,2019-01-28T00:00:00+00:00,feature_warmup
2019,20,2019-01-29T00:00:00+00:00,feature_warmup
2019,21,2019-01-30T00:00:00+00:00,feature_warmup
2019,22,2019-01-31T00:00:00+00:00,feature_warmup
2019,23,2019-02-01T00:00:00+00:00,feature_warmup
2019,24,2019-02-04T00:00:00+00:00,feature_warmup
2019,25,2019-02-05T00:00:00+00:00,feature_warmup
2019,26,2019-02-06T00:00:00+00:00,feature_warmup
2019,27,2019-02-07T00:00:00+00:00,feature_warmup
2019,28,2019-02-08T00:00:00+00:00,feature_warmup
2019,29,2019-02-11T00:00:00+00:00,feature_warmup
2019,30,2019-02-12T00:00:00+00:00,feature_warmup
2019,31,2019-02-13T00:00:00+00:00,feature_warmup
2019,32,2019-02-14T00:00:00+00:00,observation_history
2019,33,2019-02-15T00:00:00+00:00,observation_history
2019,34,2019-02-18T00:00:00+00:00,observation_history
2019,35,2019-02-19T00:00:00+00:00,observation_history
2019,36,2019-02-20T00:00:00+00:00,observation_history
2019,37,2019-02-21T00:00:00+00:00,observation_history
2019,38,2019-02-22T00:00:00+00:00,observation_history
2019,39,2019-02-25T00:00:00+00:00,observation_history
2019,40,2019-02-26T00:00:00+00:00,observation_history
2019,41,2019-02-27T00:00:00+00:00,observation_history
2019,42,2019-02-28T00:00:00+00:00,observation_history
2019,43,2019-03-01T00:00:00+00:00,observation_history
2019,44,2019-03-04T00:00:00+00:00,observation_history
2019,45,2019-03-05T00:00:00+00:00,observation_history
2019,46,2019-03-06T00:00:00+00:00,observation_history
2019,47,2019-03-07T00:00:00+00:00,observation_history
2019,48,2019-03-08T00:00:00+00:00,observation_history
2019,49,2019-03-11T00:00:00+00:00,observation_history
2019,50,2019-03-12T00:00:00+00:00,observation_history
2019,51,2019-03-13T00:00:00+00:00,observation_history
2019,52,2019-03-14T00:00:00+00:00,observation_history
2019,53,2019-03-15T00:00:00+00:00,observation_history
2019,54,2019-03-18T00:00:00+00:00,observation_history
2019,55,2019-03-19T00:00:00+00:00,observation_history
2019,56,2019-03-20T00:00:00+00:00,observation_history
2019,57,2019-03-21T00:00:00+00:00,observation_history
2019,58,2019-03-22T00:00:00+00:00,observation_history
2019,59,2019-03-25T00:00:00+00:00,observation_history
2019,60,2019-03-26T00:00:00+00:00,observation_history
2019,61,2019-03-27T00:00:00+00:00,observation_history
2019,62,2019-03-28T00:00:00+00:00,observation_history
2020,0,2020-01-01T00:00:00+00:00,feature_warmup
2020,1,2020-01-02T00:00:00+00:00,feature_warmup
2020,2,2020-01-03T00:00:00+00:00,feature_warmup
2020,3,2020-01-06T00:00:00+00:00,feature_warmup
2020,4,2020-01-07T00:00:00+00:00,feature_warmup
2020,5,2020-01-08T00:00:00+00:00,feature_warmup
2020,6,2020-01-09T00:00:00+00:00,feature_warmup
2020,7,2020-01-10T00:00:00+00:00,feature_warmup
2020,8,2020-01-13T00:00:00+00:00,feature_warmup
2020,9,2020-01-14T00:00:00+00:00,feature_warmup
2020,10,2020-01-15T00:00:00+00:00,feature_warmup
2020,11,2020-01-16T00:00:00+00:00,feature_warmup
2020,12,2020-01-17T00:00:00+00:00,feature_warmup
2020,13,2020-01-20T00:00:00+00:00,feature_warmup
2020,14,2020-01-21T00:00:00+00:00,feature_warmup
2020,15,2020-01-22T00:00:00+00:00,feature_warmup
2020,16,2020-01-23T00:00:00+00:00,feature_warmup
2020,17,2020-01-24T00:00:00+00:00,feature_warmup
2020,18,2020-01-27T00:00:00+00:00,feature_warmup
2020,19,2020-01-28T00:00:00+00:00,feature_warmup
2020,20,2020-01-29T00:00:00+00:00,feature_warmup
2020,21,2020-01-30T00:00:00+00:00,feature_warmup
2020,22,2020-01-31T00:00:00+00:00,feature_warmup
2020,23,2020-02-03T00:00:00+00:00,feature_warmup
2020,24,2020-02-04T00:00:00+00:00,feature_warmup
2020,25,2020-02-05T00:00:00+00:00,feature_warmup
2020,26,2020-02-06T00:00:00+00:00,feature_warmup
2020,27,2020-02-07T00:00:00+00:00,feature_warmup
2020,28,2020-02-10T00:00:00+00:00,feature_warmup
2020,29,2020-02-11T00:00:00+00:00,feature_warmup
2020,30,2020-02-12T00:00:00+00:00,feature_warmup
2020,31,2020-02-13T00:00:00+00:00,feature_warmup
2020,32,2020-02-14T00:00:00+00:00,observation_history
2020,33,2020-02-17T00:00:00+00:00,observation_history
2020,34,2020-02-18T00:00:00+00:00,observation_history
2020,35,2020-02-19T00:00:00+00:00,observation_history
2020,36,2020-02-20T00:00:00+00:00,observation_history
2020,37,2020-02-21T00:00:00+00:00,observation_history
2020,38,2020-02-24T00:00:00+00:00,observation_history
2020,39,2020-02-25T00:00:00+00:00,observation_history
2020,40,2020-02-26T00:00:00+00:00,observation_history
2020,41,2020-02-27T00:00:00+00:00,observation_history
2020,42,2020-02-28T00:00:00+00:00,observation_history
2020,43,2020-03-02T00:00:00+00:00,observation_history
2020,44,2020-03-03T00:00:00+00:00,observation_history
2020,45,2020-03-04T00:00:00+00:00,observation_history
2020,46,2020-03-05T00:00:00+00:00,observation_history
2020,47,2020-03-06T00:00:00+00:00,observation_history
2020,48,2020-03-09T00:00:00+00:00,observation_history
2020,49,2020-03-10T00:00:00+00:00,observation_history
2020,50,2020-03-11T00:00:00+00:00,observation_history
2020,51,2020-03-12T00:00:00+00:00,observation_history
2020,52,2020-03-13T00:00:00+00:00,observation_history
2020,53,2020-03-16T00:00:00+00:00,observation_history
2020,54,2020-03-17T00:00:00+00:00,observation_history
2020,55,2020-03-18T00:00:00+00:00,observation_history
2020,56,2020-03-19T00:00:00+00:00,observation_history
2020,57,2020-03-20T00:00:00+00:00,observation_history
2020,58,2020-03-23T00:00:00+00:00,observation_history
2020,59,2020-03-24T00:00:00+00:00,observation_history
2020,60,2020-03-25T00:00:00+00:00,observation_history
2020,61,2020-03-26T00:00:00+00:00,observation_history
2020,62,2020-03-27T00:00:00+00:00,observation_history
2021,0,2021-01-01T00:00:00+00:00,feature_warmup
2021,1,2021-01-04T00:00:00+00:00,feature_warmup
2021,2,2021-01-05T00:00:00+00:00,feature_warmup
2021,3,2021-01-06T00:00:00+00:00,feature_warmup
2021,4,2021-01-07T00:00:00+00:00,feature_warmup
2021,5,2021-01-08T00:00:00+00:00,feature_warmup
2021,6,2021-01-11T00:00:00+00:00,feature_warmup
2021,7,2021-01-12T00:00:00+00:00,feature_warmup
2021,8,2021-01-13T00:00:00+00:00,feature_warmup
2021,9,2021-01-14T00:00:00+00:00,feature_warmup
2021,10,2021-01-15T00:00:00+00:00,feature_warmup
2021,11,2021-01-18T00:00:00+00:00,feature_warmup
2021,12,2021-01-19T00:00:00+00:00,feature_warmup
2021,13,2021-01-20T00:00:00+00:00,feature_warmup
2021,14,2021-01-21T00:00:00+00:00,feature_warmup
2021,15,2021-01-22T00:00:00+00:00,feature_warmup
2021,16,2021-01-25T00:00:00+00:00,feature_warmup
2021,17,2021-01-26T00:00:00+00:00,feature_warmup
2021,18,2021-01-27T00:00:00+00:00,feature_warmup
2021,19,2021-01-28T00:00:00+00:00,feature_warmup
2021,20,2021-01-29T00:00:00+00:00,feature_warmup
2021,21,2021-02-01T00:00:00+00:00,feature_warmup
2021,22,2021-02-02T00:00:00+00:00,feature_warmup
2021,23,2021-02-03T00:00:00+00:00,feature_warmup
2021,24,2021-02-04T00:00:00+00:00,feature_warmup
2021,25,2021-02-05T00:00:00+00:00,feature_warmup
2021,26,2021-02-08T00:00:00+00:00,feature_warmup
2021,27,2021-02-09T00:00:00+00:00,feature_warmup
2021,28,2021-02-10T00:00:00+00:00,feature_warmup
2021,29,2021-02-11T00:00:00+00:00,feature_warmup
2021,30,2021-02-12T00:00:00+00:00,feature_warmup
2021,31,2021-02-15T00:00:00+00:00,feature_warmup
2021,32,2021-02-16T00:00:00+00:00,observation_history
2021,33,2021-02-17T00:00:00+00:00,observation_history
2021,34,2021-02-18T00:00:00+00:00,observation_history
2021,35,2021-02-19T00:00:00+00:00,observation_history
2021,36,2021-02-22T00:00:00+00:00,observation_history
2021,37,2021-02-23T00:00:00+00:00,observation_history
2021,38,2021-02-24T00:00:00+00:00,observation_history
2021,39,2021-02-25T00:00:00+00:00,observation_history
2021,40,2021-02-26T00:00:00+00:00,observation_history
2021,41,2021-03-01T00:00:00+00:00,observation_history
2021,42,2021-03-02T00:00:00+00:00,observation_history
2021,43,2021-03-03T00:00:00+00:00,observation_history
2021,44,2021-03-04T00:00:00+00:00,observation_history
2021,45,2021-03-05T00:00:00+00:00,observation_history
2021,46,2021-03-08T00:00:00+00:00,observation_history
2021,47,2021-03-09T00:00:00+00:00,observation_history
2021,48,2021-03-10T00:00:00+00:00,observation_history
2021,49,2021-03-11T00:00:00+00:00,observation_history
2021,50,2021-03-12T00:00:00+00:00,observation_history
2021,51,2021-03-15T00:00:00+00:00,observation_history
2021,52,2021-03-16T00:00:00+00:00,observation_history
2021,53,2021-03-17T00:00:00+00:00,observation_history
2021,54,2021-03-18T00:00:00+00:00,observation_history
2021,55,2021-03-19T00:00:00+00:00,observation_history
2021,56,2021-03-22T00:00:00+00:00,observation_history
2021,57,2021-03-23T00:00:00+00:00,observation_history
2021,58,2021-03-24T00:00:00+00:00,observation_history
2021,59,2021-03-25T00:00:00+00:00,observation_history
2021,60,2021-03-26T00:00:00+00:00,observation_history
2021,61,2021-03-29T00:00:00+01:00,observation_history
2021,62,2021-03-30T00:00:00+01:00,observation_history
2022,0,2022-01-03T00:00:00+00:00,feature_warmup
2022,1,2022-01-04T00:00:00+00:00,feature_warmup
2022,2,2022-01-05T00:00:00+00:00,feature_warmup
2022,3,2022-01-06T00:00:00+00:00,feature_warmup
2022,4,2022-01-07T00:00:00+00:00,feature_warmup
2022,5,2022-01-10T00:00:00+00:00,feature_warmup
2022,6,2022-01-11T00:00:00+00:00,feature_warmup
2022,7,2022-01-12T00:00:00+00:00,feature_warmup
2022,8,2022-01-13T00:00:00+00:00,feature_warmup
2022,9,2022-01-14T00:00:00+00:00,feature_warmup
2022,10,2022-01-17T00:00:00+00:00,feature_warmup
2022,11,2022-01-18T00:00:00+00:00,feature_warmup
2022,12,2022-01-19T00:00:00+00:00,feature_warmup
2022,13,2022-01-20T00:00:00+00:00,feature_warmup
2022,14,2022-01-21T00:00:00+00:00,feature_warmup
2022,15,2022-01-24T00:00:00+00:00,feature_warmup
2022,16,2022-01-25T00:00:00+00:00,feature_warmup
2022,17,2022-01-26T00:00:00+00:00,feature_warmup
2022,18,2022-01-27T00:00:00+00:00,feature_warmup
2022,19,2022-01-28T00:00:00+00:00,feature_warmup
2022,20,2022-01-31T00:00:00+00:00,feature_warmup
2022,21,2022-02-01T00:00:00+00:00,feature_warmup
2022,22,2022-02-02T00:00:00+00:00,feature_warmup
2022,23,2022-02-03T00:00:00+00:00,feature_warmup
2022,24,2022-02-04T00:00:00+00:00,feature_warmup
2022,25,2022-02-07T00:00:00+00:00,feature_warmup
2022,26,2022-02-08T00:00:00+00:00,feature_warmup
2022,27,2022-02-09T00:00:00+00:00,feature_warmup
2022,28,2022-02-10T00:00:00+00:00,feature_warmup
2022,29,2022-02-11T00:00:00+00:00,feature_warmup
2022,30,2022-02-14T00:00:00+00:00,feature_warmup
2022,31,2022-02-15T00:00:00+00:00,feature_warmup
2022,32,2022-02-16T00:00:00+00:00,observation_history
2022,33,2022-02-17T00:00:00+00:00,observation_history
2022,34,2022-02-18T00:00:00+00:00,observation_history
2022,35,2022-02-21T00:00:00+00:00,observation_history
2022,36,2022-02-22T00:00:00+00:00,observation_history
2022,37,2022-02-23T00:00:00+00:00,observation_history
2022,38,2022-02-24T00:00:00+00:00,observation_history
2022,39,2022-02-25T00:00:00+00:00,observation_history
2022,40,2022-02-28T00:00:00+00:00,observation_history
2022,41,2022-03-01T00:00:00+00:00,observation_history
2022,42,2022-03-02T00:00:00+00:00,observation_history
2022,43,2022-03-03T00:00:00+00:00,observation_history
2022,44,2022-03-04T00:00:00+00:00,observation_history
2022,45,2022-03-07T00:00:00+00:00,observation_history
2022,46,2022-03-08T00:00:00+00:00,observation_history
2022,47,2022-03-09T00:00:00+00:00,observation_history
2022,48,2022-03-10T00:00:00+00:00,observation_history
2022,49,2022-03-11T00:00:00+00:00,observation_history
2022,50,2022-03-14T00:00:00+00:00,observation_history
2022,51,2022-03-15T00:00:00+00:00,observation_history
2022,52,2022-03-16T00:00:00+00:00,observation_history
2022,53,2022-03-17T00:00:00+00:00,observation_history
2022,54,2022-03-18T00:00:00+00:00,observation_history
2022,55,2022-03-21T00:00:00+00:00,observation_history
2022,56,2022-03-22T00:00:00+00:00,observation_history
2022,57,2022-03-23T00:00:00+00:00,observation_history
2022,58,2022-03-24T00:00:00+00:00,observation_history
2022,59,2022-03-25T00:00:00+00:00,observation_history
2022,60,2022-03-28T00:00:00+01:00,observation_history
2022,61,2022-03-29T00:00:00+01:00,observation_history
2022,62,2022-03-30T00:00:00+01:00,observation_history
2023,0,2023-01-02T00:00:00+00:00,feature_warmup
2023,1,2023-01-03T00:00:00+00:00,feature_warmup
2023,2,2023-01-04T00:00:00+00:00,feature_warmup
2023,3,2023-01-05T00:00:00+00:00,feature_warmup
2023,4,2023-01-06T00:00:00+00:00,feature_warmup
2023,5,2023-01-09T00:00:00+00:00,feature_warmup
2023,6,2023-01-10T00:00:00+00:00,feature_warmup
2023,7,2023-01-11T00:00:00+00:00,feature_warmup
2023,8,2023-01-12T00:00:00+00:00,feature_warmup
2023,9,2023-01-13T00:00:00+00:00,feature_warmup
2023,10,2023-01-16T00:00:00+00:00,feature_warmup
2023,11,2023-01-17T00:00:00+00:00,feature_warmup
2023,12,2023-01-18T00:00:00+00:00,feature_warmup
2023,13,2023-01-19T00:00:00+00:00,feature_warmup
2023,14,2023-01-20T00:00:00+00:00,feature_warmup
2023,15,2023-01-23T00:00:00+00:00,feature_warmup
2023,16,2023-01-24T00:00:00+00:00,feature_warmup
2023,17,2023-01-25T00:00:00+00:00,feature_warmup
2023,18,2023-01-26T00:00:00+00:00,feature_warmup
2023,19,2023-01-27T00:00:00+00:00,feature_warmup
2023,20,2023-01-30T00:00:00+00:00,feature_warmup
2023,21,2023-01-31T00:00:00+00:00,feature_warmup
2023,22,2023-02-01T00:00:00+00:00,feature_warmup
2023,23,2023-02-02T00:00:00+00:00,feature_warmup
2023,24,2023-02-03T00:00:00+00:00,feature_warmup
2023,25,2023-02-06T00:00:00+00:00,feature_warmup
2023,26,2023-02-07T00:00:00+00:00,feature_warmup
2023,27,2023-02-08T00:00:00+00:00,feature_warmup
2023,28,2023-02-09T00:00:00+00:00,feature_warmup
2023,29,2023-02-10T00:00:00+00:00,feature_warmup
2023,30,2023-02-13T00:00:00+00:00,feature_warmup
2023,31,2023-02-14T00:00:00+00:00,feature_warmup
2023,32,2023-02-15T00:00:00+00:00,observation_history
2023,33,2023-02-16T00:00:00+00:00,observation_history
2023,34,2023-02-17T00:00:00+00:00,observation_history
2023,35,2023-02-20T00:00:00+00:00,observation_history
2023,36,2023-02-21T00:00:00+00:00,observation_history
2023,37,2023-02-22T00:00:00+00:00,observation_history
2023,38,2023-02-23T00:00:00+00:00,observation_history
2023,39,2023-02-24T00:00:00+00:00,observation_history
2023,40,2023-02-27T00:00:00+00:00,observation_history
2023,41,2023-02-28T00:00:00+00:00,observation_history
2023,42,2023-03-01T00:00:00+00:00,observation_history
2023,43,2023-03-02T00:00:00+00:00,observation_history
2023,44,2023-03-03T00:00:00+00:00,observation_history
2023,45,2023-03-06T00:00:00+00:00,observation_history
2023,46,2023-03-07T00:00:00+00:00,observation_history
2023,47,2023-03-08T00:00:00+00:00,observation_history
2023,48,2023-03-09T00:00:00+00:00,observation_history
2023,49,2023-03-10T00:00:00+00:00,observation_history
2023,50,2023-03-13T00:00:00+00:00,observation_history
2023,51,2023-03-14T00:00:00+00:00,observation_history
2023,52,2023-03-15T00:00:00+00:00,observation_history
2023,53,2023-03-16T00:00:00+00:00,observation_history
2023,54,2023-03-17T00:00:00+00:00,observation_history
2023,55,2023-03-20T00:00:00+00:00,observation_history
2023,56,2023-03-21T00:00:00+00:00,observation_history
2023,57,2023-03-22T00:00:00+00:00,observation_history
2023,58,2023-03-23T00:00:00+00:00,observation_history
2023,59,2023-03-24T00:00:00+00:00,observation_history
2023,60,2023-03-27T00:00:00+01:00,observation_history
2023,61,2023-03-28T00:00:00+01:00,observation_history
2023,62,2023-03-29T00:00:00+01:00,observation_history
2024,0,2024-01-01T00:00:00+00:00,feature_warmup
2024,1,2024-01-02T00:00:00+00:00,feature_warmup
2024,2,2024-01-03T00:00:00+00:00,feature_warmup
2024,3,2024-01-04T00:00:00+00:00,feature_warmup
2024,4,2024-01-05T00:00:00+00:00,feature_warmup
2024,5,2024-01-08T00:00:00+00:00,feature_warmup
2024,6,2024-01-09T00:00:00+00:00,feature_warmup
2024,7,2024-01-10T00:00:00+00:00,feature_warmup
2024,8,2024-01-11T00:00:00+00:00,feature_warmup
2024,9,2024-01-12T00:00:00+00:00,feature_warmup
2024,10,2024-01-15T00:00:00+00:00,feature_warmup
2024,11,2024-01-16T00:00:00+00:00,feature_warmup
2024,12,2024-01-17T00:00:00+00:00,feature_warmup
2024,13,2024-01-18T00:00:00+00:00,feature_warmup
2024,14,2024-01-19T00:00:00+00:00,feature_warmup
2024,15,2024-01-22T00:00:00+00:00,feature_warmup
2024,16,2024-01-23T00:00:00+00:00,feature_warmup
2024,17,2024-01-24T00:00:00+00:00,feature_warmup
2024,18,2024-01-25T00:00:00+00:00,feature_warmup
2024,19,2024-01-26T00:00:00+00:00,feature_warmup
2024,20,2024-01-29T00:00:00+00:00,feature_warmup
2024,21,2024-01-30T00:00:00+00:00,feature_warmup
2024,22,2024-01-31T00:00:00+00:00,feature_warmup
2024,23,2024-02-01T00:00:00+00:00,feature_warmup
2024,24,2024-02-02T00:00:00+00:00,feature_warmup
2024,25,2024-02-05T00:00:00+00:00,feature_warmup
2024,26,2024-02-06T00:00:00+00:00,feature_warmup
2024,27,2024-02-07T00:00:00+00:00,feature_warmup
2024,28,2024-02-08T00:00:00+00:00,feature_warmup
2024,29,2024-02-09T00:00:00+00:00,feature_warmup
2024,30,2024-02-12T00:00:00+00:00,feature_warmup
2024,31,2024-02-13T00:00:00+00:00,feature_warmup
2024,32,2024-02-14T00:00:00+00:00,observation_history
2024,33,2024-02-15T00:00:00+00:00,observation_history
2024,34,2024-02-16T00:00:00+00:00,observation_history
2024,35,2024-02-19T00:00:00+00:00,observation_history
2024,36,2024-02-20T00:00:00+00:00,observation_history
2024,37,2024-02-21T00:00:00+00:00,observation_history
2024,38,2024-02-22T00:00:00+00:00,observation_history
2024,39,2024-02-23T00:00:00+00:00,observation_history
2024,40,2024-02-26T00:00:00+00:00,observation_history
2024,41,2024-02-27T00:00:00+00:00,observation_history
2024,42,2024-02-28T00:00:00+00:00,observation_history
2024,43,2024-02-29T00:00:00+00:00,observation_history
2024,44,2024-03-01T00:00:00+00:00,observation_history
2024,45,2024-03-04T00:00:00+00:00,observation_history
2024,46,2024-03-05T00:00:00+00:00,observation_history
2024,47,2024-03-06T00:00:00+00:00,observation_history
2024,48,2024-03-07T00:00:00+00:00,observation_history
2024,49,2024-03-08T00:00:00+00:00,observation_history
2024,50,2024-03-11T00:00:00+00:00,observation_history
2024,51,2024-03-12T00:00:00+00:00,observation_history
2024,52,2024-03-13T00:00:00+00:00,observation_history
2024,53,2024-03-14T00:00:00+00:00,observation_history
2024,54,2024-03-15T00:00:00+00:00,observation_history
2024,55,2024-03-18T00:00:00+00:00,observation_history
2024,56,2024-03-19T00:00:00+00:00,observation_history
2024,57,2024-03-20T00:00:00+00:00,observation_history
2024,58,2024-03-21T00:00:00+00:00,observation_history
2024,59,2024-03-22T00:00:00+00:00,observation_history
2024,60,2024-03-25T00:00:00+00:00,observation_history
2024,61,2024-03-26T00:00:00+00:00,observation_history
2024,62,2024-03-27T00:00:00+00:00,observation_history
2025,0,2025-01-02T00:00:00+00:00,feature_warmup
2025,1,2025-01-03T00:00:00+00:00,feature_warmup
2025,2,2025-01-06T00:00:00+00:00,feature_warmup
2025,3,2025-01-07T00:00:00+00:00,feature_warmup
2025,4,2025-01-08T00:00:00+00:00,feature_warmup
2025,5,2025-01-09T00:00:00+00:00,feature_warmup
2025,6,2025-01-10T00:00:00+00:00,feature_warmup
2025,7,2025-01-13T00:00:00+00:00,feature_warmup
2025,8,2025-01-14T00:00:00+00:00,feature_warmup
2025,9,2025-01-15T00:00:00+00:00,feature_warmup
2025,10,2025-01-16T00:00:00+00:00,feature_warmup
2025,11,2025-01-17T00:00:00+00:00,feature_warmup
2025,12,2025-01-20T00:00:00+00:00,feature_warmup
2025,13,2025-01-21T00:00:00+00:00,feature_warmup
2025,14,2025-01-22T00:00:00+00:00,feature_warmup
2025,15,2025-01-23T00:00:00+00:00,feature_warmup
2025,16,2025-01-24T00:00:00+00:00,feature_warmup
2025,17,2025-01-27T00:00:00+00:00,feature_warmup
2025,18,2025-01-28T00:00:00+00:00,feature_warmup
2025,19,2025-01-29T00:00:00+00:00,feature_warmup
2025,20,2025-01-30T00:00:00+00:00,feature_warmup
2025,21,2025-01-31T00:00:00+00:00,feature_warmup
2025,22,2025-02-03T00:00:00+00:00,feature_warmup
2025,23,2025-02-04T00:00:00+00:00,feature_warmup
2025,24,2025-02-05T00:00:00+00:00,feature_warmup
2025,25,2025-02-06T00:00:00+00:00,feature_warmup
2025,26,2025-02-07T00:00:00+00:00,feature_warmup
2025,27,2025-02-10T00:00:00+00:00,feature_warmup
2025,28,2025-02-11T00:00:00+00:00,feature_warmup
2025,29,2025-02-12T00:00:00+00:00,feature_warmup
2025,30,2025-02-13T00:00:00+00:00,feature_warmup
2025,31,2025-02-14T00:00:00+00:00,feature_warmup
2025,32,2025-02-17T00:00:00+00:00,observation_history
2025,33,2025-02-18T00:00:00+00:00,observation_history
2025,34,2025-02-19T00:00:00+00:00,observation_history
2025,35,2025-02-20T00:00:00+00:00,observation_history
2025,36,2025-02-21T00:00:00+00:00,observation_history
2025,37,2025-02-24T00:00:00+00:00,observation_history
2025,38,2025-02-25T00:00:00+00:00,observation_history
2025,39,2025-02-26T00:00:00+00:00,observation_history
2025,40,2025-02-27T00:00:00+00:00,observation_history
2025,41,2025-02-28T00:00:00+00:00,observation_history
2025,42,2025-03-03T00:00:00+00:00,observation_history
2025,43,2025-03-04T00:00:00+00:00,observation_history
2025,44,2025-03-05T00:00:00+00:00,observation_history
2025,45,2025-03-06T00:00:00+00:00,observation_history
2025,46,2025-03-07T00:00:00+00:00,observation_history
2025,47,2025-03-10T00:00:00+00:00,observation_history
2025,48,2025-03-11T00:00:00+00:00,observation_history
2025,49,2025-03-12T00:00:00+00:00,observation_history
2025,50,2025-03-13T00:00:00+00:00,observation_history
2025,51,2025-03-14T00:00:00+00:00,observation_history
2025,52,2025-03-17T00:00:00+00:00,observation_history
2025,53,2025-03-18T00:00:00+00:00,observation_history
2025,54,2025-03-19T00:00:00+00:00,observation_history
2025,55,2025-03-20T00:00:00+00:00,observation_history
2025,56,2025-03-21T00:00:00+00:00,observation_history
2025,57,2025-03-24T00:00:00+00:00,observation_history
2025,58,2025-03-25T00:00:00+00:00,observation_history
2025,59,2025-03-26T00:00:00+00:00,observation_history
2025,60,2025-03-27T00:00:00+00:00,observation_history
2025,61,2025-03-28T00:00:00+00:00,observation_history
2025,62,2025-03-31T00:00:00+01:00,observation_history
