stage,fold,cutoff,horizon,train_rows,validation_rows,status,train_start,train_end,train_present_rows,train_history_excluded,train_label_gap_excluded,train_boundary_purged,train_longest_decisions,train_first_decision,train_last_mark,validation_start,validation_end,validation_present_rows,validation_history_excluded,validation_label_gap_excluded,validation_boundary_purged,validation_longest_decisions,validation_first_decision,validation_last_mark,lookback_months,boundary_role
outer,2009,2009-01-01,1,433,25,blocked_input,2003-06-01,2008-07-01,760,326,1,0,433,2005-12-20,2007-08-17,2008-07-01,2009-01-01,111,85,1,0,25,2008-11-21,2008-12-26,6,candidate
outer,2009,2009-01-01,5,429,21,blocked_input,2003-06-01,2008-07-01,760,326,5,0,429,2005-12-20,2007-08-17,2008-07-01,2009-01-01,111,85,5,0,21,2008-11-21,2008-12-26,6,candidate
outer,2009,2009-01-01,1,433,25,blocked_input,2003-06-01,2008-01-01,634,200,1,0,433,2005-12-20,2007-08-17,2008-01-01,2009-01-01,237,211,1,0,25,2008-11-21,2008-12-26,12,candidate
outer,2009,2009-01-01,5,429,21,blocked_input,2003-06-01,2008-01-01,634,200,5,0,429,2005-12-20,2007-08-17,2008-01-01,2009-01-01,237,211,5,0,21,2008-11-21,2008-12-26,12,candidate
outer,2009,2009-01-01,1,398,59,blocked_input,2003-06-01,2007-07-01,508,109,0,1,398,2005-12-20,2007-06-29,2007-07-01,2009-01-01,363,302,2,0,34,2007-07-02,2007-08-17,18,candidate
outer,2009,2009-01-01,5,394,51,blocked_input,2003-06-01,2007-07-01,508,109,0,5,394,2005-12-20,2007-06-29,2007-07-01,2009-01-01,363,302,10,0,30,2007-07-02,2007-08-17,18,candidate
outer,2009,2009-01-01,1,268,189,calendar_eligible,2003-06-01,2007-01-01,378,109,0,1,268,2005-12-20,2006-12-29,2007-01-01,2009-01-01,493,302,2,0,164,2007-01-01,2007-08-17,24,candidate
outer,2009,2009-01-01,5,264,181,calendar_eligible,2003-06-01,2007-01-01,378,109,0,5,264,2005-12-20,2006-12-29,2007-01-01,2009-01-01,493,302,10,0,160,2007-01-01,2007-08-17,24,candidate
outer,2010,2010-01-01,1,497,131,calendar_eligible,2003-06-01,2009-07-01,997,497,2,1,433,2005-12-20,2007-08-17,2009-07-01,2010-01-01,132,0,0,1,131,2009-07-01,2009-12-31,6,candidate
outer,2010,2010-01-01,5,485,127,calendar_eligible,2003-06-01,2009-07-01,997,497,10,5,429,2005-12-20,2007-08-17,2009-07-01,2010-01-01,132,0,0,5,127,2009-07-01,2009-12-31,6,candidate
outer,2010,2010-01-01,1,458,171,calendar_eligible,2003-06-01,2009-01-01,871,411,2,0,433,2005-12-20,2007-08-17,2009-01-01,2010-01-01,258,86,0,1,171,2009-05-06,2009-12-31,12,candidate
outer,2010,2010-01-01,5,450,167,calendar_eligible,2003-06-01,2009-01-01,871,411,10,0,429,2005-12-20,2007-08-17,2009-01-01,2010-01-01,258,86,0,5,167,2009-05-06,2009-12-31,12,candidate
outer,2010,2010-01-01,1,433,196,calendar_eligible,2003-06-01,2008-07-01,760,326,1,0,433,2005-12-20,2007-08-17,2008-07-01,2010-01-01,369,171,1,1,171,2009-05-06,2009-12-31,18,candidate
outer,2010,2010-01-01,5,429,188,calendar_eligible,2003-06-01,2008-07-01,760,326,5,0,429,2005-12-20,2007-08-17,2008-07-01,2010-01-01,369,171,5,5,167,2009-05-06,2009-12-31,18,candidate
outer,2010,2010-01-01,1,433,196,calendar_eligible,2003-06-01,2008-01-01,634,200,1,0,433,2005-12-20,2007-08-17,2008-01-01,2010-01-01,495,297,1,1,171,2009-05-06,2009-12-31,24,candidate
outer,2010,2010-01-01,5,429,188,calendar_eligible,2003-06-01,2008-01-01,634,200,5,0,429,2005-12-20,2007-08-17,2008-01-01,2010-01-01,495,297,5,5,167,2009-05-06,2009-12-31,24,candidate
outer,2011,2011-01-01,1,758,131,calendar_eligible,2003-06-01,2010-07-01,1258,497,2,1,433,2005-12-20,2007-08-17,2010-07-01,2011-01-01,132,0,0,1,131,2010-07-01,2010-12-31,6,candidate
outer,2011,2011-01-01,5,746,127,calendar_eligible,2003-06-01,2010-07-01,1258,497,10,5,429,2005-12-20,2007-08-17,2010-07-01,2011-01-01,132,0,0,5,127,2010-07-01,2010-12-31,6,candidate
outer,2011,2011-01-01,1,629,260,calendar_eligible,2003-06-01,2010-01-01,1129,497,2,1,433,2005-12-20,2007-08-17,2010-01-01,2011-01-01,261,0,0,1,260,2010-01-01,2010-12-31,12,candidate
outer,2011,2011-01-01,5,617,256,calendar_eligible,2003-06-01,2010-01-01,1129,497,10,5,429,2005-12-20,2007-08-17,2010-01-01,2011-01-01,261,0,0,5,256,2010-01-01,2010-12-31,12,candidate
outer,2011,2011-01-01,1,497,392,calendar_eligible,2003-06-01,2009-07-01,997,497,2,1,433,2005-12-20,2007-08-17,2009-07-01,2011-01-01,393,0,0,1,392,2009-07-01,2010-12-31,18,candidate
outer,2011,2011-01-01,5,485,388,calendar_eligible,2003-06-01,2009-07-01,997,497,10,5,429,2005-12-20,2007-08-17,2009-07-01,2011-01-01,393,0,0,5,388,2009-07-01,2010-12-31,18,candidate
outer,2011,2011-01-01,1,458,432,calendar_eligible,2003-06-01,2009-01-01,871,411,2,0,433,2005-12-20,2007-08-17,2009-01-01,2011-01-01,519,86,0,1,432,2009-05-06,2010-12-31,24,candidate
outer,2011,2011-01-01,5,450,428,calendar_eligible,2003-06-01,2009-01-01,871,411,10,0,429,2005-12-20,2007-08-17,2009-01-01,2011-01-01,519,86,0,5,428,2009-05-06,2010-12-31,24,candidate
outer,2012,2012-01-01,1,964,121,calendar_eligible,2003-06-01,2011-07-01,1518,551,3,0,506,2009-05-06,2011-04-14,2011-07-01,2012-01-01,131,9,0,1,121,2011-07-14,2011-12-30,6,candidate
outer,2012,2012-01-01,5,952,117,calendar_eligible,2003-06-01,2011-07-01,1518,551,15,0,502,2009-05-06,2011-04-14,2011-07-01,2012-01-01,131,9,0,5,117,2011-07-14,2011-12-30,6,candidate
outer,2012,2012-01-01,1,890,194,calendar_eligible,2003-06-01,2011-01-01,1390,497,2,1,433,2005-12-20,2007-08-17,2011-01-01,2012-01-01,259,63,1,1,121,2011-07-14,2011-12-30,12,candidate
outer,2012,2012-01-01,5,878,186,calendar_eligible,2003-06-01,2011-01-01,1390,497,10,5,429,2005-12-20,2007-08-17,2011-01-01,2012-01-01,259,63,5,5,117,2011-07-14,2011-12-30,12,candidate
outer,2012,2012-01-01,1,758,326,calendar_eligible,2003-06-01,2010-07-01,1258,497,2,1,433,2005-12-20,2007-08-17,2010-07-01,2012-01-01,391,63,1,1,205,2010-07-01,2011-04-14,18,candidate
outer,2012,2012-01-01,5,746,318,calendar_eligible,2003-06-01,2010-07-01,1258,497,10,5,429,2005-12-20,2007-08-17,2010-07-01,2012-01-01,391,63,5,5,201,2010-07-01,2011-04-14,18,candidate
outer,2012,2012-01-01,1,629,455,calendar_eligible,2003-06-01,2010-01-01,1129,497,2,1,433,2005-12-20,2007-08-17,2010-01-01,2012-01-01,520,63,1,1,334,2010-01-01,2011-04-14,24,candidate
outer,2012,2012-01-01,5,617,447,calendar_eligible,2003-06-01,2010-01-01,1129,497,10,5,429,2005-12-20,2007-08-17,2010-01-01,2012-01-01,520,63,5,5,330,2010-01-01,2011-04-14,24,candidate
outer,2013,2013-01-01,1,1215,110,calendar_eligible,2003-06-01,2012-07-01,1779,560,3,1,506,2009-05-06,2011-04-14,2012-07-01,2013-01-01,130,19,1,0,110,2012-07-02,2012-12-03,6,candidate
outer,2013,2013-01-01,5,1199,106,calendar_eligible,2003-06-01,2012-07-01,1779,560,15,5,502,2009-05-06,2011-04-14,2012-07-01,2013-01-01,130,19,5,0,106,2012-07-02,2012-12-03,6,candidate
outer,2013,2013-01-01,1,1085,240,calendar_eligible,2003-06-01,2012-01-01,1649,560,3,1,506,2009-05-06,2011-04-14,2012-01-01,2013-01-01,260,19,1,0,240,2012-01-02,2012-12-03,12,candidate
outer,2013,2013-01-01,5,1069,236,calendar_eligible,2003-06-01,2012-01-01,1649,560,15,5,502,2009-05-06,2011-04-14,2012-01-01,2013-01-01,260,19,5,0,236,2012-01-02,2012-12-03,12,candidate
outer,2013,2013-01-01,1,964,362,calendar_eligible,2003-06-01,2011-07-01,1518,551,3,0,506,2009-05-06,2011-04-14,2011-07-01,2013-01-01,391,28,1,0,362,2011-07-14,2012-12-03,18,candidate
outer,2013,2013-01-01,5,952,358,calendar_eligible,2003-06-01,2011-07-01,1518,551,15,0,502,2009-05-06,2011-04-14,2011-07-01,2013-01-01,391,28,5,0,358,2011-07-14,2012-12-03,18,candidate
outer,2013,2013-01-01,1,890,435,calendar_eligible,2003-06-01,2011-01-01,1390,497,2,1,433,2005-12-20,2007-08-17,2011-01-01,2013-01-01,519,82,2,0,362,2011-07-14,2012-12-03,24,candidate
outer,2013,2013-01-01,5,878,427,calendar_eligible,2003-06-01,2011-01-01,1390,497,10,5,429,2005-12-20,2007-08-17,2011-01-01,2013-01-01,519,82,10,0,358,2011-07-14,2012-12-03,24,candidate
outer,2014,2014-01-01,1,1379,70,calendar_eligible,2003-06-01,2013-07-01,2037,653,4,1,506,2009-05-06,2011-04-14,2013-07-01,2014-01-01,131,60,1,0,70,2013-07-01,2013-10-07,6,candidate
outer,2014,2014-01-01,5,1359,66,calendar_eligible,2003-06-01,2013-07-01,2037,653,20,5,502,2009-05-06,2011-04-14,2013-07-01,2014-01-01,131,60,5,0,66,2013-07-01,2013-10-07,6,candidate
outer,2014,2014-01-01,1,1326,124,calendar_eligible,2003-06-01,2013-01-01,1909,579,4,0,506,2009-05-06,2011-04-14,2013-01-01,2014-01-01,259,134,1,0,124,2013-04-16,2013-10-07,12,candidate
outer,2014,2014-01-01,5,1310,120,calendar_eligible,2003-06-01,2013-01-01,1909,579,20,0,502,2009-05-06,2011-04-14,2013-01-01,2014-01-01,259,134,5,0,120,2013-04-16,2013-10-07,12,candidate
outer,2014,2014-01-01,1,1215,234,calendar_eligible,2003-06-01,2012-07-01,1779,560,3,1,506,2009-05-06,2011-04-14,2012-07-01,2014-01-01,389,153,2,0,124,2013-04-16,2013-10-07,18,candidate
outer,2014,2014-01-01,5,1199,226,calendar_eligible,2003-06-01,2012-07-01,1779,560,15,5,502,2009-05-06,2011-04-14,2012-07-01,2014-01-01,389,153,10,0,120,2013-04-16,2013-10-07,18,candidate
outer,2014,2014-01-01,1,1085,364,calendar_eligible,2003-06-01,2012-01-01,1649,560,3,1,506,2009-05-06,2011-04-14,2012-01-01,2014-01-01,519,153,2,0,240,2012-01-02,2012-12-03,24,candidate
outer,2014,2014-01-01,5,1069,356,calendar_eligible,2003-06-01,2012-01-01,1649,560,15,5,502,2009-05-06,2011-04-14,2012-01-01,2014-01-01,519,153,10,0,236,2012-01-02,2012-12-03,24,candidate
outer,2015,2015-01-01,1,1575,131,calendar_eligible,2003-06-01,2014-07-01,2297,716,5,1,506,2009-05-06,2011-04-14,2014-07-01,2015-01-01,132,0,0,1,131,2014-07-01,2014-12-31,6,candidate
outer,2015,2015-01-01,5,1551,127,calendar_eligible,2003-06-01,2014-07-01,2297,716,25,5,502,2009-05-06,2011-04-14,2014-07-01,2015-01-01,132,0,0,5,127,2014-07-01,2014-12-31,6,candidate
outer,2015,2015-01-01,1,1450,257,calendar_eligible,2003-06-01,2014-01-01,2168,713,5,0,506,2009-05-06,2011-04-14,2014-01-01,2015-01-01,261,3,0,1,257,2014-01-06,2014-12-31,12,candidate
outer,2015,2015-01-01,5,1430,253,calendar_eligible,2003-06-01,2014-01-01,2168,713,25,0,502,2009-05-06,2011-04-14,2014-01-01,2015-01-01,261,3,0,5,253,2014-01-06,2014-12-31,12,candidate
outer,2015,2015-01-01,1,1379,327,calendar_eligible,2003-06-01,2013-07-01,2037,653,4,1,506,2009-05-06,2011-04-14,2013-07-01,2015-01-01,392,63,1,1,257,2014-01-06,2014-12-31,18,candidate
outer,2015,2015-01-01,5,1359,319,calendar_eligible,2003-06-01,2013-07-01,2037,653,20,5,502,2009-05-06,2011-04-14,2013-07-01,2015-01-01,392,63,5,5,253,2014-01-06,2014-12-31,18,candidate
outer,2015,2015-01-01,1,1326,381,calendar_eligible,2003-06-01,2013-01-01,1909,579,4,0,506,2009-05-06,2011-04-14,2013-01-01,2015-01-01,520,137,1,1,257,2014-01-06,2014-12-31,24,candidate
outer,2015,2015-01-01,5,1310,373,calendar_eligible,2003-06-01,2013-01-01,1909,579,20,0,502,2009-05-06,2011-04-14,2013-01-01,2015-01-01,520,137,5,5,253,2014-01-06,2014-12-31,24,candidate
outer,2016,2016-01-01,1,1836,131,calendar_eligible,2003-06-01,2015-07-01,2558,716,5,1,506,2009-05-06,2011-04-14,2015-07-01,2016-01-01,132,0,0,1,131,2015-07-01,2015-12-31,6,candidate
outer,2016,2016-01-01,5,1812,127,calendar_eligible,2003-06-01,2015-07-01,2558,716,25,5,502,2009-05-06,2011-04-14,2015-07-01,2016-01-01,132,0,0,5,127,2015-07-01,2015-12-31,6,candidate
outer,2016,2016-01-01,1,1707,260,calendar_eligible,2003-06-01,2015-01-01,2429,716,5,1,506,2009-05-06,2011-04-14,2015-01-01,2016-01-01,261,0,0,1,260,2015-01-01,2015-12-31,12,candidate
outer,2016,2016-01-01,5,1683,256,calendar_eligible,2003-06-01,2015-01-01,2429,716,25,5,502,2009-05-06,2011-04-14,2015-01-01,2016-01-01,261,0,0,5,256,2015-01-01,2015-12-31,12,candidate
outer,2016,2016-01-01,1,1575,392,calendar_eligible,2003-06-01,2014-07-01,2297,716,5,1,506,2009-05-06,2011-04-14,2014-07-01,2016-01-01,393,0,0,1,392,2014-07-01,2015-12-31,18,candidate
outer,2016,2016-01-01,5,1551,388,calendar_eligible,2003-06-01,2014-07-01,2297,716,25,5,502,2009-05-06,2011-04-14,2014-07-01,2016-01-01,393,0,0,5,388,2014-07-01,2015-12-31,18,candidate
outer,2016,2016-01-01,1,1450,518,calendar_eligible,2003-06-01,2014-01-01,2168,713,5,0,506,2009-05-06,2011-04-14,2014-01-01,2016-01-01,522,3,0,1,518,2014-01-06,2015-12-31,24,candidate
outer,2016,2016-01-01,5,1430,514,calendar_eligible,2003-06-01,2014-01-01,2168,713,25,0,502,2009-05-06,2011-04-14,2014-01-01,2016-01-01,522,3,0,5,514,2014-01-06,2015-12-31,24,candidate
outer,2017,2017-01-01,1,2098,130,calendar_eligible,2003-06-01,2016-07-01,2820,716,5,1,648,2014-01-06,2016-06-30,2016-07-01,2017-01-01,131,0,0,1,130,2016-07-01,2016-12-30,6,candidate
outer,2017,2017-01-01,5,2074,126,calendar_eligible,2003-06-01,2016-07-01,2820,716,25,5,644,2014-01-06,2016-06-30,2016-07-01,2017-01-01,131,0,0,5,126,2016-07-01,2016-12-30,6,candidate
outer,2017,2017-01-01,1,1968,260,calendar_eligible,2003-06-01,2016-01-01,2690,716,5,1,518,2014-01-06,2015-12-31,2016-01-01,2017-01-01,261,0,0,1,260,2016-01-01,2016-12-30,12,candidate
outer,2017,2017-01-01,5,1944,256,calendar_eligible,2003-06-01,2016-01-01,2690,716,25,5,514,2014-01-06,2015-12-31,2016-01-01,2017-01-01,261,0,0,5,256,2016-01-01,2016-12-30,12,candidate
outer,2017,2017-01-01,1,1836,392,calendar_eligible,2003-06-01,2015-07-01,2558,716,5,1,506,2009-05-06,2011-04-14,2015-07-01,2017-01-01,393,0,0,1,392,2015-07-01,2016-12-30,18,candidate
outer,2017,2017-01-01,5,1812,388,calendar_eligible,2003-06-01,2015-07-01,2558,716,25,5,502,2009-05-06,2011-04-14,2015-07-01,2017-01-01,393,0,0,5,388,2015-07-01,2016-12-30,18,candidate
outer,2017,2017-01-01,1,1707,521,calendar_eligible,2003-06-01,2015-01-01,2429,716,5,1,506,2009-05-06,2011-04-14,2015-01-01,2017-01-01,522,0,0,1,521,2015-01-01,2016-12-30,24,candidate
outer,2017,2017-01-01,5,1683,517,calendar_eligible,2003-06-01,2015-01-01,2429,716,25,5,502,2009-05-06,2011-04-14,2015-01-01,2017-01-01,522,0,0,5,517,2015-01-01,2016-12-30,24,candidate
outer,2018,2018-01-01,1,2359,32,blocked_input,2003-06-01,2017-07-01,3081,716,5,1,909,2014-01-06,2017-06-30,2017-07-01,2018-01-01,128,94,2,0,27,2017-10-09,2017-11-15,6,candidate
outer,2018,2018-01-01,5,2335,24,blocked_input,2003-06-01,2017-07-01,3081,716,25,5,905,2014-01-06,2017-06-30,2017-07-01,2018-01-01,128,94,10,0,23,2017-10-09,2017-11-15,6,candidate
outer,2018,2018-01-01,1,2229,162,calendar_eligible,2003-06-01,2017-01-01,2951,716,5,1,779,2014-01-06,2016-12-30,2017-01-01,2018-01-01,258,94,2,0,135,2017-01-02,2017-07-10,12,candidate
outer,2018,2018-01-01,5,2205,154,calendar_eligible,2003-06-01,2017-01-01,2951,716,25,5,775,2014-01-06,2016-12-30,2017-01-01,2018-01-01,258,94,10,0,131,2017-01-02,2017-07-10,12,candidate
outer,2018,2018-01-01,1,2098,293,calendar_eligible,2003-06-01,2016-07-01,2820,716,5,1,648,2014-01-06,2016-06-30,2016-07-01,2018-01-01,389,94,2,0,266,2016-07-01,2017-07-10,18,candidate
outer,2018,2018-01-01,5,2074,285,calendar_eligible,2003-06-01,2016-07-01,2820,716,25,5,644,2014-01-06,2016-06-30,2016-07-01,2018-01-01,389,94,10,0,262,2016-07-01,2017-07-10,18,candidate
outer,2018,2018-01-01,1,1968,423,calendar_eligible,2003-06-01,2016-01-01,2690,716,5,1,518,2014-01-06,2015-12-31,2016-01-01,2018-01-01,519,94,2,0,396,2016-01-01,2017-07-10,24,candidate
outer,2018,2018-01-01,5,1944,415,calendar_eligible,2003-06-01,2016-01-01,2690,716,25,5,514,2014-01-06,2015-12-31,2016-01-01,2018-01-01,519,94,10,0,392,2016-01-01,2017-07-10,24,candidate
outer,2019,2019-01-01,1,2489,130,calendar_eligible,2003-06-01,2018-07-01,3339,842,7,1,915,2014-01-06,2017-07-10,2018-07-01,2019-01-01,131,0,0,1,130,2018-07-02,2018-12-31,6,candidate
outer,2019,2019-01-01,5,2457,126,calendar_eligible,2003-06-01,2018-07-01,3339,842,35,5,911,2014-01-06,2017-07-10,2018-07-01,2019-01-01,131,0,0,5,126,2018-07-02,2018-12-31,6,candidate
outer,2019,2019-01-01,1,2392,228,calendar_eligible,2003-06-01,2018-01-01,3209,810,7,0,915,2014-01-06,2017-07-10,2018-01-01,2019-01-01,261,32,0,1,228,2018-02-14,2018-12-31,12,candidate
outer,2019,2019-01-01,5,2364,224,calendar_eligible,2003-06-01,2018-01-01,3209,810,35,0,911,2014-01-06,2017-07-10,2018-01-01,2019-01-01,261,32,0,5,224,2018-02-14,2018-12-31,12,candidate
outer,2019,2019-01-01,1,2359,260,calendar_eligible,2003-06-01,2017-07-01,3081,716,5,1,909,2014-01-06,2017-06-30,2017-07-01,2019-01-01,389,126,2,1,228,2018-02-14,2018-12-31,18,candidate
outer,2019,2019-01-01,5,2335,248,calendar_eligible,2003-06-01,2017-07-01,3081,716,25,5,905,2014-01-06,2017-06-30,2017-07-01,2019-01-01,389,126,10,5,224,2018-02-14,2018-12-31,18,candidate
outer,2019,2019-01-01,1,2229,390,calendar_eligible,2003-06-01,2017-01-01,2951,716,5,1,779,2014-01-06,2016-12-30,2017-01-01,2019-01-01,519,126,2,1,228,2018-02-14,2018-12-31,24,candidate
outer,2019,2019-01-01,5,2205,378,calendar_eligible,2003-06-01,2017-01-01,2951,716,25,5,775,2014-01-06,2016-12-30,2017-01-01,2019-01-01,519,126,10,5,224,2018-02-14,2018-12-31,24,candidate
outer,2020,2020-01-01,1,2721,95,calendar_eligible,2003-06-01,2019-07-01,3598,869,8,0,915,2014-01-06,2017-07-10,2019-07-01,2020-01-01,132,36,0,1,95,2019-08-20,2019-12-31,6,candidate
outer,2020,2020-01-01,5,2689,91,calendar_eligible,2003-06-01,2019-07-01,3598,869,40,0,911,2014-01-06,2017-07-10,2019-07-01,2020-01-01,132,36,0,5,91,2019-08-20,2019-12-31,6,candidate
outer,2020,2020-01-01,1,2620,195,calendar_eligible,2003-06-01,2019-01-01,3470,842,7,1,915,2014-01-06,2017-07-10,2019-01-01,2020-01-01,260,63,1,1,100,2019-01-01,2019-05-21,12,candidate
outer,2020,2020-01-01,5,2588,187,calendar_eligible,2003-06-01,2019-01-01,3470,842,35,5,911,2014-01-06,2017-07-10,2019-01-01,2020-01-01,260,63,5,5,96,2019-01-01,2019-05-21,12,candidate
outer,2020,2020-01-01,1,2489,326,calendar_eligible,2003-06-01,2018-07-01,3339,842,7,1,915,2014-01-06,2017-07-10,2018-07-01,2020-01-01,391,63,1,1,231,2018-07-02,2019-05-21,18,candidate
outer,2020,2020-01-01,5,2457,318,calendar_eligible,2003-06-01,2018-07-01,3339,842,35,5,911,2014-01-06,2017-07-10,2018-07-01,2020-01-01,391,63,5,5,227,2018-07-02,2019-05-21,18,candidate
outer,2020,2020-01-01,1,2392,424,calendar_eligible,2003-06-01,2018-01-01,3209,810,7,0,915,2014-01-06,2017-07-10,2018-01-01,2020-01-01,521,95,1,1,329,2018-02-14,2019-05-21,24,candidate
outer,2020,2020-01-01,5,2364,416,calendar_eligible,2003-06-01,2018-01-01,3209,810,35,0,911,2014-01-06,2017-07-10,2018-01-01,2020-01-01,521,95,5,5,325,2018-02-14,2019-05-21,24,candidate
outer,2021,2021-01-01,1,2946,131,calendar_eligible,2003-06-01,2020-07-01,3860,905,8,1,915,2014-01-06,2017-07-10,2020-07-01,2021-01-01,132,0,0,1,131,2020-07-01,2020-12-31,6,candidate
outer,2021,2021-01-01,5,2910,127,calendar_eligible,2003-06-01,2020-07-01,3860,905,40,5,911,2014-01-06,2017-07-10,2020-07-01,2021-01-01,132,0,0,5,127,2020-07-01,2020-12-31,6,candidate
outer,2021,2021-01-01,1,2816,261,calendar_eligible,2003-06-01,2020-01-01,3730,905,8,1,915,2014-01-06,2017-07-10,2020-01-01,2021-01-01,262,0,0,1,261,2020-01-01,2020-12-31,12,candidate
outer,2021,2021-01-01,5,2780,257,calendar_eligible,2003-06-01,2020-01-01,3730,905,40,5,911,2014-01-06,2017-07-10,2020-01-01,2021-01-01,262,0,0,5,257,2020-01-01,2020-12-31,12,candidate
outer,2021,2021-01-01,1,2721,357,calendar_eligible,2003-06-01,2019-07-01,3598,869,8,0,915,2014-01-06,2017-07-10,2019-07-01,2021-01-01,394,36,0,1,357,2019-08-20,2020-12-31,18,candidate
outer,2021,2021-01-01,5,2689,353,calendar_eligible,2003-06-01,2019-07-01,3598,869,40,0,911,2014-01-06,2017-07-10,2019-07-01,2021-01-01,394,36,0,5,353,2019-08-20,2020-12-31,18,candidate
outer,2021,2021-01-01,1,2620,457,calendar_eligible,2003-06-01,2019-01-01,3470,842,7,1,915,2014-01-06,2017-07-10,2019-01-01,2021-01-01,522,63,1,1,357,2019-08-20,2020-12-31,24,candidate
outer,2021,2021-01-01,5,2588,449,calendar_eligible,2003-06-01,2019-01-01,3470,842,35,5,911,2014-01-06,2017-07-10,2019-01-01,2021-01-01,522,63,5,5,353,2019-08-20,2020-12-31,24,candidate
outer,2022,2022-01-01,1,3207,131,calendar_eligible,2003-06-01,2021-07-01,4121,905,8,1,915,2014-01-06,2017-07-10,2021-07-01,2022-01-01,132,0,0,1,131,2021-07-01,2021-12-31,6,candidate
outer,2022,2022-01-01,5,3171,127,calendar_eligible,2003-06-01,2021-07-01,4121,905,40,5,911,2014-01-06,2017-07-10,2021-07-01,2022-01-01,132,0,0,5,127,2021-07-01,2021-12-31,6,candidate
outer,2022,2022-01-01,1,3078,260,calendar_eligible,2003-06-01,2021-01-01,3992,905,8,1,915,2014-01-06,2017-07-10,2021-01-01,2022-01-01,261,0,0,1,260,2021-01-01,2021-12-31,12,candidate
outer,2022,2022-01-01,5,3042,256,calendar_eligible,2003-06-01,2021-01-01,3992,905,40,5,911,2014-01-06,2017-07-10,2021-01-01,2022-01-01,261,0,0,5,256,2021-01-01,2021-12-31,12,candidate
outer,2022,2022-01-01,1,2946,392,calendar_eligible,2003-06-01,2020-07-01,3860,905,8,1,915,2014-01-06,2017-07-10,2020-07-01,2022-01-01,393,0,0,1,392,2020-07-01,2021-12-31,18,candidate
outer,2022,2022-01-01,5,2910,388,calendar_eligible,2003-06-01,2020-07-01,3860,905,40,5,911,2014-01-06,2017-07-10,2020-07-01,2022-01-01,393,0,0,5,388,2020-07-01,2021-12-31,18,candidate
outer,2022,2022-01-01,1,2816,522,calendar_eligible,2003-06-01,2020-01-01,3730,905,8,1,915,2014-01-06,2017-07-10,2020-01-01,2022-01-01,523,0,0,1,522,2020-01-01,2021-12-31,24,candidate
outer,2022,2022-01-01,5,2780,518,calendar_eligible,2003-06-01,2020-01-01,3730,905,40,5,911,2014-01-06,2017-07-10,2020-01-01,2022-01-01,523,0,0,5,518,2020-01-01,2021-12-31,24,candidate
outer,2023,2023-01-01,1,3468,130,calendar_eligible,2003-06-01,2022-07-01,4382,905,8,1,915,2014-01-06,2017-07-10,2022-07-01,2023-01-01,131,0,0,1,130,2022-07-01,2022-12-30,6,candidate
outer,2023,2023-01-01,5,3432,126,calendar_eligible,2003-06-01,2022-07-01,4382,905,40,5,911,2014-01-06,2017-07-10,2022-07-01,2023-01-01,131,0,0,5,126,2022-07-01,2022-12-30,6,candidate
outer,2023,2023-01-01,1,3339,259,calendar_eligible,2003-06-01,2022-01-01,4253,905,8,1,915,2014-01-06,2017-07-10,2022-01-01,2023-01-01,260,0,0,1,259,2022-01-03,2022-12-30,12,candidate
outer,2023,2023-01-01,5,3303,255,calendar_eligible,2003-06-01,2022-01-01,4253,905,40,5,911,2014-01-06,2017-07-10,2022-01-01,2023-01-01,260,0,0,5,255,2022-01-03,2022-12-30,12,candidate
outer,2023,2023-01-01,1,3207,391,calendar_eligible,2003-06-01,2021-07-01,4121,905,8,1,915,2014-01-06,2017-07-10,2021-07-01,2023-01-01,392,0,0,1,391,2021-07-01,2022-12-30,18,candidate
outer,2023,2023-01-01,5,3171,387,calendar_eligible,2003-06-01,2021-07-01,4121,905,40,5,911,2014-01-06,2017-07-10,2021-07-01,2023-01-01,392,0,0,5,387,2021-07-01,2022-12-30,18,candidate
outer,2023,2023-01-01,1,3078,520,calendar_eligible,2003-06-01,2021-01-01,3992,905,8,1,915,2014-01-06,2017-07-10,2021-01-01,2023-01-01,521,0,0,1,520,2021-01-01,2022-12-30,24,candidate
outer,2023,2023-01-01,5,3042,516,calendar_eligible,2003-06-01,2021-01-01,3992,905,40,5,911,2014-01-06,2017-07-10,2021-01-01,2023-01-01,521,0,0,5,516,2021-01-01,2022-12-30,24,candidate
outer,2024,2024-01-01,1,3729,129,calendar_eligible,2003-06-01,2023-07-01,4643,905,8,1,1008,2019-08-20,2023-06-30,2023-07-01,2024-01-01,130,0,0,1,129,2023-07-03,2023-12-29,6,candidate
outer,2024,2024-01-01,5,3693,125,calendar_eligible,2003-06-01,2023-07-01,4643,905,40,5,1004,2019-08-20,2023-06-30,2023-07-01,2024-01-01,130,0,0,5,125,2023-07-03,2023-12-29,6,candidate
outer,2024,2024-01-01,1,3599,259,calendar_eligible,2003-06-01,2023-01-01,4513,905,8,1,915,2014-01-06,2017-07-10,2023-01-01,2024-01-01,260,0,0,1,259,2023-01-02,2023-12-29,12,candidate
outer,2024,2024-01-01,5,3563,255,calendar_eligible,2003-06-01,2023-01-01,4513,905,40,5,911,2014-01-06,2017-07-10,2023-01-01,2024-01-01,260,0,0,5,255,2023-01-02,2023-12-29,12,candidate
outer,2024,2024-01-01,1,3468,390,calendar_eligible,2003-06-01,2022-07-01,4382,905,8,1,915,2014-01-06,2017-07-10,2022-07-01,2024-01-01,391,0,0,1,390,2022-07-01,2023-12-29,18,candidate
outer,2024,2024-01-01,5,3432,386,calendar_eligible,2003-06-01,2022-07-01,4382,905,40,5,911,2014-01-06,2017-07-10,2022-07-01,2024-01-01,391,0,0,5,386,2022-07-01,2023-12-29,18,candidate
outer,2024,2024-01-01,1,3339,519,calendar_eligible,2003-06-01,2022-01-01,4253,905,8,1,915,2014-01-06,2017-07-10,2022-01-01,2024-01-01,520,0,0,1,519,2022-01-03,2023-12-29,24,candidate
outer,2024,2024-01-01,5,3303,515,calendar_eligible,2003-06-01,2022-01-01,4253,905,40,5,911,2014-01-06,2017-07-10,2022-01-01,2024-01-01,520,0,0,5,515,2022-01-03,2023-12-29,24,candidate
outer,2025,2025-01-01,1,3989,131,calendar_eligible,2003-06-01,2024-07-01,4903,905,8,1,1268,2019-08-20,2024-06-28,2024-07-01,2025-01-01,132,0,1,0,131,2024-07-01,2024-12-31,6,candidate
outer,2025,2025-01-01,5,3953,127,calendar_eligible,2003-06-01,2024-07-01,4903,905,40,5,1264,2019-08-20,2024-06-28,2024-07-01,2025-01-01,132,0,5,0,127,2024-07-01,2024-12-31,6,candidate
outer,2025,2025-01-01,1,3859,261,calendar_eligible,2003-06-01,2024-01-01,4773,905,8,1,1138,2019-08-20,2023-12-29,2024-01-01,2025-01-01,262,0,1,0,261,2024-01-01,2024-12-31,12,candidate
outer,2025,2025-01-01,5,3823,257,calendar_eligible,2003-06-01,2024-01-01,4773,905,40,5,1134,2019-08-20,2023-12-29,2024-01-01,2025-01-01,262,0,5,0,257,2024-01-01,2024-12-31,12,candidate
outer,2025,2025-01-01,1,3729,391,calendar_eligible,2003-06-01,2023-07-01,4643,905,8,1,1008,2019-08-20,2023-06-30,2023-07-01,2025-01-01,392,0,1,0,391,2023-07-03,2024-12-31,18,candidate
outer,2025,2025-01-01,5,3693,387,calendar_eligible,2003-06-01,2023-07-01,4643,905,40,5,1004,2019-08-20,2023-06-30,2023-07-01,2025-01-01,392,0,5,0,387,2023-07-03,2024-12-31,18,candidate
outer,2025,2025-01-01,1,3599,521,calendar_eligible,2003-06-01,2023-01-01,4513,905,8,1,915,2014-01-06,2017-07-10,2023-01-01,2025-01-01,522,0,1,0,521,2023-01-02,2024-12-31,24,candidate
outer,2025,2025-01-01,5,3563,517,calendar_eligible,2003-06-01,2023-01-01,4513,905,40,5,911,2014-01-06,2017-07-10,2023-01-01,2025-01-01,522,0,5,0,517,2023-01-02,2024-12-31,24,candidate
