fold,condition,train_start,train_end,data_path,data_sha256,symbols,bars,years,usable_transitions,candidate_episode_starts,requested_steps,actual_steps,rollouts,episode_equivalents,optimizer_minibatch_steps,sample_presentations,transition_reuse,candidate_start_reuse,ess_max_lag,return_ess_min,return_ess_median,return_ess_max,absolute_return_ess_median,squared_return_ess_median,mom24_ess_median,xr_mom24_ess_median,carry_available,carry_update_events,carry_updated_values,effective_rank,effective_independent_samples
/home/tsuyoshi/workspace/projects/forex-trainer/configs/wf_r16_long_full/wf2009_r16_longf.yaml,expanding,2003-06-01,2008-07-01,/home/tsuyoshi/workspace/projects/forex-trainer/data/jpy_9pairs_1d_2003_carry.parquet,723db7c935dcc27c147007728358d098243eae96998eae146db4c7df02bd081e,9,760,2.948665297741273,696,569,300000,303104,37,2368.0,2960,3031040,435.4942528735632,4.161687170474517,252,738.0976517357559,759.0,759.0,39.19952134255696,103.40833417465997,41.15894305834801,40.277311322076415,True,44,313,1.8379135769243011,1394.9764048855445
/home/tsuyoshi/workspace/projects/forex-trainer/configs/wf_r16_long_full/wf2010_r16_longf.yaml,expanding,2003-06-01,2009-07-01,/home/tsuyoshi/workspace/projects/forex-trainer/data/jpy_9pairs_1d_2003_carry.parquet,723db7c935dcc27c147007728358d098243eae96998eae146db4c7df02bd081e,9,998,3.9507186858316223,934,807,300000,303104,37,2368.0,2960,3031040,324.52248394004283,2.9343246592317223,252,997.0,997.0,997.0,20.179016673857372,48.05418083832421,24.080281422405726,53.45680544211724,True,62,425,1.5887833750324232,1584.017024907326
/home/tsuyoshi/workspace/projects/forex-trainer/configs/wf_r16_long_full/wf2011_r16_longf.yaml,expanding,2003-06-01,2010-07-01,/home/tsuyoshi/workspace/projects/forex-trainer/data/jpy_9pairs_1d_2003_carry.parquet,723db7c935dcc27c147007728358d098243eae96998eae146db4c7df02bd081e,9,1259,4.950034223134839,1195,1068,300000,303104,37,2368.0,2960,3031040,253.64351464435146,2.2172284644194757,252,1258.0,1258.0,1258.0,28.557114603938057,67.32839163893891,34.54493396513867,65.67074903668775,True,74,531,1.5562635255623587,1957.7795151574473
/home/tsuyoshi/workspace/projects/forex-trainer/configs/wf_r16_long_full/wf2012_r16_longf.yaml,expanding,2003-06-01,2011-07-01,/home/tsuyoshi/workspace/projects/forex-trainer/data/jpy_9pairs_1d_2003_carry.parquet,723db7c935dcc27c147007728358d098243eae96998eae146db4c7df02bd081e,9,1519,5.949349760438056,1455,1328,300000,303104,37,2368.0,2960,3031040,208.3189003436426,1.783132530120482,252,1518.0,1518.0,1518.0,37.090593648885864,83.39654181672746,43.357361274483665,78.72967546692955,True,87,630,1.587823318501312,2410.3157974849914
/home/tsuyoshi/workspace/projects/forex-trainer/configs/wf_r16_long_full/wf2013_r16_longf.yaml,expanding,2003-06-01,2012-07-01,/home/tsuyoshi/workspace/projects/forex-trainer/data/jpy_9pairs_1d_2003_carry.parquet,723db7c935dcc27c147007728358d098243eae96998eae146db4c7df02bd081e,9,1779,6.945927446954141,1715,1588,300000,303104,37,2368.0,2960,3031040,176.73702623906706,1.491183879093199,252,1778.0,1778.0,1778.0,43.75186148401536,90.03346219800098,53.9861916843247,95.84805172556756,True,101,720,1.6326223699321787,2902.8025737394137
/home/tsuyoshi/workspace/projects/forex-trainer/configs/wf_r16_long_full/wf2014_r16_longf.yaml,expanding,2003-06-01,2013-07-01,/home/tsuyoshi/workspace/projects/forex-trainer/data/jpy_9pairs_1d_2003_carry.parquet,723db7c935dcc27c147007728358d098243eae96998eae146db4c7df02bd081e,9,2038,7.950718685831622,1974,1847,300000,303104,37,2368.0,2960,3031040,153.54812563323202,1.282079047103411,252,2037.0,2037.0,2037.0,53.300739378082504,98.08018483469779,59.006878755773094,103.74346901820499,True,115,832,1.6151346467204264,3290.0292753695085
/home/tsuyoshi/workspace/projects/forex-trainer/configs/wf_r16_long_full/wf2015_r16_longf.yaml,expanding,2003-06-01,2014-07-01,/home/tsuyoshi/workspace/projects/forex-trainer/data/jpy_9pairs_1d_2003_carry.parquet,723db7c935dcc27c147007728358d098243eae96998eae146db4c7df02bd081e,9,2298,8.950034223134839,2234,2107,300000,303104,37,2368.0,2960,3031040,135.67770814682186,1.123872804935928,252,2297.0,2297.0,2297.0,58.185701162472,98.95462517857132,66.63919752840526,117.02239151527017,True,127,927,1.6330704125018563,3751.1627375167636
/home/tsuyoshi/workspace/projects/forex-trainer/configs/wf_r16_long_full/wf2016_r16_longf.yaml,expanding,2003-06-01,2015-07-01,/home/tsuyoshi/workspace/projects/forex-trainer/data/jpy_9pairs_1d_2003_carry.parquet,723db7c935dcc27c147007728358d098243eae96998eae146db4c7df02bd081e,9,2559,9.949349760438055,2495,2368,300000,303104,37,2368.0,2960,3031040,121.48456913827656,1.0,252,2558.0,2558.0,2558.0,60.08160795115697,101.17541445239426,79.3112406360541,128.6955751411045,True,141,1028,1.7103359493480408,4375.039358432288
/home/tsuyoshi/workspace/projects/forex-trainer/configs/wf_r16_long_full/wf2017_r16_longf.yaml,expanding,2003-06-01,2016-07-01,/home/tsuyoshi/workspace/projects/forex-trainer/data/jpy_9pairs_1d_2003_carry.parquet,723db7c935dcc27c147007728358d098243eae96998eae146db4c7df02bd081e,9,2821,10.951403148528405,2757,2630,300000,303104,37,2368.0,2960,3031040,109.93978962640551,0.9003802281368821,252,2820.0,2820.0,2820.0,68.94940495956082,116.21511793036916,88.27213014092985,139.71086820473127,True,155,1121,1.72635139751925,4868.310941004284
/home/tsuyoshi/workspace/projects/forex-trainer/configs/wf_r16_long_full/wf2018_r16_longf.yaml,expanding,2003-06-01,2017-07-01,/home/tsuyoshi/workspace/projects/forex-trainer/data/jpy_9pairs_1d_2003_carry.parquet,723db7c935dcc27c147007728358d098243eae96998eae146db4c7df02bd081e,9,3081,11.94798083504449,3017,2890,300000,303104,37,2368.0,2960,3031040,100.46536294332118,0.8193771626297578,252,3080.0,3080.0,3080.0,77.54837782191107,123.26281691429817,98.06822398439152,153.88383367355948,True,167,1213,1.7353050057225998,5344.7394176256075
/home/tsuyoshi/workspace/projects/forex-trainer/configs/wf_r16_long_full/wf2019_r16_longf.yaml,2y,2016-07-01,2018-07-01,/home/tsuyoshi/workspace/projects/forex-trainer/data/jpy_9pairs_1d_2003_carry.parquet,723db7c935dcc27c147007728358d098243eae96998eae146db4c7df02bd081e,9,519,1.9931553730321698,455,328,300000,303104,37,2368.0,2960,3031040,666.1626373626374,7.219512195121951,252,395.33862046752114,518.0,518.0,229.71129780935686,221.33686345737632,21.51376764219528,25.579197332138673,True,23,182,1.9518169013730977,1011.0411549112646
/home/tsuyoshi/workspace/projects/forex-trainer/configs/wf_r16_long_full/wf2019_r16_longf.yaml,4y,2014-07-01,2018-07-01,/home/tsuyoshi/workspace/projects/forex-trainer/data/jpy_9pairs_1d_2003_carry.parquet,723db7c935dcc27c147007728358d098243eae96998eae146db4c7df02bd081e,9,1042,3.994524298425736,978,851,300000,303104,37,2368.0,2960,3031040,309.92229038854805,2.782608695652174,252,768.0374376755618,1041.0,1041.0,111.74485451792088,369.0903965740026,46.109752595855795,47.444080729158955,True,51,376,2.2815145765340206,2375.0566741719153
/home/tsuyoshi/workspace/projects/forex-trainer/configs/wf_r16_long_full/wf2019_r16_longf.yaml,8y,2010-07-01,2018-07-01,/home/tsuyoshi/workspace/projects/forex-trainer/data/jpy_9pairs_1d_2003_carry.parquet,723db7c935dcc27c147007728358d098243eae96998eae146db4c7df02bd081e,9,2081,7.994524298425736,2017,1890,300000,303104,37,2368.0,2960,3031040,150.27466534457113,1.252910052910053,252,2007.7612781148712,2080.0,2080.0,177.90061112677685,312.0686262991457,88.96534495661841,96.63906861774146,True,104,772,1.9949087810425816,4149.41026456857
/home/tsuyoshi/workspace/projects/forex-trainer/configs/wf_r16_long_full/wf2019_r16_longf.yaml,expanding,2003-06-01,2018-07-01,/home/tsuyoshi/workspace/projects/forex-trainer/data/jpy_9pairs_1d_2003_carry.parquet,723db7c935dcc27c147007728358d098243eae96998eae146db4c7df02bd081e,9,3339,12.944558521560575,3275,3148,300000,303104,37,2368.0,2960,3031040,92.55083969465649,0.7522236340533672,252,3338.0,3338.0,3338.0,78.01179248447902,125.63687687173267,105.07495501135321,165.2357405391883,True,178,1303,1.74675260108084,5830.660182407844
/home/tsuyoshi/workspace/projects/forex-trainer/configs/wf_r16_long_full/wf2020_r16_longf.yaml,2y,2017-07-01,2019-07-01,/home/tsuyoshi/workspace/projects/forex-trainer/data/jpy_9pairs_1d_2003_carry.parquet,723db7c935dcc27c147007728358d098243eae96998eae146db4c7df02bd081e,9,518,1.9931553730321698,454,327,300000,303104,37,2368.0,2960,3031040,667.6299559471365,7.241590214067278,252,498.36123268939906,517.0,517.0,339.8985062151045,384.6732991912005,27.233827758947136,26.560656183339752,True,24,192,2.0661680933320175,1068.208904252653
/home/tsuyoshi/workspace/projects/forex-trainer/configs/wf_r16_long_full/wf2020_r16_longf.yaml,4y,2015-07-01,2019-07-01,/home/tsuyoshi/workspace/projects/forex-trainer/data/jpy_9pairs_1d_2003_carry.parquet,723db7c935dcc27c147007728358d098243eae96998eae146db4c7df02bd081e,9,1041,4.0,977,850,300000,303104,37,2368.0,2960,3031040,310.23950870010236,2.7858823529411763,252,899.314515711842,1040.0,1040.0,99.82999841774009,331.42449391358065,49.23278637861943,51.46259523071201,True,50,377,1.9279416392287743,2005.0593047979253
/home/tsuyoshi/workspace/projects/forex-trainer/configs/wf_r16_long_full/wf2020_r16_longf.yaml,8y,2011-07-01,2019-07-01,/home/tsuyoshi/workspace/projects/forex-trainer/data/jpy_9pairs_1d_2003_carry.parquet,723db7c935dcc27c147007728358d098243eae96998eae146db4c7df02bd081e,9,2081,8.0,2017,1890,300000,303104,37,2368.0,2960,3031040,150.27466534457113,1.252910052910053,252,1836.686184310781,2080.0,2080.0,171.6748126387267,295.9737364255561,87.4590134935418,100.30657520705343,True,104,775,2.023263711526312,4208.388519974729
/home/tsuyoshi/workspace/projects/forex-trainer/configs/wf_r16_long_full/wf2020_r16_longf.yaml,expanding,2003-06-01,2019-07-01,/home/tsuyoshi/workspace/projects/forex-trainer/data/jpy_9pairs_1d_2003_carry.parquet,723db7c935dcc27c147007728358d098243eae96998eae146db4c7df02bd081e,9,3599,13.949349760438055,3535,3408,300000,303104,37,2368.0,2960,3031040,85.74370579915134,0.6948356807511737,252,3598.0,3598.0,3598.0,78.45381676851663,131.7944561308422,114.80387681595012,178.64423928279888,True,191,1405,1.7538752316066557,6310.443083320747
/home/tsuyoshi/workspace/projects/forex-trainer/configs/wf_r16_long_full/wf2021_r16_longf.yaml,2y,2018-07-01,2020-07-01,/home/tsuyoshi/workspace/projects/forex-trainer/data/jpy_9pairs_1d_2003_carry.parquet,723db7c935dcc27c147007728358d098243eae96998eae146db4c7df02bd081e,9,522,1.998631074606434,458,331,300000,303104,37,2368.0,2960,3031040,661.7991266375545,7.1540785498489425,252,422.02642476260644,480.5047735151669,521.0,86.8985697296957,100.11134617902987,24.603425266056004,27.407288880644554,True,25,193,1.978733373828996,950.7908316386039
/home/tsuyoshi/workspace/projects/forex-trainer/configs/wf_r16_long_full/wf2021_r16_longf.yaml,4y,2016-07-01,2020-07-01,/home/tsuyoshi/workspace/projects/forex-trainer/data/jpy_9pairs_1d_2003_carry.parquet,723db7c935dcc27c147007728358d098243eae96998eae146db4c7df02bd081e,9,1041,4.0,977,850,300000,303104,37,2368.0,2960,3031040,310.23950870010236,2.7858823529411763,252,825.8459013230603,1040.0,1040.0,255.17823761958016,244.84893980131537,46.408352932499355,52.24863958966047,True,49,384,1.9818429048603647,2061.1166210547794
/home/tsuyoshi/workspace/projects/forex-trainer/configs/wf_r16_long_full/wf2021_r16_longf.yaml,8y,2012-07-01,2020-07-01,/home/tsuyoshi/workspace/projects/forex-trainer/data/jpy_9pairs_1d_2003_carry.parquet,723db7c935dcc27c147007728358d098243eae96998eae146db4c7df02bd081e,9,2082,7.997262149212868,2018,1891,300000,303104,37,2368.0,2960,3031040,150.2001982160555,1.2522474881015335,252,1825.6563604737535,2081.0,2081.0,177.0692057749904,268.9370176268096,87.87138587663577,101.30641477588726,True,102,778,2.0503765249080734,4266.8335483337005
/home/tsuyoshi/workspace/projects/forex-trainer/configs/wf_r16_long_full/wf2021_r16_longf.yaml,expanding,2003-06-01,2020-07-01,/home/tsuyoshi/workspace/projects/forex-trainer/data/jpy_9pairs_1d_2003_carry.parquet,723db7c935dcc27c147007728358d098243eae96998eae146db4c7df02bd081e,9,3861,14.951403148528405,3797,3670,300000,303104,37,2368.0,2960,3031040,79.82723202528312,0.6452316076294278,252,3860.0,3860.0,3860.0,89.2447635546951,143.07820524265986,128.97263356008972,192.39699620511132,True,204,1505,1.7665004712234988,6818.691818922705
/home/tsuyoshi/workspace/projects/forex-trainer/configs/wf_r16_long_full/wf2022_r16_longf.yaml,2y,2019-07-01,2021-07-01,/home/tsuyoshi/workspace/projects/forex-trainer/data/jpy_9pairs_1d_2003_carry.parquet,723db7c935dcc27c147007728358d098243eae96998eae146db4c7df02bd081e,9,524,2.001368925393566,460,333,300000,303104,37,2368.0,2960,3031040,658.9217391304347,7.111111111111111,252,406.399083042585,504.4249637761925,523.0,88.18563292394154,75.8146610963762,19.740014757320957,23.248458976018366,True,25,184,2.108587702107411,1063.6242752544556
/home/tsuyoshi/workspace/projects/forex-trainer/configs/wf_r16_long_full/wf2022_r16_longf.yaml,4y,2017-07-01,2021-07-01,/home/tsuyoshi/workspace/projects/forex-trainer/data/jpy_9pairs_1d_2003_carry.parquet,723db7c935dcc27c147007728358d098243eae96998eae146db4c7df02bd081e,9,1041,3.994524298425736,977,850,300000,303104,37,2368.0,2960,3031040,310.23950870010236,2.7858823529411763,252,892.9348639674174,1040.0,1040.0,230.0702687242024,219.30729600165805,47.877473436048696,51.29078208053551,True,49,376,2.1118413361483093,2196.3149895942415
/home/tsuyoshi/workspace/projects/forex-trainer/configs/wf_r16_long_full/wf2022_r16_longf.yaml,8y,2013-07-01,2021-07-01,/home/tsuyoshi/workspace/projects/forex-trainer/data/jpy_9pairs_1d_2003_carry.parquet,723db7c935dcc27c147007728358d098243eae96998eae146db4c7df02bd081e,9,2085,8.0,2021,1894,300000,303104,37,2368.0,2960,3031040,149.97723899059872,1.2502639915522704,252,1767.5665375263875,2084.0,2084.0,196.80474310199543,308.42486694781894,93.38185608243596,104.10070885132988,True,101,757,2.248657742398124,4686.202735157691
/home/tsuyoshi/workspace/projects/forex-trainer/configs/wf_r16_long_full/wf2022_r16_longf.yaml,expanding,2003-06-01,2021-07-01,/home/tsuyoshi/workspace/projects/forex-trainer/data/jpy_9pairs_1d_2003_carry.parquet,723db7c935dcc27c147007728358d098243eae96998eae146db4c7df02bd081e,9,4122,15.950718685831623,4058,3931,300000,303104,37,2368.0,2960,3031040,74.69295219319862,0.6023912490460442,252,4121.0,4121.0,4121.0,87.42282694803971,154.166594135938,137.52442706983317,203.96937013460985,True,216,1589,1.7794947573698474,7333.297895121141
/home/tsuyoshi/workspace/projects/forex-trainer/configs/wf_r16_long_full/wf2023_r16_longf.yaml,2y,2020-07-01,2022-07-01,/home/tsuyoshi/workspace/projects/forex-trainer/data/jpy_9pairs_1d_2003_carry.parquet,723db7c935dcc27c147007728358d098243eae96998eae146db4c7df02bd081e,9,523,1.998631074606434,459,332,300000,303104,37,2368.0,2960,3031040,660.3572984749455,7.132530120481928,252,429.20698726646964,473.7223727971433,522.0,85.65029382200565,78.20633812772374,25.08080817278499,27.131366858469956,True,24,173,2.038328596524042,965.6018592856401
/home/tsuyoshi/workspace/projects/forex-trainer/configs/wf_r16_long_full/wf2023_r16_longf.yaml,4y,2018-07-01,2022-07-01,/home/tsuyoshi/workspace/projects/forex-trainer/data/jpy_9pairs_1d_2003_carry.parquet,723db7c935dcc27c147007728358d098243eae96998eae146db4c7df02bd081e,9,1044,3.997262149212868,980,853,300000,303104,37,2368.0,2960,3031040,309.28979591836736,2.776084407971864,252,897.7281605745263,962.5865667141638,1043.0,138.63918254143292,156.76976846331553,46.439685676934715,51.57794852910947,True,49,366,2.0148367829690574,1939.4548214075958
/home/tsuyoshi/workspace/projects/forex-trainer/configs/wf_r16_long_full/wf2023_r16_longf.yaml,8y,2014-07-01,2022-07-01,/home/tsuyoshi/workspace/projects/forex-trainer/data/jpy_9pairs_1d_2003_carry.parquet,723db7c935dcc27c147007728358d098243eae96998eae146db4c7df02bd081e,9,2086,8.0,2022,1895,300000,303104,37,2368.0,2960,3031040,149.9030662710188,1.2496042216358838,252,1732.1092704673058,2085.0,2085.0,208.14279189881398,316.05050668902817,95.08089979977844,103.56240868208153,True,101,751,2.2033407931567726,4593.96555373187
/home/tsuyoshi/workspace/projects/forex-trainer/configs/wf_r16_long_full/wf2023_r16_longf.yaml,expanding,2003-06-01,2022-07-01,/home/tsuyoshi/workspace/projects/forex-trainer/data/jpy_9pairs_1d_2003_carry.parquet,723db7c935dcc27c147007728358d098243eae96998eae146db4c7df02bd081e,9,4383,16.95003422313484,4319,4192,300000,303104,37,2368.0,2960,3031040,70.17920815003473,0.5648854961832062,252,4382.0,4382.0,4382.0,90.39183870209024,163.5776612862782,148.3562125994812,217.82252880963713,True,228,1678,1.7821611238392807,7809.430044663728
/home/tsuyoshi/workspace/projects/forex-trainer/configs/wf_r16_long_full/wf2024_r16_longf.yaml,2y,2021-07-01,2023-07-01,/home/tsuyoshi/workspace/projects/forex-trainer/data/jpy_9pairs_1d_2003_carry.parquet,723db7c935dcc27c147007728358d098243eae96998eae146db4c7df02bd081e,9,522,1.995893223819302,458,331,300000,303104,37,2368.0,2960,3031040,661.7991266375545,7.1540785498489425,252,420.03478597011247,486.1788997901626,521.0,170.6386731278384,319.6854107471698,28.062534450157965,27.87558120040649,True,29,201,1.8534813640354844,901.1235303483415
/home/tsuyoshi/workspace/projects/forex-trainer/configs/wf_r16_long_full/wf2024_r16_longf.yaml,4y,2019-07-01,2023-07-01,/home/tsuyoshi/workspace/projects/forex-trainer/data/jpy_9pairs_1d_2003_carry.parquet,723db7c935dcc27c147007728358d098243eae96998eae146db4c7df02bd081e,9,1045,3.997262149212868,981,854,300000,303104,37,2368.0,2960,3031040,308.97451580020385,2.7728337236533958,252,872.4110472915444,981.246376246619,1044.0,109.97551128016684,141.62647322786137,48.01770732191581,50.845051504466866,True,54,385,1.971012589663391,1934.0489611436665
/home/tsuyoshi/workspace/projects/forex-trainer/configs/wf_r16_long_full/wf2024_r16_longf.yaml,8y,2015-07-01,2023-07-01,/home/tsuyoshi/workspace/projects/forex-trainer/data/jpy_9pairs_1d_2003_carry.parquet,723db7c935dcc27c147007728358d098243eae96998eae146db4c7df02bd081e,9,2085,7.997262149212868,2021,1894,300000,303104,37,2368.0,2960,3031040,149.97723899059872,1.2502639915522704,252,1830.0877941344754,2084.0,2084.0,210.00251903805875,270.11747631613696,96.00030569951515,105.80571507384353,True,104,762,1.9666824984201756,4098.566326707646
/home/tsuyoshi/workspace/projects/forex-trainer/configs/wf_r16_long_full/wf2024_r16_longf.yaml,expanding,2003-06-01,2023-07-01,/home/tsuyoshi/workspace/projects/forex-trainer/data/jpy_9pairs_1d_2003_carry.parquet,723db7c935dcc27c147007728358d098243eae96998eae146db4c7df02bd081e,9,4643,17.946611909650922,4579,4452,300000,303104,37,2368.0,2960,3031040,66.1943655820048,0.531895777178796,252,4605.761784068743,4642.0,4642.0,99.61850760993364,174.8999970334777,159.42222496193625,228.96930563871453,True,245,1790,1.788927285451088,8304.20045906395
/home/tsuyoshi/workspace/projects/forex-trainer/configs/wf_r16_long_full/wf2025_r16_longf.yaml,2y,2022-07-01,2024-07-01,/home/tsuyoshi/workspace/projects/forex-trainer/data/jpy_9pairs_1d_2003_carry.parquet,723db7c935dcc27c147007728358d098243eae96998eae146db4c7df02bd081e,9,522,2.001368925393566,458,331,300000,303104,37,2368.0,2960,3031040,661.7991266375545,7.1540785498489425,252,521.0,521.0,521.0,208.14070898343846,263.49555328235795,26.7279545994355,28.352497618000935,True,32,219,1.8889265060895057,984.1307096726325
/home/tsuyoshi/workspace/projects/forex-trainer/configs/wf_r16_long_full/wf2025_r16_longf.yaml,4y,2020-07-01,2024-07-01,/home/tsuyoshi/workspace/projects/forex-trainer/data/jpy_9pairs_1d_2003_carry.parquet,723db7c935dcc27c147007728358d098243eae96998eae146db4c7df02bd081e,9,1044,4.0,980,853,300000,303104,37,2368.0,2960,3031040,309.28979591836736,2.776084407971864,252,962.6760101688944,1043.0,1043.0,92.4794530224904,212.90785927252293,52.022064482916306,53.08512170772279,True,56,392,1.9573988492291265,2041.566999745979
/home/tsuyoshi/workspace/projects/forex-trainer/configs/wf_r16_long_full/wf2025_r16_longf.yaml,8y,2016-07-01,2024-07-01,/home/tsuyoshi/workspace/projects/forex-trainer/data/jpy_9pairs_1d_2003_carry.parquet,723db7c935dcc27c147007728358d098243eae96998eae146db4c7df02bd081e,9,2084,8.0,2020,1893,300000,303104,37,2368.0,2960,3031040,150.05148514851484,1.2509244585314316,252,1935.7355568482724,2083.0,2083.0,243.70846425663447,307.10168126504965,96.2183304239137,107.03023734245923,True,105,776,1.9835138170099655,4131.659280831758
/home/tsuyoshi/workspace/projects/forex-trainer/configs/wf_r16_long_full/wf2025_r16_longf.yaml,expanding,2003-06-01,2024-07-01,/home/tsuyoshi/workspace/projects/forex-trainer/data/jpy_9pairs_1d_2003_carry.parquet,723db7c935dcc27c147007728358d098243eae96998eae146db4c7df02bd081e,9,4904,18.951403148528406,4840,4713,300000,303104,37,2368.0,2960,3031040,62.62479338842975,0.5024400594101421,252,4903.0,4903.0,4903.0,105.80294463344134,180.94118382657254,168.52822016994037,241.73023084621263,True,260,1897,1.7933323402815435,8792.708464400408
