fold,condition,result_kind,seed,run_dir,cumulative_log_return,eval_end,eval_start,final_equity_ratio,gross_cumulative_log_return,max_drawdown,mean_gross_leverage,sharpe_annualized,steps,terminated_by_margin_call,total_cost_ratio,training_actual_environment_steps,training_completed_episodes,training_requested_environment_steps,training_selected_checkpoint_step,training_validation_walks
/home/tsuyoshi/workspace/projects/forex-trainer/configs/wf_r16_long_full/wf2019_r16_longf.yaml,2y,ens3,,/home/tsuyoshi/workspace/projects/forex-trainer/runs/wf2019_r16_longf__scale_2y__seed42_ens3/20260824-164742-583793,-0.17733325086122081,2020-01-01T00:00:00+00:00,2019-03-29T00:00:00+00:00,0.8375006402034129,-0.16446212177306893,0.17228403592153785,1.4215361220523162,-2.5653068947464313,197,False,0.011903645916275327,,,,,
/home/tsuyoshi/workspace/projects/forex-trainer/configs/wf_r16_long_full/wf2019_r16_longf.yaml,2y,seed,42,/home/tsuyoshi/workspace/projects/forex-trainer/runs/wf2019_r16_longf__scale_2y__seed42/20260824-160238-721336,-0.14112009572383852,2020-01-01T00:00:00+00:00,2019-03-29T00:00:00+00:00,0.8683850161079865,-0.11871671771234649,0.24968443287060083,2.4880721395050815,-1.2660516003087543,197,False,0.019881738699297255,303104,2368,300000,150000,20
/home/tsuyoshi/workspace/projects/forex-trainer/configs/wf_r16_long_full/wf2019_r16_longf.yaml,2y,seed,43,/home/tsuyoshi/workspace/projects/forex-trainer/runs/wf2019_r16_longf__scale_2y__seed43/20260824-160238-722326,-0.4068773774750323,2020-01-01T00:00:00+00:00,2019-03-29T00:00:00+00:00,0.6657258182774775,-0.38113493448056096,0.3762529372733824,3.212165764009839,-3.000849621246564,197,False,0.022687774923202238,303104,2368,300000,165000,20
/home/tsuyoshi/workspace/projects/forex-trainer/configs/wf_r16_long_full/wf2019_r16_longf.yaml,2y,seed,44,/home/tsuyoshi/workspace/projects/forex-trainer/runs/wf2019_r16_longf__scale_2y__seed44/20260824-160238-723545,-0.003929091151736815,2020-01-01T00:00:00+00:00,2019-03-29T00:00:00+00:00,0.9960786176274316,-0.00196273082200399,0.008390167998010178,0.2671892221856394,-0.8314329455104199,197,False,0.001963448870775571,303104,2368,300000,15000,20
/home/tsuyoshi/workspace/projects/forex-trainer/configs/wf_r16_long_full/wf2019_r16_longf.yaml,4y,ens3,,/home/tsuyoshi/workspace/projects/forex-trainer/runs/wf2019_r16_longf__scale_4y__seed42_ens3/20260824-164742-847539,-0.21810398764949468,2020-01-01T00:00:00+00:00,2019-03-29T00:00:00+00:00,0.8040418268995089,-0.20193194691013944,0.19770321368920873,2.00958822515863,-2.686923176997642,197,False,0.014677413780288683,,,,,
/home/tsuyoshi/workspace/projects/forex-trainer/configs/wf_r16_long_full/wf2019_r16_longf.yaml,4y,seed,42,/home/tsuyoshi/workspace/projects/forex-trainer/runs/wf2019_r16_longf__scale_4y__seed42/20260824-160238-723749,0.008085679852328616,2020-01-01T00:00:00+00:00,2019-03-29T00:00:00+00:00,1.008118457244609,0.010226310890438253,0.009770699226771762,0.2894545523166342,1.2256868364819826,197,False,0.0021626282796976385,303104,2368,300000,15000,20
/home/tsuyoshi/workspace/projects/forex-trainer/configs/wf_r16_long_full/wf2019_r16_longf.yaml,4y,seed,43,/home/tsuyoshi/workspace/projects/forex-trainer/runs/wf2019_r16_longf__scale_4y__seed43/20260824-160445-732774,-0.39252560720705665,2020-01-01T00:00:00+00:00,2019-03-29T00:00:00+00:00,0.6753490523281414,-0.36289846493819344,0.324895560365664,3.7332497796508597,-3.1850249852331083,197,False,0.025453837740572978,303104,2368,300000,285000,20
/home/tsuyoshi/workspace/projects/forex-trainer/configs/wf_r16_long_full/wf2019_r16_longf.yaml,4y,seed,44,/home/tsuyoshi/workspace/projects/forex-trainer/runs/wf2019_r16_longf__scale_4y__seed44/20260824-160446-381523,-0.3008843528559048,2020-01-01T00:00:00+00:00,2019-03-29T00:00:00+00:00,0.7401633655767221,-0.27395312076363015,0.25983663442327787,3.274091204014408,-2.137711507532006,197,False,0.023178660809664287,303104,2368,300000,210000,20
/home/tsuyoshi/workspace/projects/forex-trainer/configs/wf_r16_long_full/wf2019_r16_longf.yaml,8y,ens3,,/home/tsuyoshi/workspace/projects/forex-trainer/runs/wf2019_r16_longf__scale_8y__seed42_ens3/20260824-164743-105287,-0.05881717988386078,2020-01-01T00:00:00+00:00,2019-03-29T00:00:00+00:00,0.9428791306732179,-0.046517136009555024,0.11738776793486727,1.491714310292356,-0.9949754298331652,197,False,0.011730218235448628,,,,,
/home/tsuyoshi/workspace/projects/forex-trainer/configs/wf_r16_long_full/wf2019_r16_longf.yaml,8y,seed,42,/home/tsuyoshi/workspace/projects/forex-trainer/runs/wf2019_r16_longf__scale_8y__seed42/20260824-160447-397714,0.09148973379668683,2020-01-01T00:00:00+00:00,2019-03-29T00:00:00+00:00,1.095805526872466,0.11256206908404376,0.063790286722192,2.5884156620770375,1.5346015916215536,197,False,0.022147893274969785,303104,2368,300000,180000,20
/home/tsuyoshi/workspace/projects/forex-trainer/configs/wf_r16_long_full/wf2019_r16_longf.yaml,8y,seed,43,/home/tsuyoshi/workspace/projects/forex-trainer/runs/wf2019_r16_longf__scale_8y__seed43/20260824-160447-420630,-0.25477378840829745,2020-01-01T00:00:00+00:00,2019-03-29T00:00:00+00:00,0.7750918128839084,-0.22802339086730175,0.2973333677864487,3.306693721742756,-1.9572390882719066,197,False,0.022403182729810945,303104,2368,300000,195000,20
/home/tsuyoshi/workspace/projects/forex-trainer/configs/wf_r16_long_full/wf2019_r16_longf.yaml,8y,seed,44,/home/tsuyoshi/workspace/projects/forex-trainer/runs/wf2019_r16_longf__scale_8y__seed44/20260824-160653-357416,-0.021748224347434515,2020-01-01T00:00:00+00:00,2019-03-29T00:00:00+00:00,0.9784865631331611,-0.015685926646829707,0.043372316947823286,0.8059336704573635,-1.2924553479693033,197,False,0.005924802311734001,303104,2368,300000,30000,20
/home/tsuyoshi/workspace/projects/forex-trainer/configs/wf_r16_long_full/wf2019_r16_longf.yaml,expanding,ens3,,/home/tsuyoshi/workspace/projects/forex-trainer/runs/wf2019_r16_longf__scale_expanding__seed42_ens3/20260824-164743-362852,-0.17194428042137955,2020-01-01T00:00:00+00:00,2019-03-29T00:00:00+00:00,0.8420260892002956,-0.1581793313476389,0.17521843057079656,1.688943785704109,-2.829180283187132,197,False,0.01274956949707702,,,,,
/home/tsuyoshi/workspace/projects/forex-trainer/configs/wf_r16_long_full/wf2019_r16_longf.yaml,expanding,seed,42,/home/tsuyoshi/workspace/projects/forex-trainer/runs/wf2019_r16_longf__scale_expanding__seed42/20260824-160653-552519,-0.2953840324566278,2020-01-01T00:00:00+00:00,2019-03-29T00:00:00+00:00,0.7442457180664156,-0.26947885656919035,0.29053529487472307,3.25784284279446,-2.259266669022097,197,False,0.02266126084451039,303104,2368,300000,225000,20
/home/tsuyoshi/workspace/projects/forex-trainer/configs/wf_r16_long_full/wf2019_r16_longf.yaml,expanding,seed,43,/home/tsuyoshi/workspace/projects/forex-trainer/runs/wf2019_r16_longf__scale_expanding__seed43/20260824-160656-178033,-0.231975138515575,2020-01-01T00:00:00+00:00,2019-03-29T00:00:00+00:00,0.7929658373694384,-0.20419726241321257,0.22723157027673002,3.342562201815631,-2.401783820708701,197,False,0.025186233256684225,303104,2368,300000,285000,20
/home/tsuyoshi/workspace/projects/forex-trainer/configs/wf_r16_long_full/wf2019_r16_longf.yaml,expanding,seed,44,/home/tsuyoshi/workspace/projects/forex-trainer/runs/wf2019_r16_longf__scale_expanding__seed44/20260824-160656-299373,-0.003896186566971018,2020-01-01T00:00:00+00:00,2019-03-29T00:00:00+00:00,0.9961113937199778,0.0012444501129523034,0.017262069295926885,0.6396085334150436,-0.41322005223301334,197,False,0.0051289212566303635,303104,2368,300000,30000,20
/home/tsuyoshi/workspace/projects/forex-trainer/configs/wf_r16_long_full/wf2020_r16_longf.yaml,2y,ens3,,/home/tsuyoshi/workspace/projects/forex-trainer/runs/wf2020_r16_longf__scale_2y__seed42_ens3/20260824-164743-625380,-0.23275757380107584,2021-01-01T00:00:00+00:00,2020-03-30T00:00:00+01:00,0.7923456355836045,-0.20710946867856445,0.33367456688742336,2.90458906020856,-1.4418044282721567,199,False,0.021097065274631545,,,,,
/home/tsuyoshi/workspace/projects/forex-trainer/configs/wf_r16_long_full/wf2020_r16_longf.yaml,2y,seed,42,/home/tsuyoshi/workspace/projects/forex-trainer/runs/wf2020_r16_longf__scale_2y__seed42/20260824-160902-913719,-0.23710978676573932,2021-01-01T00:00:00+00:00,2020-03-30T00:00:00+01:00,0.7889046719706362,-0.2022635448859646,0.3375337864114648,3.752502822589043,-1.141514536290333,199,False,0.028598982041121882,303104,2368,300000,225000,20
/home/tsuyoshi/workspace/projects/forex-trainer/configs/wf_r16_long_full/wf2020_r16_longf.yaml,2y,seed,43,/home/tsuyoshi/workspace/projects/forex-trainer/runs/wf2020_r16_longf__scale_2y__seed43/20260824-160902-979992,-0.2549150754891782,2021-01-01T00:00:00+00:00,2020-03-30T00:00:00+01:00,0.7749823101600929,-0.21859253031054404,0.3855300219428469,4.070263271672649,-1.3576325978190664,199,False,0.028951256875929535,303104,2368,300000,300000,20
/home/tsuyoshi/workspace/projects/forex-trainer/configs/wf_r16_long_full/wf2020_r16_longf.yaml,2y,seed,44,/home/tsuyoshi/workspace/projects/forex-trainer/runs/wf2020_r16_longf__scale_2y__seed44/20260824-160904-617628,-0.20194803195359626,2021-01-01T00:00:00+00:00,2020-03-30T00:00:00+01:00,0.8171373918727425,-0.18452383589093346,0.22136310741622445,2.181920717234437,-1.6818510036075092,199,False,0.015162497764745077,303104,2368,300000,105000,20
/home/tsuyoshi/workspace/projects/forex-trainer/configs/wf_r16_long_full/wf2020_r16_longf.yaml,4y,ens3,,/home/tsuyoshi/workspace/projects/forex-trainer/runs/wf2020_r16_longf__scale_4y__seed42_ens3/20260824-164743-888985,-0.13318106999045173,2021-01-01T00:00:00+00:00,2020-03-30T00:00:00+01:00,0.8753065860036843,-0.11415539712717765,0.18119235045709747,2.147464556740895,-1.115789278171155,199,False,0.017633721176591753,,,,,
/home/tsuyoshi/workspace/projects/forex-trainer/configs/wf_r16_long_full/wf2020_r16_longf.yaml,4y,seed,42,/home/tsuyoshi/workspace/projects/forex-trainer/runs/wf2020_r16_longf__scale_4y__seed42/20260824-160905-840618,-0.057273934559145555,2021-01-01T00:00:00+00:00,2020-03-30T00:00:00+01:00,0.9443353478445602,-0.031960875056560124,0.1518943346030831,2.72553465348936,-0.4407121402348122,199,False,0.02433144410198481,303104,2368,300000,165000,20
/home/tsuyoshi/workspace/projects/forex-trainer/configs/wf_r16_long_full/wf2020_r16_longf.yaml,4y,seed,43,/home/tsuyoshi/workspace/projects/forex-trainer/runs/wf2020_r16_longf__scale_4y__seed43/20260824-161111-480503,-0.23664781376654226,2021-01-01T00:00:00+00:00,2020-03-30T00:00:00+01:00,0.789269208824636,-0.21422901113730455,0.2533607643080984,2.605352217704466,-1.9661376265890416,199,False,0.01925533351226944,303104,2368,300000,150000,20
/home/tsuyoshi/workspace/projects/forex-trainer/configs/wf_r16_long_full/wf2020_r16_longf.yaml,4y,seed,44,/home/tsuyoshi/workspace/projects/forex-trainer/runs/wf2020_r16_longf__scale_4y__seed44/20260824-161111-543796,-0.1389527954317385,2021-01-01T00:00:00+00:00,2020-03-30T00:00:00+01:00,0.8702691081661915,-0.11319683961450384,0.20496009551387262,2.8812367140252313,-0.8620871854978885,199,False,0.024463567588860143,303104,2368,300000,165000,20
/home/tsuyoshi/workspace/projects/forex-trainer/configs/wf_r16_long_full/wf2020_r16_longf.yaml,8y,ens3,,/home/tsuyoshi/workspace/projects/forex-trainer/runs/wf2020_r16_longf__scale_8y__seed42_ens3/20260824-164744-152707,0.04841774011177803,2021-01-01T00:00:00+00:00,2020-03-30T00:00:00+01:00,1.0496090275477559,0.06845241751054425,0.1975763242868961,2.33644194675385,0.36860268818858827,199,False,0.019513425928050193,,,,,
/home/tsuyoshi/workspace/projects/forex-trainer/configs/wf_r16_long_full/wf2020_r16_longf.yaml,8y,seed,42,/home/tsuyoshi/workspace/projects/forex-trainer/runs/wf2020_r16_longf__scale_8y__seed42/20260824-161111-720354,0.008213087996298982,2021-01-01T00:00:00+00:00,2020-03-30T00:00:00+01:00,1.0082469079288066,0.010601102782392773,0.007734971896491305,0.3191029658217085,1.140354552155234,199,False,0.0024057477343318676,303104,2368,300000,15000,20
/home/tsuyoshi/workspace/projects/forex-trainer/configs/wf_r16_long_full/wf2020_r16_longf.yaml,8y,seed,43,/home/tsuyoshi/workspace/projects/forex-trainer/runs/wf2020_r16_longf__scale_8y__seed43/20260824-161112-773315,0.12987265291659777,2021-01-01T00:00:00+00:00,2020-03-30T00:00:00+01:00,1.1386833660854672,0.16493622133424113,0.22746315642496429,3.7359256348398646,0.724827789254382,199,False,0.036225220308104704,303104,2368,300000,300000,20
/home/tsuyoshi/workspace/projects/forex-trainer/configs/wf_r16_long_full/wf2020_r16_longf.yaml,8y,seed,44,/home/tsuyoshi/workspace/projects/forex-trainer/runs/wf2020_r16_longf__scale_8y__seed44/20260824-161319-781713,-0.04023758944660605,2021-01-01T00:00:00+00:00,2020-03-30T00:00:00+01:00,0.9605611928367013,-0.006873090796713804,0.3182617032248458,4.211912147981972,-0.18450317601964,199,False,0.02936435228831038,303104,2368,300000,285000,20
/home/tsuyoshi/workspace/projects/forex-trainer/configs/wf_r16_long_full/wf2020_r16_longf.yaml,expanding,ens3,,/home/tsuyoshi/workspace/projects/forex-trainer/runs/wf2020_r16_longf__scale_expanding__seed42_ens3/20260824-164744-416060,-0.040205674506622976,2021-01-01T00:00:00+00:00,2020-03-30T00:00:00+01:00,0.9605918495787215,-0.031624421882795774,0.051142791738362336,1.1124164492624566,-1.4575866236067379,199,False,0.008361153688368773,,,,,
/home/tsuyoshi/workspace/projects/forex-trainer/configs/wf_r16_long_full/wf2020_r16_longf.yaml,expanding,seed,42,/home/tsuyoshi/workspace/projects/forex-trainer/runs/wf2020_r16_longf__scale_expanding__seed42/20260824-161320-101268,-0.051733665499545056,2021-01-01T00:00:00+00:00,2020-03-30T00:00:00+01:00,0.9495817395452762,-0.039085595716421395,0.07280140405514379,1.5934553460397725,-1.221586097517337,199,False,0.012279838876464068,303104,2368,300000,75000,20
/home/tsuyoshi/workspace/projects/forex-trainer/configs/wf_r16_long_full/wf2020_r16_longf.yaml,expanding,seed,43,/home/tsuyoshi/workspace/projects/forex-trainer/runs/wf2020_r16_longf__scale_expanding__seed43/20260824-161320-221579,-0.01346514148667681,2021-01-01T00:00:00+00:00,2020-03-30T00:00:00+01:00,0.9866251080027811,-0.011130588228759827,0.016343650140092092,0.29954177587448677,-1.188512051956122,199,False,0.0023243719380090333,303104,2368,300000,15000,20
/home/tsuyoshi/workspace/projects/forex-trainer/configs/wf_r16_long_full/wf2020_r16_longf.yaml,expanding,seed,44,/home/tsuyoshi/workspace/projects/forex-trainer/runs/wf2020_r16_longf__scale_expanding__seed44/20260824-161320-331460,-0.0745608439649168,2021-01-01T00:00:00+00:00,2020-03-30T00:00:00+01:00,0.928150999954068,-0.053489861620801875,0.10536638818701549,2.6892786542696743,-1.0813261913853989,199,False,0.01996469374950372,303104,2368,300000,150000,20
/home/tsuyoshi/workspace/projects/forex-trainer/configs/wf_r16_long_full/wf2021_r16_longf.yaml,2y,ens3,,/home/tsuyoshi/workspace/projects/forex-trainer/runs/wf2021_r16_longf__scale_2y__seed42_ens3/20260824-164744-677516,-0.0038839174284710093,2021-12-31T00:00:00+00:00,2021-03-31T00:00:00+01:00,0.9961236152236019,0.019870426571983207,0.13218933885565654,2.276202627809933,-0.04120333896808978,197,False,0.024849020278754817,,,,,
/home/tsuyoshi/workspace/projects/forex-trainer/configs/wf_r16_long_full/wf2021_r16_longf.yaml,2y,seed,42,/home/tsuyoshi/workspace/projects/forex-trainer/runs/wf2021_r16_longf__scale_2y__seed42/20260824-161527-394099,0.00317472390543673,2021-12-31T00:00:00+00:00,2021-03-31T00:00:00+01:00,1.003179768678549,0.037896521637205416,0.14637466405158805,3.3032376131161283,0.02283956007600092,197,False,0.036970863070908674,303104,2368,300000,255000,20
/home/tsuyoshi/workspace/projects/forex-trainer/configs/wf_r16_long_full/wf2021_r16_longf.yaml,2y,seed,43,/home/tsuyoshi/workspace/projects/forex-trainer/runs/wf2021_r16_longf__scale_2y__seed43/20260824-161527-606758,0.05679533402968101,2021-12-31T00:00:00+00:00,2021-03-31T00:00:00+01:00,1.0584391617478914,0.09533063274025201,0.19304872753389224,3.8496478713093647,0.39173103152446437,197,False,0.0416812274110561,303104,2368,300000,300000,20
/home/tsuyoshi/workspace/projects/forex-trainer/configs/wf_r16_long_full/wf2021_r16_longf.yaml,2y,seed,44,/home/tsuyoshi/workspace/projects/forex-trainer/runs/wf2021_r16_longf__scale_2y__seed44/20260824-161528-219109,-0.0465378955256111,2021-12-31T00:00:00+00:00,2021-03-31T00:00:00+01:00,0.9545283875296187,-0.03831677035548927,0.05965442584424374,0.9398205776553099,-1.540983339435389,197,False,0.008023411657993368,303104,2368,300000,60000,20
/home/tsuyoshi/workspace/projects/forex-trainer/configs/wf_r16_long_full/wf2021_r16_longf.yaml,4y,ens3,,/home/tsuyoshi/workspace/projects/forex-trainer/runs/wf2021_r16_longf__scale_4y__seed42_ens3/20260824-164744-943651,0.2140311508161941,2021-12-31T00:00:00+00:00,2021-03-31T00:00:00+01:00,1.2386612395010748,0.23443970592596758,0.09694423323678569,2.2512500541885294,2.2541819826433467,197,False,0.020827844441104602,,,,,
/home/tsuyoshi/workspace/projects/forex-trainer/configs/wf_r16_long_full/wf2021_r16_longf.yaml,4y,seed,42,/home/tsuyoshi/workspace/projects/forex-trainer/runs/wf2021_r16_longf__scale_4y__seed42/20260824-161528-289645,0.0002595006998992134,2021-12-31T00:00:00+00:00,2021-03-31T00:00:00+01:00,1.0002595343731184,0.0022639934597364505,0.005504842543476385,0.25096186318692554,0.05641520283515652,197,False,0.0020002921391099634,303104,2368,300000,15000,20
/home/tsuyoshi/workspace/projects/forex-trainer/configs/wf_r16_long_full/wf2021_r16_longf.yaml,4y,seed,43,/home/tsuyoshi/workspace/projects/forex-trainer/runs/wf2021_r16_longf__scale_4y__seed43/20260824-161734-921338,0.3117230234880125,2021-12-31T00:00:00+00:00,2021-03-31T00:00:00+01:00,1.3657763526658842,0.34705288258655514,0.11824806583198388,3.783796945975044,2.2720074760093207,197,False,0.037129872389696665,303104,2368,300000,300000,20
/home/tsuyoshi/workspace/projects/forex-trainer/configs/wf_r16_long_full/wf2021_r16_longf.yaml,4y,seed,44,/home/tsuyoshi/workspace/projects/forex-trainer/runs/wf2021_r16_longf__scale_4y__seed44/20260824-161735-238945,0.18292902247768023,2021-12-31T00:00:00+00:00,2021-03-31T00:00:00+01:00,1.2007291802740439,0.21638060405075535,0.2076852000356607,3.778399338248757,1.215387508930919,197,False,0.0328149515896782,303104,2368,300000,285000,20
/home/tsuyoshi/workspace/projects/forex-trainer/configs/wf_r16_long_full/wf2021_r16_longf.yaml,8y,ens3,,/home/tsuyoshi/workspace/projects/forex-trainer/runs/wf2021_r16_longf__scale_8y__seed42_ens3/20260824-164745-206065,0.04438755656946979,2021-12-31T00:00:00+00:00,2021-03-31T00:00:00+01:00,1.0453874231534241,0.05977182111977744,0.08764848142176784,1.7544994298103964,0.7327384732629646,197,False,0.015283709305511376,,,,,
/home/tsuyoshi/workspace/projects/forex-trainer/configs/wf_r16_long_full/wf2021_r16_longf.yaml,8y,seed,42,/home/tsuyoshi/workspace/projects/forex-trainer/runs/wf2021_r16_longf__scale_8y__seed42/20260824-161736-764447,-0.0024933426450450356,2021-12-31T00:00:00+00:00,2021-03-31T00:00:00+01:00,0.99750976315192,0.0025743612034745157,0.028794000415094834,0.6244799735962114,-0.19680594098088394,197,False,0.005088565938949263,303104,2368,300000,30000,20
/home/tsuyoshi/workspace/projects/forex-trainer/configs/wf_r16_long_full/wf2021_r16_longf.yaml,8y,seed,43,/home/tsuyoshi/workspace/projects/forex-trainer/runs/wf2021_r16_longf__scale_8y__seed43/20260824-161736-787744,-0.11081794686147234,2021-12-31T00:00:00+00:00,2021-03-31T00:00:00+01:00,0.8951016901685955,-0.08022264322676959,0.2046639023936242,3.698526645843676,-0.8585094063910684,197,False,0.02832684877265824,303104,2368,300000,270000,20
/home/tsuyoshi/workspace/projects/forex-trainer/configs/wf_r16_long_full/wf2021_r16_longf.yaml,8y,seed,44,/home/tsuyoshi/workspace/projects/forex-trainer/runs/wf2021_r16_longf__scale_8y__seed44/20260824-161943-087832,0.224517734977129,2021-12-31T00:00:00+00:00,2021-03-31T00:00:00+01:00,1.2517189103574171,0.2513994264116037,0.10838313139217781,2.95122148655543,2.3137422200059827,197,False,0.02814595609421209,303104,2368,300000,210000,20
/home/tsuyoshi/workspace/projects/forex-trainer/configs/wf_r16_long_full/wf2021_r16_longf.yaml,expanding,ens3,,/home/tsuyoshi/workspace/projects/forex-trainer/runs/wf2021_r16_longf__scale_expanding__seed42_ens3/20260824-164745-469400,-0.025215211771134623,2021-12-31T00:00:00+00:00,2021-03-31T00:00:00+01:00,0.9751000364394176,-0.0073460916035096545,0.13827007919294876,1.980900311004201,-0.309195929077837,197,False,0.018126855720009452,,,,,
/home/tsuyoshi/workspace/projects/forex-trainer/configs/wf_r16_long_full/wf2021_r16_longf.yaml,expanding,seed,42,/home/tsuyoshi/workspace/projects/forex-trainer/runs/wf2021_r16_longf__scale_expanding__seed42/20260824-161943-192537,-0.05038798658526358,2021-12-31T00:00:00+00:00,2021-03-31T00:00:00+01:00,0.9508604318312305,-0.024215620911451265,0.15219917181295395,2.927692527057664,-0.5102182644148641,197,False,0.02515263523723564,303104,2368,300000,240000,20
/home/tsuyoshi/workspace/projects/forex-trainer/configs/wf_r16_long_full/wf2021_r16_longf.yaml,expanding,seed,43,/home/tsuyoshi/workspace/projects/forex-trainer/runs/wf2021_r16_longf__scale_expanding__seed43/20260824-161945-667009,-0.19193598573300352,2021-12-31T00:00:00+00:00,2021-03-31T00:00:00+01:00,0.8253597015969351,-0.1620164681772125,0.2567177051653351,3.4202889127762637,-1.708278816488051,197,False,0.027788731931265243,303104,2368,300000,255000,20
/home/tsuyoshi/workspace/projects/forex-trainer/configs/wf_r16_long_full/wf2021_r16_longf.yaml,expanding,seed,44,/home/tsuyoshi/workspace/projects/forex-trainer/runs/wf2021_r16_longf__scale_expanding__seed44/20260824-161945-857649,0.04498319845163032,2021-12-31T00:00:00+00:00,2021-03-31T00:00:00+01:00,1.0460102851686748,0.07628726481497783,0.1626454649159822,3.887251302836109,0.354806517176031,197,False,0.03440654412236406,303104,2368,300000,270000,20
/home/tsuyoshi/workspace/projects/forex-trainer/configs/wf_r16_long_full/wf2022_r16_longf.yaml,2y,ens3,,/home/tsuyoshi/workspace/projects/forex-trainer/runs/wf2022_r16_longf__scale_2y__seed42_ens3/20260824-164745-730037,-0.007332442980162465,2022-12-30T00:00:00+00:00,2022-03-31T00:00:00+01:00,0.992694373795676,-0.006174264637558668,0.008736638876038594,0.15314791038389428,-1.480707071725879,196,False,0.0011532051144461598,,,,,
/home/tsuyoshi/workspace/projects/forex-trainer/configs/wf_r16_long_full/wf2022_r16_longf.yaml,2y,seed,42,/home/tsuyoshi/workspace/projects/forex-trainer/runs/wf2022_r16_longf__scale_2y__seed42/20260824-162151-544195,-0.012787002049447903,2022-12-30T00:00:00+00:00,2022-03-31T00:00:00+01:00,0.9872944043107392,-0.010613043412981481,0.01532456223973977,0.2954157436838066,-1.5699401561757202,196,False,0.0021635098739010753,303104,2368,300000,15000,20
/home/tsuyoshi/workspace/projects/forex-trainer/configs/wf_r16_long_full/wf2022_r16_longf.yaml,2y,seed,43,/home/tsuyoshi/workspace/projects/forex-trainer/runs/wf2022_r16_longf__scale_2y__seed43/20260824-162151-606520,-0.01136133970412569,2022-12-30T00:00:00+00:00,2022-03-31T00:00:00+01:00,0.9887029565881081,-0.009505590666945918,0.013817679808609373,0.23536003135616707,-1.3122943192495553,196,False,0.0018425381782408074,303104,2368,300000,15000,20
/home/tsuyoshi/workspace/projects/forex-trainer/configs/wf_r16_long_full/wf2022_r16_longf.yaml,2y,seed,44,/home/tsuyoshi/workspace/projects/forex-trainer/runs/wf2022_r16_longf__scale_2y__seed44/20260824-162153-927948,-0.00045999877483848036,2022-12-30T00:00:00+00:00,2022-03-31T00:00:00+01:00,0.9995401070083778,0.0014800318937696825,0.018286353348839546,0.25757983776732535,-0.044793051959361015,196,False,0.001935949208202154,303104,2368,300000,15000,20
/home/tsuyoshi/workspace/projects/forex-trainer/configs/wf_r16_long_full/wf2022_r16_longf.yaml,4y,ens3,,/home/tsuyoshi/workspace/projects/forex-trainer/runs/wf2022_r16_longf__scale_4y__seed42_ens3/20260824-164745-986440,-0.01848492141560186,2022-12-30T00:00:00+00:00,2022-03-31T00:00:00+01:00,0.9816848768984604,0.0017020625104478826,0.21416594597212413,2.3548752113676135,-0.10121371575431061,196,False,0.018916788775871732,,,,,
/home/tsuyoshi/workspace/projects/forex-trainer/configs/wf_r16_long_full/wf2022_r16_longf.yaml,4y,seed,42,/home/tsuyoshi/workspace/projects/forex-trainer/runs/wf2022_r16_longf__scale_4y__seed42/20260824-162154-174232,0.1047791988074428,2022-12-30T00:00:00+00:00,2022-03-31T00:00:00+01:00,1.1104653912016906,0.12596908913398233,0.19826137759706508,2.43419155525792,0.752276348462824,196,False,0.0210069855644919,303104,2368,300000,150000,20
/home/tsuyoshi/workspace/projects/forex-trainer/configs/wf_r16_long_full/wf2022_r16_longf.yaml,4y,seed,43,/home/tsuyoshi/workspace/projects/forex-trainer/runs/wf2022_r16_longf__scale_4y__seed43/20260824-162400-146352,-0.131949218337915,2022-12-30T00:00:00+00:00,2022-03-31T00:00:00+01:00,0.8763854982616198,-0.10477407948161863,0.21288630668292374,3.124862671324663,-0.6357258217531888,196,False,0.0246575281416192,303104,2368,300000,210000,20
/home/tsuyoshi/workspace/projects/forex-trainer/configs/wf_r16_long_full/wf2022_r16_longf.yaml,4y,seed,44,/home/tsuyoshi/workspace/projects/forex-trainer/runs/wf2022_r16_longf__scale_4y__seed44/20260824-162400-175997,-0.07412299948957113,2022-12-30T00:00:00+00:00,2022-03-31T00:00:00+01:00,0.9285574747215558,-0.04237644334107804,0.3015212670348679,3.7799288423723754,-0.2521809961043592,196,False,0.02926082720964508,303104,2368,300000,225000,20
/home/tsuyoshi/workspace/projects/forex-trainer/configs/wf_r16_long_full/wf2022_r16_longf.yaml,8y,ens3,,/home/tsuyoshi/workspace/projects/forex-trainer/runs/wf2022_r16_longf__scale_8y__seed42_ens3/20260824-164746-244474,0.0760712803713981,2022-12-30T00:00:00+00:00,2022-03-31T00:00:00+01:00,1.0790394857514054,0.0988435639721546,0.17704345762658924,2.523447651298927,0.45271329187409426,196,False,0.02244382845912575,,,,,
/home/tsuyoshi/workspace/projects/forex-trainer/configs/wf_r16_long_full/wf2022_r16_longf.yaml,8y,seed,42,/home/tsuyoshi/workspace/projects/forex-trainer/runs/wf2022_r16_longf__scale_8y__seed42/20260824-162402-028404,0.25024722647174574,2022-12-30T00:00:00+00:00,2022-03-31T00:00:00+01:00,1.2843429010047878,0.28349417854894765,0.1756194635983307,3.79798704304196,1.1406850859846411,196,False,0.03520580472675163,303104,2368,300000,300000,20
/home/tsuyoshi/workspace/projects/forex-trainer/configs/wf_r16_long_full/wf2022_r16_longf.yaml,8y,seed,43,/home/tsuyoshi/workspace/projects/forex-trainer/runs/wf2022_r16_longf__scale_8y__seed43/20260824-162402-128489,-0.10037119672067459,2022-12-30T00:00:00+00:00,2022-03-31T00:00:00+01:00,0.9045016076833476,-0.0671324652259074,0.27028713737129684,3.739747913131671,-0.4563392970601367,196,False,0.02904312155219467,303104,2368,300000,300000,20
/home/tsuyoshi/workspace/projects/forex-trainer/configs/wf_r16_long_full/wf2022_r16_longf.yaml,8y,seed,44,/home/tsuyoshi/workspace/projects/forex-trainer/runs/wf2022_r16_longf__scale_8y__seed44/20260824-162608-595218,0.02103652640064438,2022-12-30T00:00:00+00:00,2022-03-31T00:00:00+01:00,1.0212593538845882,0.051887645223681056,0.22325152096040846,3.537245309330962,0.10179425814629914,196,False,0.03061508727085372,303104,2368,300000,255000,20
/home/tsuyoshi/workspace/projects/forex-trainer/configs/wf_r16_long_full/wf2022_r16_longf.yaml,expanding,ens3,,/home/tsuyoshi/workspace/projects/forex-trainer/runs/wf2022_r16_longf__scale_expanding__seed42_ens3/20260824-164746-501719,0.11678231985433822,2022-12-30T00:00:00+00:00,2022-03-31T00:00:00+01:00,1.1238747578404074,0.13255098968798906,0.13760272655926964,1.9320635218142164,0.8510761114312939,196,False,0.016942763489712378,,,,,
/home/tsuyoshi/workspace/projects/forex-trainer/configs/wf_r16_long_full/wf2022_r16_longf.yaml,expanding,seed,42,/home/tsuyoshi/workspace/projects/forex-trainer/runs/wf2022_r16_longf__scale_expanding__seed42/20260824-162608-604353,0.09675162128574503,2022-12-30T00:00:00+00:00,2022-03-31T00:00:00+01:00,1.1015867289432855,0.10662196213902092,0.07169477008065162,1.176979656774078,1.8370730284884564,196,False,0.010312986726812174,303104,2368,300000,60000,20
/home/tsuyoshi/workspace/projects/forex-trainer/configs/wf_r16_long_full/wf2022_r16_longf.yaml,expanding,seed,43,/home/tsuyoshi/workspace/projects/forex-trainer/runs/wf2022_r16_longf__scale_expanding__seed43/20260824-162610-586444,-0.26183078675798,2022-12-30T00:00:00+00:00,2022-03-31T00:00:00+01:00,0.7696412461800409,-0.23166211782612564,0.38859927341404443,3.6885259804021078,-1.1914943900598505,196,False,0.024535065137604017,303104,2368,300000,300000,20
/home/tsuyoshi/workspace/projects/forex-trainer/configs/wf_r16_long_full/wf2022_r16_longf.yaml,expanding,seed,44,/home/tsuyoshi/workspace/projects/forex-trainer/runs/wf2022_r16_longf__scale_expanding__seed44/20260824-162610-649824,0.46437962947680933,2022-12-30T00:00:00+00:00,2022-03-31T00:00:00+01:00,1.5910268564994374,0.4914866871355923,0.22557514478336815,3.159432865492395,2.1273472982035293,196,False,0.03941051059408438,303104,2368,300000,255000,20
/home/tsuyoshi/workspace/projects/forex-trainer/configs/wf_r16_long_full/wf2023_r16_longf.yaml,2y,ens3,,/home/tsuyoshi/workspace/projects/forex-trainer/runs/wf2023_r16_longf__scale_2y__seed42_ens3/20260824-164746-758952,0.07732124178350447,2024-01-01T00:00:00+00:00,2023-03-30T00:00:00+01:00,1.0803890867696126,0.10106955518920906,0.1370030981916568,2.3949297084170165,0.4996587126004206,197,False,0.025138026068063583,,,,,
/home/tsuyoshi/workspace/projects/forex-trainer/configs/wf_r16_long_full/wf2023_r16_longf.yaml,2y,seed,42,/home/tsuyoshi/workspace/projects/forex-trainer/runs/wf2023_r16_longf__scale_2y__seed42/20260824-162816-758621,0.012829310729700123,2024-01-01T00:00:00+00:00,2023-03-30T00:00:00+01:00,1.0129119594002347,0.022750920953783116,0.05563335466662023,1.1099983079872637,0.27716040539490566,197,False,0.00983829354819328,303104,2368,300000,75000,20
/home/tsuyoshi/workspace/projects/forex-trainer/configs/wf_r16_long_full/wf2023_r16_longf.yaml,2y,seed,43,/home/tsuyoshi/workspace/projects/forex-trainer/runs/wf2023_r16_longf__scale_2y__seed43/20260824-162816-843962,0.014210223552189052,2024-01-01T00:00:00+00:00,2023-03-30T00:00:00+01:00,1.0143116687288747,0.05169116378630481,0.24960652698347052,3.761848523647823,0.0676942887201344,197,False,0.04029870601874418,303104,2368,300000,300000,20
/home/tsuyoshi/workspace/projects/forex-trainer/configs/wf_r16_long_full/wf2023_r16_longf.yaml,2y,seed,44,/home/tsuyoshi/workspace/projects/forex-trainer/runs/wf2023_r16_longf__scale_2y__seed44/20260824-162819-196684,0.08769885958346517,2024-01-01T00:00:00+00:00,2023-03-30T00:00:00+01:00,1.0916593297790804,0.12430372821403549,0.14654421112678162,3.776417511064067,0.43937237243417016,197,False,0.03795357730730016,303104,2368,300000,300000,20
/home/tsuyoshi/workspace/projects/forex-trainer/configs/wf_r16_long_full/wf2023_r16_longf.yaml,4y,ens3,,/home/tsuyoshi/workspace/projects/forex-trainer/runs/wf2023_r16_longf__scale_4y__seed42_ens3/20260824-164747-017862,0.03433449733680216,2024-01-01T00:00:00+00:00,2023-03-30T00:00:00+01:00,1.034930730409262,0.05258364264996962,0.08168019870485521,2.114964043685913,0.3021108976807531,197,False,0.01865416517155954,,,,,
/home/tsuyoshi/workspace/projects/forex-trainer/configs/wf_r16_long_full/wf2023_r16_longf.yaml,4y,seed,42,/home/tsuyoshi/workspace/projects/forex-trainer/runs/wf2023_r16_longf__scale_4y__seed42/20260824-162819-206395,0.007401600511980546,2024-01-01T00:00:00+00:00,2023-03-30T00:00:00+01:00,1.007429060063451,0.013960118621379577,0.03455849472478123,0.7995125278221961,0.32230777745398,197,False,0.00670365602412123,303104,2368,300000,45000,20
/home/tsuyoshi/workspace/projects/forex-trainer/configs/wf_r16_long_full/wf2023_r16_longf.yaml,4y,seed,43,/home/tsuyoshi/workspace/projects/forex-trainer/runs/wf2023_r16_longf__scale_4y__seed43/20260824-163025-321599,-0.05428676886176588,2024-01-01T00:00:00+00:00,2023-03-30T00:00:00+01:00,0.9471604514279851,-0.027905390745151016,0.18869907808492725,3.094742562446798,-0.36491606996709025,197,False,0.024963624418962056,303104,2368,300000,195000,20
/home/tsuyoshi/workspace/projects/forex-trainer/configs/wf_r16_long_full/wf2023_r16_longf.yaml,4y,seed,44,/home/tsuyoshi/workspace/projects/forex-trainer/runs/wf2023_r16_longf__scale_4y__seed44/20260824-163025-361289,0.12031952699351782,2024-01-01T00:00:00+00:00,2023-03-30T00:00:00+01:00,1.1278571748219968,0.15553086612664985,0.12934200319148959,4.053675053040083,0.6314345497752953,197,False,0.03776779758627078,303104,2368,300000,300000,20
/home/tsuyoshi/workspace/projects/forex-trainer/configs/wf_r16_long_full/wf2023_r16_longf.yaml,8y,ens3,,/home/tsuyoshi/workspace/projects/forex-trainer/runs/wf2023_r16_longf__scale_8y__seed42_ens3/20260824-164747-276635,0.06120922583187419,2024-01-01T00:00:00+00:00,2023-03-30T00:00:00+01:00,1.063121323362775,0.07987465697274307,0.12460777112820232,2.232921847002772,0.5226566938193664,197,False,0.02013399212713706,,,,,
/home/tsuyoshi/workspace/projects/forex-trainer/configs/wf_r16_long_full/wf2023_r16_longf.yaml,8y,seed,42,/home/tsuyoshi/workspace/projects/forex-trainer/runs/wf2023_r16_longf__scale_8y__seed42/20260824-163028-243763,-0.2927933462828062,2024-01-01T00:00:00+00:00,2023-03-30T00:00:00+01:00,0.7461763248765239,-0.26367957647695583,0.2918133315405024,3.4515268872888054,-2.207638926324773,197,False,0.025569836728826977,303104,2368,300000,240000,20
/home/tsuyoshi/workspace/projects/forex-trainer/configs/wf_r16_long_full/wf2023_r16_longf.yaml,8y,seed,43,/home/tsuyoshi/workspace/projects/forex-trainer/runs/wf2023_r16_longf__scale_8y__seed43/20260824-163028-292337,0.20792064545830363,2024-01-01T00:00:00+00:00,2023-03-30T00:00:00+01:00,1.2311154710685264,0.23921409457385678,0.1695282947737834,3.9800699332426004,1.063008129686739,197,False,0.037912409613439245,303104,2368,300000,300000,20
/home/tsuyoshi/workspace/projects/forex-trainer/configs/wf_r16_long_full/wf2023_r16_longf.yaml,8y,seed,44,/home/tsuyoshi/workspace/projects/forex-trainer/runs/wf2023_r16_longf__scale_8y__seed44/20260824-163234-616191,0.22727665981528336,2024-01-01T00:00:00+00:00,2023-03-30T00:00:00+01:00,1.255177076966934,0.25288423738439986,0.13743154672103808,3.3122282745945077,1.3766982689116871,197,False,0.030381072041250394,303104,2368,300000,195000,20
/home/tsuyoshi/workspace/projects/forex-trainer/configs/wf_r16_long_full/wf2023_r16_longf.yaml,expanding,ens3,,/home/tsuyoshi/workspace/projects/forex-trainer/runs/wf2023_r16_longf__scale_expanding__seed42_ens3/20260824-164747-535450,0.052599671193662274,2024-01-01T00:00:00+00:00,2023-03-30T00:00:00+01:00,1.0540076110399936,0.06518693785114736,0.047672652016900186,1.5401909586050748,0.8291041096832468,197,False,0.012760232644410186,,,,,
/home/tsuyoshi/workspace/projects/forex-trainer/configs/wf_r16_long_full/wf2023_r16_longf.yaml,expanding,seed,42,/home/tsuyoshi/workspace/projects/forex-trainer/runs/wf2023_r16_longf__scale_expanding__seed42/20260824-163234-666771,0.06605379988721218,2024-01-01T00:00:00+00:00,2023-03-30T00:00:00+01:00,1.0682841891888746,0.08912910702384753,0.06834060872386305,2.85065336533535,0.6638429802287793,197,False,0.023666271968648615,303104,2368,300000,195000,20
/home/tsuyoshi/workspace/projects/forex-trainer/configs/wf_r16_long_full/wf2023_r16_longf.yaml,expanding,seed,43,/home/tsuyoshi/workspace/projects/forex-trainer/runs/wf2023_r16_longf__scale_expanding__seed43/20260824-163236-466017,-0.006642751661102376,2024-01-01T00:00:00+00:00,2023-03-30T00:00:00+01:00,0.9933792626415596,-0.004362138501010455,0.01361980799528728,0.30649925294468017,-0.8836221050989824,197,False,0.0022642207988905223,303104,2368,300000,15000,20
/home/tsuyoshi/workspace/projects/forex-trainer/configs/wf_r16_long_full/wf2023_r16_longf.yaml,expanding,seed,44,/home/tsuyoshi/workspace/projects/forex-trainer/runs/wf2023_r16_longf__scale_expanding__seed44/20260824-163236-880784,0.03359938318151722,2024-01-01T00:00:00+00:00,2023-03-30T00:00:00+01:00,1.0341702177456589,0.06306155172117625,0.15942352008652327,3.6948044937368874,0.23539279940657812,197,False,0.029150509294930665,303104,2368,300000,300000,20
/home/tsuyoshi/workspace/projects/forex-trainer/configs/wf_r16_long_full/wf2024_r16_longf.yaml,2y,ens3,,/home/tsuyoshi/workspace/projects/forex-trainer/runs/wf2024_r16_longf__scale_2y__seed42_ens3/20260824-164747-793301,0.2431019250813591,2024-12-31T00:00:00+00:00,2024-03-28T00:00:00+00:00,1.2751985922151043,0.26381927188158283,0.20032303378356886,2.031687324864997,2.099956189766274,198,False,0.02486450480674286,,,,,
/home/tsuyoshi/workspace/projects/forex-trainer/configs/wf_r16_long_full/wf2024_r16_longf.yaml,2y,seed,42,/home/tsuyoshi/workspace/projects/forex-trainer/runs/wf2024_r16_longf__scale_2y__seed42/20260824-163443-481968,0.15787433012466068,2024-12-31T00:00:00+00:00,2024-03-28T00:00:00+00:00,1.1710190236456577,0.18426406397189238,0.24772465097303997,2.8163403931583866,0.9672726263003499,198,False,0.032059711649305364,303104,2368,300000,150000,20
/home/tsuyoshi/workspace/projects/forex-trainer/configs/wf_r16_long_full/wf2024_r16_longf.yaml,2y,seed,43,/home/tsuyoshi/workspace/projects/forex-trainer/runs/wf2024_r16_longf__scale_2y__seed43/20260824-163443-495897,0.30045708982921593,2024-12-31T00:00:00+00:00,2024-03-28T00:00:00+00:00,1.3504759553430625,0.31780562854493544,0.1203869311208523,2.0875386690720146,2.869789890486057,198,False,0.02161382065163478,303104,2368,300000,105000,20
/home/tsuyoshi/workspace/projects/forex-trainer/configs/wf_r16_long_full/wf2024_r16_longf.yaml,2y,seed,44,/home/tsuyoshi/workspace/projects/forex-trainer/runs/wf2024_r16_longf__scale_2y__seed44/20260824-163443-944393,0.2253051560581019,2024-12-31T00:00:00+00:00,2024-03-28T00:00:00+00:00,1.2527049283696226,0.2616862150660095,0.22850878863027335,3.443513423248334,1.3428742877015685,198,False,0.04073652181771596,303104,2368,300000,240000,20
/home/tsuyoshi/workspace/projects/forex-trainer/configs/wf_r16_long_full/wf2024_r16_longf.yaml,4y,ens3,,/home/tsuyoshi/workspace/projects/forex-trainer/runs/wf2024_r16_longf__scale_4y__seed42_ens3/20260824-164748-057032,0.1457853061398896,2024-12-31T00:00:00+00:00,2024-03-28T00:00:00+00:00,1.156947771801954,0.1559724448674515,0.09207936742035383,1.1458189584410736,2.2498022745266875,198,False,0.011231627687646928,,,,,
/home/tsuyoshi/workspace/projects/forex-trainer/configs/wf_r16_long_full/wf2024_r16_longf.yaml,4y,seed,42,/home/tsuyoshi/workspace/projects/forex-trainer/runs/wf2024_r16_longf__scale_4y__seed42/20260824-163444-273042,0.009618955294282102,2024-12-31T00:00:00+00:00,2024-03-28T00:00:00+00:00,1.009665366133329,0.011741814394114833,0.009241964444548056,0.26637538416870404,1.5033964399316806,198,False,0.002138678775870636,303104,2368,300000,15000,20
/home/tsuyoshi/workspace/projects/forex-trainer/configs/wf_r16_long_full/wf2024_r16_longf.yaml,4y,seed,43,/home/tsuyoshi/workspace/projects/forex-trainer/runs/wf2024_r16_longf__scale_4y__seed43/20260824-163653-049733,0.32386822211106525,2024-12-31T00:00:00+00:00,2024-03-28T00:00:00+00:00,1.3824651167807998,0.34886840077333514,0.18377128316302083,2.7020743579493405,2.0558927203345303,198,False,0.031044263347642112,303104,2368,300000,180000,20
/home/tsuyoshi/workspace/projects/forex-trainer/configs/wf_r16_long_full/wf2024_r16_longf.yaml,4y,seed,44,/home/tsuyoshi/workspace/projects/forex-trainer/runs/wf2024_r16_longf__scale_4y__seed44/20260824-163653-110263,0.06184697372787272,2024-12-31T00:00:00+00:00,2024-03-28T00:00:00+00:00,1.0637995429935247,0.07501758797052649,0.10369527136091816,1.4905446285431305,0.9849581152274643,198,False,0.013866849456814361,303104,2368,300000,75000,20
/home/tsuyoshi/workspace/projects/forex-trainer/configs/wf_r16_long_full/wf2024_r16_longf.yaml,8y,ens3,,/home/tsuyoshi/workspace/projects/forex-trainer/runs/wf2024_r16_longf__scale_8y__seed42_ens3/20260824-164748-316215,0.24712722441480017,2024-12-31T00:00:00+00:00,2024-03-28T00:00:00+00:00,1.2803419931776943,0.2617281128019947,0.05420685740278108,1.658024399559723,2.761800752220127,198,False,0.016750014536754527,,,,,
/home/tsuyoshi/workspace/projects/forex-trainer/configs/wf_r16_long_full/wf2024_r16_longf.yaml,8y,seed,42,/home/tsuyoshi/workspace/projects/forex-trainer/runs/wf2024_r16_longf__scale_8y__seed42/20260824-163653-197269,0.45605818597165554,2024-12-31T00:00:00+00:00,2024-03-28T00:00:00+00:00,1.5778421503741913,0.48849163445580873,0.12423728991763061,3.78549595906248,2.3585215242821875,198,False,0.042309121629002695,303104,2368,300000,285000,20
/home/tsuyoshi/workspace/projects/forex-trainer/configs/wf_r16_long_full/wf2024_r16_longf.yaml,8y,seed,43,/home/tsuyoshi/workspace/projects/forex-trainer/runs/wf2024_r16_longf__scale_8y__seed43/20260824-163653-204158,0.1970331983649385,2024-12-31T00:00:00+00:00,2024-03-28T00:00:00+00:00,1.2177844684880386,0.22230628865325747,0.09449715516550461,2.940091084578294,1.4842119388350956,198,False,0.02799786797002175,303104,2368,300000,210000,20
/home/tsuyoshi/workspace/projects/forex-trainer/configs/wf_r16_long_full/wf2024_r16_longf.yaml,8y,seed,44,/home/tsuyoshi/workspace/projects/forex-trainer/runs/wf2024_r16_longf__scale_8y__seed44/20260824-163900-459440,-0.0043382059881341,2024-12-31T00:00:00+00:00,2024-03-28T00:00:00+00:00,0.995671190434681,-0.0021170484912119824,0.01612515588023189,0.27851161034604505,-0.4689285619840729,198,False,0.002205673452809711,303104,2368,300000,15000,20
/home/tsuyoshi/workspace/projects/forex-trainer/configs/wf_r16_long_full/wf2024_r16_longf.yaml,expanding,ens3,,/home/tsuyoshi/workspace/projects/forex-trainer/runs/wf2024_r16_longf__scale_expanding__seed42_ens3/20260824-164748-574529,0.20918540394673504,2024-12-31T00:00:00+00:00,2024-03-28T00:00:00+00:00,1.2326735198808423,0.22545067229702173,0.06830233422142729,1.9031265280291956,2.62133204640693,198,False,0.01872403557636547,,,,,
/home/tsuyoshi/workspace/projects/forex-trainer/configs/wf_r16_long_full/wf2024_r16_longf.yaml,expanding,seed,42,/home/tsuyoshi/workspace/projects/forex-trainer/runs/wf2024_r16_longf__scale_expanding__seed42/20260824-163901-742076,0.2866485143606833,2024-12-31T00:00:00+00:00,2024-03-28T00:00:00+00:00,1.3319559677947974,0.3166811713724839,0.14288620197774837,3.514982519902576,2.163024240703981,198,False,0.038709798201899744,303104,2368,300000,270000,20
/home/tsuyoshi/workspace/projects/forex-trainer/configs/wf_r16_long_full/wf2024_r16_longf.yaml,expanding,seed,43,/home/tsuyoshi/workspace/projects/forex-trainer/runs/wf2024_r16_longf__scale_expanding__seed43/20260824-163902-196090,0.20797645589244493,2024-12-31T00:00:00+00:00,2024-03-28T00:00:00+00:00,1.2311841820748244,0.23232896863926145,0.1874871576135655,2.805467294434595,1.6602096954351058,198,False,0.026891455219619217,303104,2368,300000,195000,20
/home/tsuyoshi/workspace/projects/forex-trainer/configs/wf_r16_long_full/wf2024_r16_longf.yaml,expanding,seed,44,/home/tsuyoshi/workspace/projects/forex-trainer/runs/wf2024_r16_longf__scale_expanding__seed44/20260824-163902-212476,0.05262657901834143,2024-12-31T00:00:00+00:00,2024-03-28T00:00:00+00:00,1.0540359724735724,0.07585756643973322,0.0983138666748059,2.798133927825099,0.5349436274196038,198,False,0.024075486628291513,303104,2368,300000,165000,20
/home/tsuyoshi/workspace/projects/forex-trainer/configs/wf_r16_long_full/wf2025_r16_longf.yaml,2y,ens3,,/home/tsuyoshi/workspace/projects/forex-trainer/runs/wf2025_r16_longf__scale_2y__seed42_ens3/20260824-164748-947426,-0.0961593377835466,2025-12-31T00:00:00+00:00,2025-04-01T00:00:00+01:00,0.9083192749576244,-0.07536005605978743,0.23512402088634654,1.955362675372132,-1.1062223008740193,193,False,0.022187108970522583,,,,,
/home/tsuyoshi/workspace/projects/forex-trainer/configs/wf_r16_long_full/wf2025_r16_longf.yaml,2y,seed,42,/home/tsuyoshi/workspace/projects/forex-trainer/runs/wf2025_r16_longf__scale_2y__seed42/20260824-164108-148192,-0.2667976211378237,2025-12-31T00:00:00+00:00,2025-04-01T00:00:00+01:00,0.7658280431913481,-0.23040809301424986,0.4031190097656191,3.519352982256769,-1.837972672369524,193,False,0.03810054840663716,303104,2368,300000,270000,20
/home/tsuyoshi/workspace/projects/forex-trainer/configs/wf_r16_long_full/wf2025_r16_longf.yaml,2y,seed,43,/home/tsuyoshi/workspace/projects/forex-trainer/runs/wf2025_r16_longf__scale_2y__seed43/20260824-164108-624721,-0.04141608543250687,2025-12-31T00:00:00+00:00,2025-04-01T00:00:00+01:00,0.9594298421038205,-0.007581543042708472,0.22750974151679026,3.3427550549601803,-0.2990400138118605,193,False,0.03668641400551816,303104,2368,300000,240000,20
/home/tsuyoshi/workspace/projects/forex-trainer/configs/wf_r16_long_full/wf2025_r16_longf.yaml,2y,seed,44,/home/tsuyoshi/workspace/projects/forex-trainer/runs/wf2025_r16_longf__scale_2y__seed44/20260824-164111-259338,-0.028337283384569728,2025-12-31T00:00:00+00:00,2025-04-01T00:00:00+01:00,0.9720604516650481,-0.01812790555726762,0.10237706033969218,1.2286312771046488,-0.6287290799489472,193,False,0.010522515754542692,303104,2368,300000,60000,20
/home/tsuyoshi/workspace/projects/forex-trainer/configs/wf_r16_long_full/wf2025_r16_longf.yaml,4y,ens3,,/home/tsuyoshi/workspace/projects/forex-trainer/runs/wf2025_r16_longf__scale_4y__seed42_ens3/20260824-164749-204427,-0.041958862221116236,2025-12-31T00:00:00+00:00,2025-04-01T00:00:00+01:00,0.9589092271568629,-0.019334266831248614,0.18212842483752267,2.2206227564945564,-0.323976620392026,193,False,0.02369585399007907,,,,,
/home/tsuyoshi/workspace/projects/forex-trainer/configs/wf_r16_long_full/wf2025_r16_longf.yaml,4y,seed,42,/home/tsuyoshi/workspace/projects/forex-trainer/runs/wf2025_r16_longf__scale_4y__seed42/20260824-164111-279311,-0.13254592583072777,2025-12-31T00:00:00+00:00,2025-04-01T00:00:00+01:00,0.8758627084600223,-0.10062824883251978,0.2622924680486619,3.4517388079126223,-0.793654837478085,193,False,0.03085894534954583,303104,2368,300000,225000,20
/home/tsuyoshi/workspace/projects/forex-trainer/configs/wf_r16_long_full/wf2025_r16_longf.yaml,4y,seed,43,/home/tsuyoshi/workspace/projects/forex-trainer/runs/wf2025_r16_longf__scale_4y__seed43/20260824-164318-258756,-0.16278800734558244,2025-12-31T00:00:00+00:00,2025-04-01T00:00:00+01:00,0.849771314597831,-0.1341376324444689,0.26968574850576654,3.110116546753368,-1.1118510038317537,193,False,0.029343044362412096,303104,2368,300000,225000,20
/home/tsuyoshi/workspace/projects/forex-trainer/configs/wf_r16_long_full/wf2025_r16_longf.yaml,4y,seed,44,/home/tsuyoshi/workspace/projects/forex-trainer/runs/wf2025_r16_longf__scale_4y__seed44/20260824-164318-298718,0.08798406608152079,2025-12-31T00:00:00+00:00,2025-04-01T00:00:00+01:00,1.091970722517102,0.12262811831381702,0.13519499801114598,3.371392935761227,0.6278092504872123,193,False,0.039291218903929656,303104,2368,300000,240000,20
/home/tsuyoshi/workspace/projects/forex-trainer/configs/wf_r16_long_full/wf2025_r16_longf.yaml,8y,ens3,,/home/tsuyoshi/workspace/projects/forex-trainer/runs/wf2025_r16_longf__scale_8y__seed42_ens3/20260824-164749-459180,-0.014064793226419264,2025-12-31T00:00:00+00:00,2025-04-01T00:00:00+01:00,0.9860336538912604,-0.0038125208871643626,0.06732056620136906,1.1314146759553623,-0.3447735457826866,193,False,0.010591497381768731,,,,,
/home/tsuyoshi/workspace/projects/forex-trainer/configs/wf_r16_long_full/wf2025_r16_longf.yaml,8y,seed,42,/home/tsuyoshi/workspace/projects/forex-trainer/runs/wf2025_r16_longf__scale_8y__seed42/20260824-164321-380677,-0.005489216598604265,2025-12-31T00:00:00+00:00,2025-04-01T00:00:00+01:00,0.9945258216222305,-0.0032213979779927822,0.009177240481652693,0.28483669114276955,-0.8236246896430715,193,False,0.002258752683282095,303104,2368,300000,15000,20
/home/tsuyoshi/workspace/projects/forex-trainer/configs/wf_r16_long_full/wf2025_r16_longf.yaml,8y,seed,43,/home/tsuyoshi/workspace/projects/forex-trainer/runs/wf2025_r16_longf__scale_8y__seed43/20260824-164321-393483,0.00528433070789151,2025-12-31T00:00:00+00:00,2025-04-01T00:00:00+01:00,1.0052983174093386,0.019672524695771725,0.0767924217301944,1.7080055471424445,0.07889076037479724,193,False,0.014765603618275348,303104,2368,300000,105000,20
/home/tsuyoshi/workspace/projects/forex-trainer/configs/wf_r16_long_full/wf2025_r16_longf.yaml,8y,seed,44,/home/tsuyoshi/workspace/projects/forex-trainer/runs/wf2025_r16_longf__scale_8y__seed44/20260824-164528-537257,-0.054809878091661185,2025-12-31T00:00:00+00:00,2025-04-01T00:00:00+01:00,0.9466651126230986,-0.02811691696140467,0.16662454744625765,2.885063295907369,-0.5592354467478802,193,False,0.02856626883278747,303104,2368,300000,210000,20
/home/tsuyoshi/workspace/projects/forex-trainer/configs/wf_r16_long_full/wf2025_r16_longf.yaml,expanding,ens3,,/home/tsuyoshi/workspace/projects/forex-trainer/runs/wf2025_r16_longf__scale_expanding__seed42_ens3/20260824-164749-713883,0.047186058226165783,2025-12-31T00:00:00+00:00,2025-04-01T00:00:00+01:00,1.048317038944364,0.05900930755897173,0.04260852349867694,1.419067646739263,0.7866137603008632,193,False,0.012484719411400853,,,,,
/home/tsuyoshi/workspace/projects/forex-trainer/configs/wf_r16_long_full/wf2025_r16_longf.yaml,expanding,seed,42,/home/tsuyoshi/workspace/projects/forex-trainer/runs/wf2025_r16_longf__scale_expanding__seed42/20260824-164528-560426,-0.01683354181553284,2025-12-31T00:00:00+00:00,2025-04-01T00:00:00+01:00,0.9833073505691133,-0.010590857705462966,0.027174178687509265,0.7995063621406333,-1.2135363030714226,193,False,0.00624709492529714,303104,2368,300000,30000,20
/home/tsuyoshi/workspace/projects/forex-trainer/configs/wf_r16_long_full/wf2025_r16_longf.yaml,expanding,seed,43,/home/tsuyoshi/workspace/projects/forex-trainer/runs/wf2025_r16_longf__scale_expanding__seed43/20260824-164531-620044,-0.0033844053301482525,2025-12-31T00:00:00+00:00,2025-04-01T00:00:00+01:00,0.9966213153140913,-0.001202707988831036,0.008478961742375057,0.26723791531242247,-0.4523221714097046,193,False,0.002182089705564461,303104,2368,300000,15000,20
/home/tsuyoshi/workspace/projects/forex-trainer/configs/wf_r16_long_full/wf2025_r16_longf.yaml,expanding,seed,44,/home/tsuyoshi/workspace/projects/forex-trainer/runs/wf2025_r16_longf__scale_expanding__seed44/20260824-164531-628479,0.11936399448047988,2025-12-31T00:00:00+00:00,2025-04-01T00:00:00+01:00,1.1267799853481342,0.15326798921879176,0.11536779283125875,3.9884340988738844,0.7217550035512018,193,False,0.03871751600829446,303104,2368,300000,300000,20
