scope,feature,fold_count,mean_standardized_coefficient,sign,mean_absolute_magnitude,positive_fold_fraction,negative_fold_fraction
aggregate,log_return_lag_31,17,0.00013158094907708438,positive,0.00013158094907708438,1.0,0.0
aggregate,volatility_lag_31,17,-0.0002610119983886243,negative,0.0003016548540053698,0.058823529411764705,0.9411764705882353
aggregate,sma20_ratio_lag_31,17,-0.00017157517106439345,negative,0.0004359734841149917,0.6470588235294118,0.35294117647058826
aggregate,mom24_lag_31,17,9.872929370743254e-05,positive,9.872929370743254e-05,1.0,0.0
aggregate,xz_mom24_lag_31,17,-0.00038593750927983937,negative,0.00038593750927983937,0.0,1.0
aggregate,xr_mom24_lag_31,17,0.0003453666244190424,positive,0.0003453666244190424,1.0,0.0
aggregate,carry_annual_lag_31,17,0.0019211797640115214,positive,0.002006064363503927,0.6470588235294118,0.35294117647058826
aggregate,xz_carry_lag_31,17,-0.002725388042786139,negative,0.002725388042786139,0.0,1.0
aggregate,log_return_lag_30,17,0.00020635264421211693,positive,0.00036891691661737917,0.9411764705882353,0.058823529411764705
aggregate,volatility_lag_30,17,-2.9964666900120504e-06,negative,0.00016821376452077244,0.8235294117647058,0.17647058823529413
aggregate,sma20_ratio_lag_30,17,0.0010360144346519922,positive,0.0011776218258282639,0.8235294117647058,0.17647058823529413
aggregate,mom24_lag_30,17,4.8713218301088834e-05,positive,7.271479052436656e-05,0.8823529411764706,0.11764705882352941
aggregate,xz_mom24_lag_30,17,0.00027045163218685674,positive,0.00027045163218685674,1.0,0.0
aggregate,xr_mom24_lag_30,17,-0.00026330499257213517,negative,0.00026330499257213517,0.0,1.0
aggregate,carry_annual_lag_30,17,-0.005157329733981172,negative,0.005157329733981172,0.0,1.0
aggregate,xz_carry_lag_30,17,0.002640634105480508,positive,0.0026449821368221427,0.8823529411764706,0.11764705882352941
aggregate,log_return_lag_29,17,0.0008133737879618771,positive,0.0010025212634972092,0.9411764705882353,0.058823529411764705
aggregate,volatility_lag_29,17,-2.6525418388372177e-05,negative,0.00026314914374213734,0.4117647058823529,0.5882352941176471
aggregate,sma20_ratio_lag_29,17,-0.00616850591602751,negative,0.006883904738417313,0.058823529411764705,0.9411764705882353
aggregate,mom24_lag_29,17,-0.00015954479234316028,negative,0.00015954479234316028,0.0,1.0
aggregate,xz_mom24_lag_29,17,0.00011117034201594434,positive,0.00012552618639053228,0.8823529411764706,0.11764705882352941
aggregate,xr_mom24_lag_29,17,0.00012354954018714342,positive,0.00012786480986381218,0.9411764705882353,0.058823529411764705
aggregate,carry_annual_lag_29,17,0.0033708115681906777,positive,0.0034363621931676244,0.9411764705882353,0.058823529411764705
aggregate,xz_carry_lag_29,17,0.002308097861380281,positive,0.002334528937502339,0.9411764705882353,0.058823529411764705
aggregate,log_return_lag_28,17,-0.0020772356312841137,negative,0.002241021636893336,0.058823529411764705,0.9411764705882353
aggregate,volatility_lag_28,17,0.0003293066037136045,positive,0.0003403039825761163,0.9411764705882353,0.058823529411764705
aggregate,sma20_ratio_lag_28,17,0.008523106388651258,positive,0.008523106388651258,1.0,0.0
aggregate,mom24_lag_28,17,-1.5084805042287824e-05,negative,5.875793578056734e-05,0.17647058823529413,0.8235294117647058
aggregate,xz_mom24_lag_28,17,-0.00011731320932300849,negative,0.00016040232080472217,0.47058823529411764,0.5294117647058824
aggregate,xr_mom24_lag_28,17,-0.00015957842316191136,negative,0.00018698066812286547,0.058823529411764705,0.9411764705882353
aggregate,carry_annual_lag_28,17,-0.0027456870721839577,negative,0.0027456870721839577,0.0,1.0
aggregate,xz_carry_lag_28,17,-0.00222302084391592,negative,0.0023333489695652227,0.29411764705882354,0.7058823529411765
aggregate,log_return_lag_27,17,0.0013685847446816587,positive,0.0013685847446816587,1.0,0.0
aggregate,volatility_lag_27,17,-0.00012544947658795025,negative,0.0001646734445424592,0.23529411764705882,0.7647058823529411
aggregate,sma20_ratio_lag_27,17,-0.0022204470673402614,negative,0.0022204470673402614,0.0,1.0
aggregate,mom24_lag_27,17,1.0122977225005732e-05,positive,4.61903206231395e-05,0.47058823529411764,0.5294117647058824
aggregate,xz_mom24_lag_27,17,5.865032869199831e-05,positive,6.908851068113028e-05,0.8823529411764706,0.11764705882352941
aggregate,xr_mom24_lag_27,17,6.844183244185253e-06,positive,3.794276493356821e-05,0.5294117647058824,0.47058823529411764
aggregate,carry_annual_lag_27,17,0.0010807587038874833,positive,0.001732878783763867,0.8823529411764706,0.11764705882352941
aggregate,xz_carry_lag_27,17,0.003531456601057243,positive,0.003531456601057243,1.0,0.0
aggregate,log_return_lag_26,17,0.00028166442756322315,positive,0.00029391824366496863,0.9411764705882353,0.058823529411764705
aggregate,volatility_lag_26,17,0.00031749150599584303,positive,0.00031749150599584303,1.0,0.0
aggregate,sma20_ratio_lag_26,17,-0.0034614663899389404,negative,0.0035251312274400554,0.058823529411764705,0.9411764705882353
aggregate,mom24_lag_26,17,1.5009477033821919e-06,positive,9.932539833745683e-05,0.29411764705882354,0.7058823529411765
aggregate,xz_mom24_lag_26,17,-6.201587262536987e-05,negative,0.00018595279453794837,0.7058823529411765,0.29411764705882354
aggregate,xr_mom24_lag_26,17,-5.44600100214501e-06,negative,5.160267617115219e-05,0.35294117647058826,0.6470588235294118
aggregate,carry_annual_lag_26,17,4.838461931587115e-05,positive,0.0011951600062004015,0.5882352941176471,0.4117647058823529
aggregate,xz_carry_lag_26,17,0.00289149699379296,positive,0.00289149699379296,1.0,0.0
aggregate,log_return_lag_25,17,-0.0014389606024903918,negative,0.0016071770750611556,0.058823529411764705,0.9411764705882353
aggregate,volatility_lag_25,17,9.851066157131114e-05,positive,0.00014894977364594023,0.7647058823529411,0.23529411764705882
aggregate,sma20_ratio_lag_25,17,0.001581348978456671,positive,0.002336735896145111,0.9411764705882353,0.058823529411764705
aggregate,mom24_lag_25,17,-0.00016111808166809088,negative,0.00023057980314762465,0.35294117647058826,0.6470588235294118
aggregate,xz_mom24_lag_25,17,0.0003429026289476819,positive,0.0003429026289476819,1.0,0.0
aggregate,xr_mom24_lag_25,17,-0.00013411873759153835,negative,0.00013411873759153835,0.0,1.0
aggregate,carry_annual_lag_25,17,-0.0010632413409932704,negative,0.0011520000006714525,0.058823529411764705,0.9411764705882353
aggregate,xz_carry_lag_25,17,-0.002912915179130913,negative,0.002912915179130913,0.0,1.0
aggregate,log_return_lag_24,17,-0.0012175014802733655,negative,0.0012175014802733655,0.0,1.0
aggregate,volatility_lag_24,17,-0.0006339669735906644,negative,0.000666463164280469,0.058823529411764705,0.9411764705882353
aggregate,sma20_ratio_lag_24,17,0.0068044444027214055,positive,0.0068044444027214055,1.0,0.0
aggregate,mom24_lag_24,17,0.0005002395500314679,positive,0.0005566009846458516,0.9411764705882353,0.058823529411764705
aggregate,xz_mom24_lag_24,17,-0.0003192123444258248,negative,0.0003192123444258248,0.0,1.0
aggregate,xr_mom24_lag_24,17,0.00013470826382017977,positive,0.00013470826382017977,1.0,0.0
aggregate,carry_annual_lag_24,17,-0.002595118912338144,negative,0.002595118912338144,0.0,1.0
aggregate,xz_carry_lag_24,17,0.002169720888918406,positive,0.002379069530101013,0.5882352941176471,0.4117647058823529
aggregate,log_return_lag_23,17,0.0015007348837740113,positive,0.0015007348837740113,1.0,0.0
aggregate,volatility_lag_23,17,-0.00015270325832616614,negative,0.00022366294828080895,0.35294117647058826,0.6470588235294118
aggregate,sma20_ratio_lag_23,17,-0.0035718005970107676,negative,0.0035718005970107676,0.0,1.0
aggregate,mom24_lag_23,17,-3.567342007610084e-05,negative,0.0001424031138429268,0.23529411764705882,0.7647058823529411
aggregate,xz_mom24_lag_23,17,-0.00010340601921164862,negative,0.00015095238930274576,0.23529411764705882,0.7647058823529411
aggregate,xr_mom24_lag_23,17,3.6947409484628447e-05,positive,7.107672093507399e-05,0.7058823529411765,0.29411764705882354
aggregate,carry_annual_lag_23,17,0.0005038644071196748,positive,0.0008406461191363869,0.5882352941176471,0.4117647058823529
aggregate,xz_carry_lag_23,17,-0.0016784765640374302,negative,0.002710960482092766,0.058823529411764705,0.9411764705882353
aggregate,log_return_lag_22,17,-4.5582488256379844e-05,negative,0.0003488729600777859,0.29411764705882354,0.7058823529411765
aggregate,volatility_lag_22,17,7.85922669988433e-05,positive,0.00029142456492863684,0.5882352941176471,0.4117647058823529
aggregate,sma20_ratio_lag_22,17,-0.001715063629515093,negative,0.001715063629515093,0.0,1.0
aggregate,mom24_lag_22,17,-0.00030250770675866254,negative,0.00030637723752046145,0.058823529411764705,0.9411764705882353
aggregate,xz_mom24_lag_22,17,7.1122742995619e-05,positive,0.00010694941780486098,0.5294117647058824,0.47058823529411764
aggregate,xr_mom24_lag_22,17,0.0001515653087968314,positive,0.0001515653087968314,1.0,0.0
aggregate,carry_annual_lag_22,17,0.0022079276914379535,positive,0.0022699769812221542,0.9411764705882353,0.058823529411764705
aggregate,xz_carry_lag_22,17,-0.0022611352004528753,negative,0.0023976557016212887,0.058823529411764705,0.9411764705882353
aggregate,log_return_lag_21,17,-0.0008930211707821291,negative,0.0009422659271289473,0.058823529411764705,0.9411764705882353
aggregate,volatility_lag_21,17,0.0005511943233932092,positive,0.0005511943233932092,1.0,0.0
aggregate,sma20_ratio_lag_21,17,0.00597561779836843,positive,0.00597561779836843,1.0,0.0
aggregate,mom24_lag_21,17,0.00038273153982602555,positive,0.00038273153982602555,1.0,0.0
aggregate,xz_mom24_lag_21,17,-0.0001336564845516182,negative,0.0001336564845516182,0.0,1.0
aggregate,xr_mom24_lag_21,17,-5.552399766576745e-05,negative,8.253738589733862e-05,0.4117647058823529,0.5882352941176471
aggregate,carry_annual_lag_21,17,0.0007578998323484088,positive,0.002061392854805882,0.9411764705882353,0.058823529411764705
aggregate,xz_carry_lag_21,17,-0.00031733178832842865,negative,0.001307355952181928,0.11764705882352941,0.8823529411764706
aggregate,log_return_lag_20,17,0.002002228438464574,positive,0.002002228438464574,1.0,0.0
aggregate,volatility_lag_20,17,-4.4456591147839944e-05,negative,0.00021229803918519676,0.23529411764705882,0.7647058823529411
aggregate,sma20_ratio_lag_20,17,-0.005567883834739692,negative,0.005567883834739692,0.0,1.0
aggregate,mom24_lag_20,17,-0.00016314924929429264,negative,0.00023364482464852503,0.17647058823529413,0.8235294117647058
aggregate,xz_mom24_lag_20,17,0.00023191000681779266,positive,0.00023191000681779266,1.0,0.0
aggregate,xr_mom24_lag_20,17,-1.8775236103583086e-06,negative,5.206730614660165e-05,0.5294117647058824,0.47058823529411764
aggregate,carry_annual_lag_20,17,0.004242914112332635,positive,0.004242914112332635,1.0,0.0
aggregate,xz_carry_lag_20,17,-0.004228467065372036,negative,0.004228467065372036,0.0,1.0
aggregate,log_return_lag_19,17,-0.00044043062991374254,negative,0.0004623640282234314,0.11764705882352941,0.8823529411764706
aggregate,volatility_lag_19,17,0.0003854076669858215,positive,0.000402138431531676,0.9411764705882353,0.058823529411764705
aggregate,sma20_ratio_lag_19,17,-0.0021536914564797565,negative,0.0021536914564797565,0.0,1.0
aggregate,mom24_lag_19,17,-0.0002766406154622217,negative,0.00028731532792466595,0.058823529411764705,0.9411764705882353
aggregate,xz_mom24_lag_19,17,-8.2143677111583e-05,negative,9.999135189302681e-05,0.11764705882352941,0.8823529411764706
aggregate,xr_mom24_lag_19,17,-9.703938214010777e-05,negative,0.0001256423243428468,0.11764705882352941,0.8823529411764706
aggregate,carry_annual_lag_19,17,-0.002645915357868756,negative,0.0027622584537910083,0.29411764705882354,0.7058823529411765
aggregate,xz_carry_lag_19,17,0.002341800229421849,positive,0.002489504189522325,0.5882352941176471,0.4117647058823529
aggregate,log_return_lag_18,17,-0.0013763464011215733,negative,0.0013763464011215733,0.0,1.0
aggregate,volatility_lag_18,17,-0.0006694755830072315,negative,0.0006694755830072315,0.0,1.0
aggregate,sma20_ratio_lag_18,17,0.005145678359004774,positive,0.005145678359004774,1.0,0.0
aggregate,mom24_lag_18,17,-0.00031567173435150957,negative,0.0003577425233015279,0.058823529411764705,0.9411764705882353
aggregate,xz_mom24_lag_18,17,1.27542457349731e-05,positive,0.0001718115836961926,0.7647058823529411,0.23529411764705882
aggregate,xr_mom24_lag_18,17,-1.3635358255450975e-05,negative,3.419089422738225e-05,0.29411764705882354,0.7058823529411765
aggregate,carry_annual_lag_18,17,0.0022090308225226484,positive,0.0022090308225226484,1.0,0.0
aggregate,xz_carry_lag_18,17,-5.3622019257021876e-05,negative,0.0010995991035625703,0.7058823529411765,0.29411764705882354
aggregate,log_return_lag_17,17,0.0008859353775829925,positive,0.0008859353775829925,1.0,0.0
aggregate,volatility_lag_17,17,-3.884976148696715e-05,negative,0.0001683325106407126,0.5294117647058824,0.47058823529411764
aggregate,sma20_ratio_lag_17,17,0.0008719101384469669,positive,0.0009697123866005096,0.8235294117647058,0.17647058823529413
aggregate,mom24_lag_17,17,-0.00015568800354371455,negative,0.00020914934828489116,0.23529411764705882,0.7647058823529411
aggregate,xz_mom24_lag_17,17,-0.0002750361618537843,negative,0.0003407658198404189,0.058823529411764705,0.9411764705882353
aggregate,xr_mom24_lag_17,17,0.0003092490792144889,positive,0.0003092490792144889,1.0,0.0
aggregate,carry_annual_lag_17,17,0.0011586725913936497,positive,0.0011645223478677672,0.8823529411764706,0.11764705882352941
aggregate,xz_carry_lag_17,17,-0.0006164323861824632,negative,0.00080564831414646,0.4117647058823529,0.5882352941176471
aggregate,log_return_lag_16,17,0.0014665754734844818,positive,0.0014665754734844818,1.0,0.0
aggregate,volatility_lag_16,17,0.0004913928471023091,positive,0.0004913928471023091,1.0,0.0
aggregate,sma20_ratio_lag_16,17,-0.0022715056541255,negative,0.0022715056541255,0.0,1.0
aggregate,mom24_lag_16,17,-0.0004774336866305447,negative,0.0004774336866305447,0.0,1.0
aggregate,xz_mom24_lag_16,17,0.00035391685062471603,positive,0.00035391685062471603,1.0,0.0
aggregate,xr_mom24_lag_16,17,-0.00016631417753191764,negative,0.00016631417753191764,0.0,1.0
aggregate,carry_annual_lag_16,17,-0.002341600980883021,negative,0.002341600980883021,0.0,1.0
aggregate,xz_carry_lag_16,17,-0.00012739112063322184,negative,0.0013773932972055987,0.17647058823529413,0.8235294117647058
aggregate,log_return_lag_15,17,0.0005241604168504596,positive,0.0009118920327828358,0.9411764705882353,0.058823529411764705
aggregate,volatility_lag_15,17,-0.00047013998915561864,negative,0.00047013998915561864,0.0,1.0
aggregate,sma20_ratio_lag_15,17,-0.0032190826260253555,negative,0.003558228589844859,0.058823529411764705,0.9411764705882353
aggregate,mom24_lag_15,17,-0.0003274762396829547,negative,0.0004418785490333096,0.058823529411764705,0.9411764705882353
aggregate,xz_mom24_lag_15,17,-0.00012889541154065737,negative,0.0001312355758548978,0.058823529411764705,0.9411764705882353
aggregate,xr_mom24_lag_15,17,-1.1448847149825315e-05,negative,2.9749171778575904e-05,0.4117647058823529,0.5882352941176471
aggregate,carry_annual_lag_15,17,-0.0012042142625855853,negative,0.0012095861299035394,0.058823529411764705,0.9411764705882353
aggregate,xz_carry_lag_15,17,-0.0009215456166288059,negative,0.001180771631256383,0.35294117647058826,0.6470588235294118
aggregate,log_return_lag_14,17,-0.0009461853398064772,negative,0.0009461853398064772,0.0,1.0
aggregate,volatility_lag_14,17,-0.0003110666927856896,negative,0.0003455529537408415,0.29411764705882354,0.7058823529411765
aggregate,sma20_ratio_lag_14,17,0.00116168910842024,positive,0.0016238654818325222,0.8823529411764706,0.11764705882352941
aggregate,mom24_lag_14,17,0.00023259169227299737,positive,0.0002835872356610791,0.5294117647058824,0.47058823529411764
aggregate,xz_mom24_lag_14,17,-2.9386454230078026e-05,negative,0.00010161489659790121,0.058823529411764705,0.9411764705882353
aggregate,xr_mom24_lag_14,17,9.196095224956735e-05,positive,0.00011631579691068885,0.9411764705882353,0.058823529411764705
aggregate,carry_annual_lag_14,17,4.0668929746153165e-05,positive,0.00047595419772903725,0.7058823529411765,0.29411764705882354
aggregate,xz_carry_lag_14,17,0.004452111963477004,positive,0.004452111963477004,1.0,0.0
aggregate,log_return_lag_13,17,-0.0003349544057402121,negative,0.0004938091554922688,0.29411764705882354,0.7058823529411765
aggregate,volatility_lag_13,17,7.082364440214397e-05,positive,0.0003707263526881879,0.4117647058823529,0.5882352941176471
aggregate,sma20_ratio_lag_13,17,-0.004150704971417489,negative,0.004150704971417489,0.0,1.0
aggregate,mom24_lag_13,17,-0.000519511414339296,negative,0.0005793238185511505,0.058823529411764705,0.9411764705882353
aggregate,xz_mom24_lag_13,17,-5.728817174492994e-06,negative,7.617525755581745e-05,0.47058823529411764,0.5294117647058824
aggregate,xr_mom24_lag_13,17,-0.0002162832354224796,negative,0.0002162832354224796,0.0,1.0
aggregate,carry_annual_lag_13,17,-0.0032096498716639404,negative,0.0032096498716639404,0.0,1.0
aggregate,xz_carry_lag_13,17,0.0011893226820285515,positive,0.0012196022624548382,0.8823529411764706,0.11764705882352941
aggregate,log_return_lag_12,17,-0.002158520997486091,negative,0.002158520997486091,0.0,1.0
aggregate,volatility_lag_12,17,0.0009497898246663602,positive,0.0009497898246663602,1.0,0.0
aggregate,sma20_ratio_lag_12,17,0.0004649932274952893,positive,0.002114326089371267,0.11764705882352941,0.8823529411764706
aggregate,mom24_lag_12,17,-0.000179026459096167,negative,0.00024516919305504715,0.17647058823529413,0.8235294117647058
aggregate,xz_mom24_lag_12,17,8.588901740891324e-05,positive,9.405908672973863e-05,0.8823529411764706,0.11764705882352941
aggregate,xr_mom24_lag_12,17,6.054986570101519e-05,positive,7.205834010202614e-05,0.7058823529411765,0.29411764705882354
aggregate,carry_annual_lag_12,17,0.0003568946097981141,positive,0.0010502009540150122,0.8823529411764706,0.11764705882352941
aggregate,xz_carry_lag_12,17,-0.0013858278375995737,negative,0.001484260240927962,0.11764705882352941,0.8823529411764706
aggregate,log_return_lag_11,17,-0.001947265874779484,negative,0.0022612343085325077,0.058823529411764705,0.9411764705882353
aggregate,volatility_lag_11,17,-0.0005423309440543415,negative,0.0005423309440543415,0.0,1.0
aggregate,sma20_ratio_lag_11,17,0.002376369264417565,positive,0.003638451554130562,0.9411764705882353,0.058823529411764705
aggregate,mom24_lag_11,17,-0.00036694284293830145,negative,0.0004977731681485929,0.058823529411764705,0.9411764705882353
aggregate,xz_mom24_lag_11,17,-0.00012879456216782485,negative,0.00013014320785315495,0.058823529411764705,0.9411764705882353
aggregate,xr_mom24_lag_11,17,1.934410468522389e-05,positive,2.7175435140089176e-05,0.7647058823529411,0.23529411764705882
aggregate,carry_annual_lag_11,17,0.006725509926806519,positive,0.006725509926806519,1.0,0.0
aggregate,xz_carry_lag_11,17,-0.004480215161379666,negative,0.004554470046447911,0.17647058823529413,0.8235294117647058
aggregate,log_return_lag_10,17,-0.0010546197065667924,negative,0.0010546197065667924,0.0,1.0
aggregate,volatility_lag_10,17,-0.00013545552766980624,negative,0.0002066176033650817,0.17647058823529413,0.8235294117647058
aggregate,sma20_ratio_lag_10,17,0.004963119630312196,positive,0.004995776987477246,0.9411764705882353,0.058823529411764705
aggregate,mom24_lag_10,17,-0.00013953869176935925,negative,0.00029865329345819315,0.058823529411764705,0.9411764705882353
aggregate,xz_mom24_lag_10,17,-6.327933576595687e-05,negative,0.00012049446810578442,0.11764705882352941,0.8823529411764706
aggregate,xr_mom24_lag_10,17,-6.928699121935997e-05,negative,7.156155621426969e-05,0.17647058823529413,0.8235294117647058
aggregate,carry_annual_lag_10,17,0.0001276495162168675,positive,0.0009507163143673532,0.8235294117647058,0.17647058823529413
aggregate,xz_carry_lag_10,17,0.0015573356457095422,positive,0.0018757526378765433,0.7647058823529411,0.23529411764705882
aggregate,log_return_lag_9,17,0.0012486323067541997,positive,0.001447566484016526,0.9411764705882353,0.058823529411764705
aggregate,volatility_lag_9,17,1.4994141953328269e-05,positive,0.00031749602010341645,0.11764705882352941,0.8823529411764706
aggregate,sma20_ratio_lag_9,17,0.0013269639008660558,positive,0.0013269639008660558,1.0,0.0
aggregate,mom24_lag_9,17,0.00020006423308044632,positive,0.00024041410214888282,0.7058823529411765,0.29411764705882354
aggregate,xz_mom24_lag_9,17,0.00031361862520502696,positive,0.00031361862520502696,1.0,0.0
aggregate,xr_mom24_lag_9,17,-7.069636751630663e-05,negative,8.224225541106037e-05,0.058823529411764705,0.9411764705882353
aggregate,carry_annual_lag_9,17,-0.004363511842393089,negative,0.004363511842393089,0.0,1.0
aggregate,xz_carry_lag_9,17,0.0022074063538025696,positive,0.0023453584192434825,0.7647058823529411,0.23529411764705882
aggregate,log_return_lag_8,17,0.002028407983594046,positive,0.0020910284560542373,0.9411764705882353,0.058823529411764705
aggregate,volatility_lag_8,17,0.00025926852325969886,positive,0.0003978333882870493,0.8823529411764706,0.11764705882352941
aggregate,sma20_ratio_lag_8,17,-0.004776232431268246,negative,0.004776232431268246,0.0,1.0
aggregate,mom24_lag_8,17,-0.0003339610813531327,negative,0.0005072923464755584,0.11764705882352941,0.8823529411764706
aggregate,xz_mom24_lag_8,17,0.0001632028086578573,positive,0.00017581671642239732,0.9411764705882353,0.058823529411764705
aggregate,xr_mom24_lag_8,17,-0.0001090080226949179,negative,0.0001090080226949179,0.0,1.0
aggregate,carry_annual_lag_8,17,0.0014723918714278034,positive,0.0017967676019833238,0.9411764705882353,0.058823529411764705
aggregate,xz_carry_lag_8,17,-0.0009425730912363368,negative,0.0016565696677002006,0.058823529411764705,0.9411764705882353
aggregate,log_return_lag_7,17,1.750583570589896e-05,positive,0.0006208124971502042,0.5882352941176471,0.4117647058823529
aggregate,volatility_lag_7,17,-0.0007746829116826715,negative,0.0008050760459160613,0.058823529411764705,0.9411764705882353
aggregate,sma20_ratio_lag_7,17,-0.0006366838381484144,negative,0.0008990309797549697,0.4117647058823529,0.5882352941176471
aggregate,mom24_lag_7,17,-0.0003601841518772907,negative,0.00042540241376728277,0.058823529411764705,0.9411764705882353
aggregate,xz_mom24_lag_7,17,-0.0003519591679340083,negative,0.0003519591679340083,0.0,1.0
aggregate,xr_mom24_lag_7,17,0.00014652630793528696,positive,0.00014652630793528696,1.0,0.0
aggregate,carry_annual_lag_7,17,-0.0012965510554197952,negative,0.0015180357020747825,0.29411764705882354,0.7058823529411765
aggregate,xz_carry_lag_7,17,0.0007217717643674542,positive,0.0008880508997738462,0.5882352941176471,0.4117647058823529
aggregate,log_return_lag_6,17,-0.0002687420992590974,negative,0.0006638155673161592,0.5294117647058824,0.47058823529411764
aggregate,volatility_lag_6,17,0.00043894694814441217,positive,0.0007480860354433851,0.9411764705882353,0.058823529411764705
aggregate,sma20_ratio_lag_6,17,0.0064371667661684605,positive,0.0064371667661684605,1.0,0.0
aggregate,mom24_lag_6,17,-0.0004678688150172021,negative,0.0004678688150172021,0.0,1.0
aggregate,xz_mom24_lag_6,17,-0.00016896474113594536,negative,0.0001868273540430478,0.11764705882352941,0.8823529411764706
aggregate,xr_mom24_lag_6,17,0.00012071708595291867,positive,0.00012071708595291867,1.0,0.0
aggregate,carry_annual_lag_6,17,0.004397713691794439,positive,0.004397713691794439,1.0,0.0
aggregate,xz_carry_lag_6,17,-0.002323085084728438,negative,0.0026692140196560503,0.47058823529411764,0.5294117647058824
aggregate,log_return_lag_5,17,0.00260329003391377,positive,0.0029290260136460382,0.9411764705882353,0.058823529411764705
aggregate,volatility_lag_5,17,0.0001557199253473949,positive,0.0003100759509720552,0.47058823529411764,0.5294117647058824
aggregate,sma20_ratio_lag_5,17,-0.00436149712067127,negative,0.0059290844861064895,0.058823529411764705,0.9411764705882353
aggregate,mom24_lag_5,17,-6.265944633513851e-05,negative,0.00022732459916217316,0.7058823529411765,0.29411764705882354
aggregate,xz_mom24_lag_5,17,0.0004335763902478283,positive,0.0004335763902478283,1.0,0.0
aggregate,xr_mom24_lag_5,17,-3.192280868263288e-05,negative,4.65270552817841e-05,0.35294117647058826,0.6470588235294118
aggregate,carry_annual_lag_5,17,-0.0011144336562891178,negative,0.00112418892452715,0.058823529411764705,0.9411764705882353
aggregate,xz_carry_lag_5,17,0.002978731484491761,positive,0.0034331338616939537,0.5294117647058824,0.47058823529411764
aggregate,log_return_lag_4,17,0.0008788037855266016,positive,0.0008788037855266016,1.0,0.0
aggregate,volatility_lag_4,17,-0.0006069006262634046,negative,0.0006195543814632205,0.35294117647058826,0.6470588235294118
aggregate,sma20_ratio_lag_4,17,0.0008871273835052122,positive,0.0010095928384803022,0.7058823529411765,0.29411764705882354
aggregate,mom24_lag_4,17,0.0006047676909024638,positive,0.0006442441610190522,0.9411764705882353,0.058823529411764705
aggregate,xz_mom24_lag_4,17,-0.00023112406225542117,negative,0.00023397108967370452,0.058823529411764705,0.9411764705882353
aggregate,xr_mom24_lag_4,17,-0.00010770314759204817,negative,0.00013979644197721885,0.11764705882352941,0.8823529411764706
aggregate,carry_annual_lag_4,17,-0.0028225840823140657,negative,0.0028225840823140657,0.0,1.0
aggregate,xz_carry_lag_4,17,-0.005139678258557247,negative,0.005288892226787731,0.058823529411764705,0.9411764705882353
aggregate,log_return_lag_3,17,0.0014815001298549805,positive,0.0014815001298549805,1.0,0.0
aggregate,volatility_lag_3,17,0.0011861408046018236,positive,0.0011861408046018236,1.0,0.0
aggregate,sma20_ratio_lag_3,17,-0.0021669309862036973,negative,0.0021669309862036973,0.0,1.0
aggregate,mom24_lag_3,17,0.0006315313541784186,positive,0.0006641788837422994,0.9411764705882353,0.058823529411764705
aggregate,xz_mom24_lag_3,17,-0.00019463080006709634,negative,0.00019463080006709634,0.0,1.0
aggregate,xr_mom24_lag_3,17,0.00017534673030076715,positive,0.00017543269378946964,0.9411764705882353,0.058823529411764705
aggregate,carry_annual_lag_3,17,0.003035995054318803,positive,0.003035995054318803,1.0,0.0
aggregate,xz_carry_lag_3,17,-0.0010067019262664356,negative,0.0011539651741315862,0.11764705882352941,0.8823529411764706
aggregate,log_return_lag_2,17,0.000777500732748369,positive,0.000777500732748369,1.0,0.0
aggregate,volatility_lag_2,17,-0.0012107176108163114,negative,0.0012672907938425632,0.058823529411764705,0.9411764705882353
aggregate,sma20_ratio_lag_2,17,-0.002173496837310484,negative,0.002173496837310484,0.0,1.0
aggregate,mom24_lag_2,17,0.000743572997832424,positive,0.0007664939862883847,0.9411764705882353,0.058823529411764705
aggregate,xz_mom24_lag_2,17,0.000238326658587021,positive,0.000238326658587021,1.0,0.0
aggregate,xr_mom24_lag_2,17,-0.00012943151526095868,negative,0.00013833096164108128,0.17647058823529413,0.8235294117647058
aggregate,carry_annual_lag_2,17,-0.0010731386387059583,negative,0.0011813310580207651,0.11764705882352941,0.8823529411764706
aggregate,xz_carry_lag_2,17,-0.0003358139280171257,negative,0.0017734221826239656,0.058823529411764705,0.9411764705882353
aggregate,log_return_lag_1,17,0.0001049139757584017,positive,0.0005267364198618932,0.7647058823529411,0.23529411764705882
aggregate,volatility_lag_1,17,-0.00029296958643738945,negative,0.0004693704957340881,0.5882352941176471,0.4117647058823529
aggregate,sma20_ratio_lag_1,17,0.002418316984359158,positive,0.002423558046472948,0.9411764705882353,0.058823529411764705
aggregate,mom24_lag_1,17,0.0010908255161120428,positive,0.001220447912247941,0.9411764705882353,0.058823529411764705
aggregate,xz_mom24_lag_1,17,0.00019368797434101957,positive,0.00019368797434101957,1.0,0.0
aggregate,xr_mom24_lag_1,17,0.0001558824252566287,positive,0.00016999262918528346,0.9411764705882353,0.058823529411764705
aggregate,carry_annual_lag_1,17,-0.0009214101810992208,negative,0.0012347867995057468,0.058823529411764705,0.9411764705882353
aggregate,xz_carry_lag_1,17,0.0016028239067159733,positive,0.0025866383826916267,0.9411764705882353,0.058823529411764705
aggregate,log_return_lag_0,17,0.0013881493756344302,positive,0.001456233418934728,0.9411764705882353,0.058823529411764705
aggregate,volatility_lag_0,17,0.0009831667837052712,positive,0.0009831667837052712,1.0,0.0
aggregate,sma20_ratio_lag_0,17,-0.004437111052375809,negative,0.004615171114317217,0.058823529411764705,0.9411764705882353
aggregate,mom24_lag_0,17,0.0016787498776179223,positive,0.0018017681875063627,0.9411764705882353,0.058823529411764705
aggregate,xz_mom24_lag_0,17,-0.0002077158940780788,negative,0.0002077158940780788,0.0,1.0
aggregate,xr_mom24_lag_0,17,-0.0001745780591939586,negative,0.0001745780591939586,0.0,1.0
aggregate,carry_annual_lag_0,17,-0.0010274595815139135,negative,0.0010505465533079865,0.23529411764705882,0.7647058823529411
aggregate,xz_carry_lag_0,17,0.0030672447649660634,positive,0.0030672447649660634,1.0,0.0
era:2009-2018,log_return_lag_31,10,0.00019294413582714794,positive,0.00019294413582714794,1.0,0.0
era:2009-2018,volatility_lag_31,10,-0.000320494952939508,negative,0.00038958780748797546,0.1,0.9
era:2009-2018,sma20_ratio_lag_31,10,-0.00042846110337013894,negative,0.0006043716104348158,0.4,0.6
era:2009-2018,mom24_lag_31,10,0.00013947838484383265,positive,0.00013947838484383265,1.0,0.0
era:2009-2018,xz_mom24_lag_31,10,-0.0004723591063954424,negative,0.0004723591063954424,0.0,1.0
era:2009-2018,xr_mom24_lag_31,10,0.0004250251883016725,positive,0.0004250251883016725,1.0,0.0
era:2009-2018,carry_annual_lag_31,10,0.0023309318130593265,positive,0.0024246887179042434,0.6,0.4
era:2009-2018,xz_carry_lag_31,10,-0.002741695236257394,negative,0.002741695236257394,0.0,1.0
era:2009-2018,log_return_lag_30,10,0.00019697260844687091,positive,0.0004733318715358167,0.9,0.1
era:2009-2018,volatility_lag_30,10,-8.0076086919603e-05,negative,0.0002109813061387307,0.7,0.3
era:2009-2018,sma20_ratio_lag_30,10,0.0012246383276338622,positive,0.001465370892633524,0.7,0.3
era:2009-2018,mom24_lag_30,10,5.823640769134393e-05,positive,9.903908047091608e-05,0.8,0.2
era:2009-2018,xz_mom24_lag_30,10,0.000363226315785005,positive,0.000363226315785005,1.0,0.0
era:2009-2018,xr_mom24_lag_30,10,-0.00034781108280407,negative,0.00034781108280407,0.0,1.0
era:2009-2018,carry_annual_lag_30,10,-0.005910898086693125,negative,0.005910898086693125,0.0,1.0
era:2009-2018,xz_carry_lag_30,10,0.0025904976888953836,positive,0.0025978893421761628,0.8,0.2
era:2009-2018,log_return_lag_29,10,0.000950604441312429,positive,0.0012721551497224938,0.9,0.1
era:2009-2018,volatility_lag_29,10,9.017811719505014e-05,positive,0.0003120822159063506,0.7,0.3
era:2009-2018,sma20_ratio_lag_29,10,-0.006783425203368916,negative,0.007999603201431579,0.1,0.9
era:2009-2018,mom24_lag_29,10,-0.00023342435444658052,negative,0.00023342435444658052,0.0,1.0
era:2009-2018,xz_mom24_lag_29,10,0.0001907572207927079,positive,0.0001907572207927079,1.0,0.0
era:2009-2018,xr_mom24_lag_29,10,0.00011473498290016657,positive,0.0001220709413505034,0.9,0.1
era:2009-2018,carry_annual_lag_29,10,0.0035541837477779436,positive,0.003665619810238753,0.9,0.1
era:2009-2018,xz_carry_lag_29,10,0.00313518542780612,positive,0.00313518542780612,1.0,0.0
era:2009-2018,log_return_lag_28,10,-0.0022515048659536674,negative,0.0025299410754893448,0.1,0.9
era:2009-2018,volatility_lag_28,10,0.0003291485129999688,positive,0.00034784405706623876,0.9,0.1
era:2009-2018,sma20_ratio_lag_28,10,0.009633336860374351,positive,0.009633336860374351,1.0,0.0
era:2009-2018,mom24_lag_28,10,1.203418357897354e-05,positive,6.221013867610164e-05,0.3,0.7
era:2009-2018,xz_mom24_lag_28,10,-0.00023560919968130303,negative,0.00023650720153583913,0.1,0.9
era:2009-2018,xr_mom24_lag_28,10,-0.00014466423914928165,negative,0.00019124805558290366,0.1,0.9
era:2009-2018,carry_annual_lag_28,10,-0.0024061557020053892,negative,0.0024061557020053892,0.0,1.0
era:2009-2018,xz_carry_lag_28,10,-0.0036716491794473198,negative,0.0036716491794473198,0.0,1.0
era:2009-2018,log_return_lag_27,10,0.0017172900572381723,positive,0.0017172900572381723,1.0,0.0
era:2009-2018,volatility_lag_27,10,-0.0001355434668901677,negative,0.00019508957657859174,0.3,0.7
era:2009-2018,sma20_ratio_lag_27,10,-0.003094154879018961,negative,0.003094154879018961,0.0,1.0
era:2009-2018,mom24_lag_27,10,4.61453511786041e-07,positive,5.805023661037364e-05,0.3,0.7
era:2009-2018,xz_mom24_lag_27,10,7.654855560399445e-05,positive,9.42934649855188e-05,0.8,0.2
era:2009-2018,xr_mom24_lag_27,10,3.7731996001637355e-05,positive,3.840581590054354e-05,0.9,0.1
era:2009-2018,carry_annual_lag_27,10,0.0004021713343865807,positive,0.0015107754701764325,0.8,0.2
era:2009-2018,xz_carry_lag_27,10,0.005039751694662548,positive,0.005039751694662548,1.0,0.0
era:2009-2018,log_return_lag_26,10,0.00024910143615141,positive,0.0002699329235243772,0.9,0.1
era:2009-2018,volatility_lag_26,10,0.00030812646385013277,positive,0.00030812646385013277,1.0,0.0
era:2009-2018,sma20_ratio_lag_26,10,-0.003637997086963568,negative,0.003746227310715464,0.1,0.9
era:2009-2018,mom24_lag_26,10,4.464824724716229e-05,positive,0.00012129249879126998,0.4,0.6
era:2009-2018,xz_mom24_lag_26,10,-0.00016676868358396046,negative,0.00025477805059368055,0.5,0.5
era:2009-2018,xr_mom24_lag_26,10,1.2693521490628385e-05,positive,6.456277900965864e-05,0.5,0.5
era:2009-2018,carry_annual_lag_26,10,0.0001076200568645999,positive,0.0017158129512912183,0.5,0.5
era:2009-2018,xz_carry_lag_26,10,0.0034784020817515402,positive,0.0034784020817515402,1.0,0.0
era:2009-2018,log_return_lag_25,10,-0.0015612896286894412,negative,0.00184725763205974,0.1,0.9
era:2009-2018,volatility_lag_25,10,0.00011413714018843413,positive,0.00018861512712202506,0.7,0.3
era:2009-2018,sma20_ratio_lag_25,10,0.0021196128136513987,positive,0.0034037705737217467,0.9,0.1
era:2009-2018,mom24_lag_25,10,-0.00016845119849448657,negative,0.0002828228831335911,0.5,0.5
era:2009-2018,xz_mom24_lag_25,10,0.0005057158408689875,positive,0.0005057158408689875,1.0,0.0
era:2009-2018,xr_mom24_lag_25,10,-0.00019725900202594232,negative,0.00019725900202594232,0.0,1.0
era:2009-2018,carry_annual_lag_25,10,-0.0010566152307993452,negative,0.0012075049522522548,0.1,0.9
era:2009-2018,xz_carry_lag_25,10,-0.004017278204216137,negative,0.004017278204216137,0.0,1.0
era:2009-2018,log_return_lag_24,10,-0.0011322282132392575,negative,0.0011322282132392575,0.0,1.0
era:2009-2018,volatility_lag_24,10,-0.000689383112340135,negative,0.0007446266365128029,0.1,0.9
era:2009-2018,sma20_ratio_lag_24,10,0.007430428012011096,positive,0.007430428012011096,1.0,0.0
era:2009-2018,mom24_lag_24,10,0.000526690837763507,positive,0.0006225052766079591,0.9,0.1
era:2009-2018,xz_mom24_lag_24,10,-0.00039763955595860015,negative,0.00039763955595860015,0.0,1.0
era:2009-2018,xr_mom24_lag_24,10,0.0001871516354135622,positive,0.0001871516354135622,1.0,0.0
era:2009-2018,carry_annual_lag_24,10,-0.0028437855639519873,negative,0.0028437855639519873,0.0,1.0
era:2009-2018,xz_carry_lag_24,10,0.002802450968995107,positive,0.0030699783899728883,0.6,0.4
era:2009-2018,log_return_lag_23,10,0.0018712138870714836,positive,0.0018712138870714836,1.0,0.0
era:2009-2018,volatility_lag_23,10,-0.00020355656224665809,negative,0.0003215894806201381,0.4,0.6
era:2009-2018,sma20_ratio_lag_23,10,-0.004391693076777265,negative,0.004391693076777265,0.0,1.0
era:2009-2018,mom24_lag_23,10,-3.837005882412244e-06,negative,0.0001852774852860164,0.4,0.6
era:2009-2018,xz_mom24_lag_23,10,-8.976202000515816e-05,negative,0.00017059084916002325,0.4,0.6
era:2009-2018,xr_mom24_lag_23,10,8.262443416716437e-06,positive,6.628227288247386e-05,0.5,0.5
era:2009-2018,carry_annual_lag_23,10,0.0006057213277469752,positive,0.0011296074922495223,0.5,0.5
era:2009-2018,xz_carry_lag_23,10,-0.0017118767140586548,negative,0.0034670993747527253,0.1,0.9
era:2009-2018,log_return_lag_22,10,-5.309212888789013e-05,negative,0.0005330819599037815,0.2,0.8
era:2009-2018,volatility_lag_22,10,8.906312484110697e-05,positive,0.0003993290954679189,0.6,0.4
era:2009-2018,sma20_ratio_lag_22,10,-0.0023453322585311265,negative,0.0023453322585311265,0.0,1.0
era:2009-2018,mom24_lag_22,10,-0.00034556336327381154,negative,0.0003521415655688698,0.1,0.9
era:2009-2018,xz_mom24_lag_22,10,0.00013587769767580793,positive,0.00015654958351793283,0.7,0.3
era:2009-2018,xr_mom24_lag_22,10,0.00017545868839958994,positive,0.00017545868839958994,1.0,0.0
era:2009-2018,carry_annual_lag_22,10,0.0028311228486758077,positive,0.0029366066413089487,0.9,0.1
era:2009-2018,xz_carry_lag_22,10,-0.003036760289425023,negative,0.003268845141411325,0.1,0.9
era:2009-2018,log_return_lag_21,10,-0.0012198528578708577,negative,0.0013035689436604486,0.1,0.9
era:2009-2018,volatility_lag_21,10,0.0007602794521884012,positive,0.0007602794521884012,1.0,0.0
era:2009-2018,sma20_ratio_lag_21,10,0.007736203491179841,positive,0.007736203491179841,1.0,0.0
era:2009-2018,mom24_lag_21,10,0.0005189190559095635,positive,0.0005189190559095635,1.0,0.0
era:2009-2018,xz_mom24_lag_21,10,-0.00017390509918604465,negative,0.00017390509918604465,0.0,1.0
era:2009-2018,xr_mom24_lag_21,10,-9.729111075000304e-05,negative,0.00012438342658585734,0.3,0.7
era:2009-2018,carry_annual_lag_21,10,0.0005202644435198089,positive,0.0027362025816975136,0.9,0.1
era:2009-2018,xz_carry_lag_21,10,-7.231666090646132e-05,negative,0.0016630817077610779,0.1,0.9
era:2009-2018,log_return_lag_20,10,0.0025228680403623195,positive,0.0025228680403623195,1.0,0.0
era:2009-2018,volatility_lag_20,10,3.639063040808146e-05,positive,0.00024893983125542506,0.4,0.6
era:2009-2018,sma20_ratio_lag_20,10,-0.0069931044701079,negative,0.0069931044701079,0.0,1.0
era:2009-2018,mom24_lag_20,10,-0.00024860964800454,negative,0.00033887425755720166,0.1,0.9
era:2009-2018,xz_mom24_lag_20,10,0.0002745676429372983,positive,0.0002745676429372983,1.0,0.0
era:2009-2018,xr_mom24_lag_20,10,-4.745495164006071e-06,negative,7.765120724812275e-05,0.6,0.4
era:2009-2018,carry_annual_lag_20,10,0.0052439507684158785,positive,0.0052439507684158785,1.0,0.0
era:2009-2018,xz_carry_lag_20,10,-0.005543639255754457,negative,0.005543639255754457,0.0,1.0
era:2009-2018,log_return_lag_19,10,-0.0006010023661160002,negative,0.0006010023661160002,0.0,1.0
era:2009-2018,volatility_lag_19,10,0.00043918499985965787,positive,0.00046762729958761044,0.9,0.1
era:2009-2018,sma20_ratio_lag_19,10,-0.0028479273311513694,negative,0.0028479273311513694,0.0,1.0
era:2009-2018,mom24_lag_19,10,-0.00024243638039275907,negative,0.00026058339157891425,0.1,0.9
era:2009-2018,xz_mom24_lag_19,10,-4.9061488033930756e-05,negative,7.940253516238524e-05,0.2,0.8
era:2009-2018,xr_mom24_lag_19,10,-8.703080927117762e-05,negative,0.00013565581101583401,0.2,0.8
era:2009-2018,carry_annual_lag_19,10,-0.0034225558194723622,negative,0.003591905241691517,0.4,0.6
era:2009-2018,xz_carry_lag_19,10,0.0032306838446024147,positive,0.0033446953983457565,0.6,0.4
era:2009-2018,log_return_lag_18,10,-0.0018563386983863992,negative,0.0018563386983863992,0.0,1.0
era:2009-2018,volatility_lag_18,10,-0.0009118888454117763,negative,0.0009118888454117763,0.0,1.0
era:2009-2018,sma20_ratio_lag_18,10,0.006092187964607833,positive,0.006092187964607833,1.0,0.0
era:2009-2018,mom24_lag_18,10,-0.000301901686202538,negative,0.00037342202741756924,0.1,0.9
era:2009-2018,xz_mom24_lag_18,10,-7.96255315792636e-05,negative,0.0001907719429548096,0.6,0.4
era:2009-2018,xr_mom24_lag_18,10,-1.0454297328808122e-05,negative,4.307143051892948e-05,0.4,0.6
era:2009-2018,carry_annual_lag_18,10,0.0022697983310534355,positive,0.0022697983310534355,1.0,0.0
era:2009-2018,xz_carry_lag_18,10,0.0001436201523314893,positive,0.001468777022491632,0.9,0.1
era:2009-2018,log_return_lag_17,10,0.0008040024952469958,positive,0.0008040024952469958,1.0,0.0
era:2009-2018,volatility_lag_17,10,-6.965218853855813e-05,negative,0.00025602431646081446,0.5,0.5
era:2009-2018,sma20_ratio_lag_17,10,0.0012785136309581098,positive,0.0013340964168698315,0.9,0.1
era:2009-2018,mom24_lag_17,10,-0.00010147810923411692,negative,0.00019236239529411714,0.4,0.6
era:2009-2018,xz_mom24_lag_17,10,-0.0002924334345126336,negative,0.0004041738530899125,0.1,0.9
era:2009-2018,xr_mom24_lag_17,10,0.0003414645953594281,positive,0.0003414645953594281,1.0,0.0
era:2009-2018,carry_annual_lag_17,10,0.0016578672442509458,positive,0.0016578672442509458,1.0,0.0
era:2009-2018,xz_carry_lag_17,10,-0.001009199697539882,negative,0.0010799696594350104,0.3,0.7
era:2009-2018,log_return_lag_16,10,0.0015906797108775962,positive,0.0015906797108775962,1.0,0.0
era:2009-2018,volatility_lag_16,10,0.0006461573095509652,positive,0.0006461573095509652,1.0,0.0
era:2009-2018,sma20_ratio_lag_16,10,-0.0026747072305409623,negative,0.0026747072305409623,0.0,1.0
era:2009-2018,mom24_lag_16,10,-0.0005556873194007951,negative,0.0005556873194007951,0.0,1.0
era:2009-2018,xz_mom24_lag_16,10,0.0004117715104673041,positive,0.0004117715104673041,1.0,0.0
era:2009-2018,xr_mom24_lag_16,10,-0.00016530596015969056,negative,0.00016530596015969056,0.0,1.0
era:2009-2018,carry_annual_lag_16,10,-0.002796139564280522,negative,0.002796139564280522,0.0,1.0
era:2009-2018,xz_carry_lag_16,10,-1.9514600343166878e-06,negative,0.0019708687078459097,0.1,0.9
era:2009-2018,log_return_lag_15,10,0.0004529940669902364,positive,0.001112137814075276,0.9,0.1
era:2009-2018,volatility_lag_15,10,-0.000619213694192571,negative,0.000619213694192571,0.0,1.0
era:2009-2018,sma20_ratio_lag_15,10,-0.003470716210881228,negative,0.004047264349374384,0.1,0.9
era:2009-2018,mom24_lag_15,10,-0.0002738535834347961,negative,0.0004683375093303994,0.1,0.9
era:2009-2018,xz_mom24_lag_15,10,-0.00018796537353788035,negative,0.00018796537353788035,0.0,1.0
era:2009-2018,xr_mom24_lag_15,10,-1.4356665934688886e-05,negative,4.127772362905994e-05,0.4,0.6
era:2009-2018,carry_annual_lag_15,10,-0.0012457805079209015,negative,0.0012549126823614234,0.1,0.9
era:2009-2018,xz_carry_lag_15,10,-0.0012042076313598285,negative,0.001515702433039946,0.4,0.6
era:2009-2018,log_return_lag_14,10,-0.0011581937316506984,negative,0.0011581937316506984,0.0,1.0
era:2009-2018,volatility_lag_14,10,-0.0005447398458204265,negative,0.0005447398458204265,0.0,1.0
era:2009-2018,sma20_ratio_lag_14,10,0.0008900614630770935,positive,0.001675761297877973,0.8,0.2
era:2009-2018,mom24_lag_14,10,0.00041653228493794564,positive,0.0004233172386810589,0.7,0.3
era:2009-2018,xz_mom24_lag_14,10,-2.197638108573949e-05,negative,0.0001447647331110389,0.1,0.9
era:2009-2018,xr_mom24_lag_14,10,9.175246463203921e-05,positive,0.00013315570055594575,0.9,0.1
era:2009-2018,carry_annual_lag_14,10,-9.856907306789804e-05,negative,0.000621405788039494,0.7,0.3
era:2009-2018,xz_carry_lag_14,10,0.00545567457260892,positive,0.00545567457260892,1.0,0.0
era:2009-2018,log_return_lag_13,10,-0.000635740343490204,negative,0.0006422146073987882,0.1,0.9
era:2009-2018,volatility_lag_13,10,0.000257187957132267,positive,0.0004934470379212971,0.7,0.3
era:2009-2018,sma20_ratio_lag_13,10,-0.004716741031396702,negative,0.004716741031396702,0.0,1.0
era:2009-2018,mom24_lag_13,10,-0.0005385922448352057,negative,0.0006402733319953585,0.1,0.9
era:2009-2018,xz_mom24_lag_13,10,1.7298632839353975e-05,positive,9.736969568170831e-05,0.7,0.3
era:2009-2018,xr_mom24_lag_13,10,-0.00026993379225653553,negative,0.00026993379225653553,0.0,1.0
era:2009-2018,carry_annual_lag_13,10,-0.003574162997308414,negative,0.003574162997308414,0.0,1.0
era:2009-2018,xz_carry_lag_13,10,0.001489469415151099,positive,0.0015124044586649805,0.9,0.1
era:2009-2018,log_return_lag_12,10,-0.002735415198227614,negative,0.002735415198227614,0.0,1.0
era:2009-2018,volatility_lag_12,10,0.0012794524423116248,positive,0.0012794524423116248,1.0,0.0
era:2009-2018,sma20_ratio_lag_12,10,0.0016103526100611468,positive,0.002774490228611999,0.2,0.8
era:2009-2018,mom24_lag_12,10,-9.1774508022269e-05,negative,0.00020421715575236524,0.3,0.7
era:2009-2018,xz_mom24_lag_12,10,5.889649231667531e-05,positive,7.278561016207847e-05,0.8,0.2
era:2009-2018,xr_mom24_lag_12,10,9.27240915119452e-05,positive,0.00010496334631204757,0.9,0.1
era:2009-2018,carry_annual_lag_12,10,0.00024192397805815742,positive,0.0014205447632268844,0.8,0.2
era:2009-2018,xz_carry_lag_12,10,-0.0013800065755037723,negative,0.0015473416611620327,0.2,0.8
era:2009-2018,log_return_lag_11,10,-0.0020225326747767306,negative,0.00255627901215687,0.1,0.9
era:2009-2018,volatility_lag_11,10,-0.0007655298798568812,negative,0.0007655298798568812,0.0,1.0
era:2009-2018,sma20_ratio_lag_11,10,0.001966511863825869,positive,0.004112051756337965,0.9,0.1
era:2009-2018,mom24_lag_11,10,-0.0003904642755700739,negative,0.0006128758284275693,0.1,0.9
era:2009-2018,xz_mom24_lag_11,10,-0.00012077570073593181,negative,0.000123068398400993,0.1,0.9
era:2009-2018,xr_mom24_lag_11,10,1.4834425606777764e-05,positive,2.8147687380048748e-05,0.6,0.4
era:2009-2018,carry_annual_lag_11,10,0.008111957332815936,positive,0.008111957332815936,1.0,0.0
era:2009-2018,xz_carry_lag_11,10,-0.00651239366388424,negative,0.00651239366388424,0.0,1.0
era:2009-2018,log_return_lag_10,10,-0.0013342405131317105,negative,0.0013342405131317105,0.0,1.0
era:2009-2018,volatility_lag_10,10,-0.00012354087663539652,negative,0.0002445164053173648,0.3,0.7
era:2009-2018,sma20_ratio_lag_10,10,0.006114500064914277,positive,0.006170017572094863,0.9,0.1
era:2009-2018,mom24_lag_10,10,-0.0001100929301022611,negative,0.0003805877529732787,0.1,0.9
era:2009-2018,xz_mom24_lag_10,10,-4.238691432145325e-05,negative,0.0001396526392991601,0.2,0.8
era:2009-2018,xr_mom24_lag_10,10,-0.00010301422284655988,negative,0.00010301422284655988,0.0,1.0
era:2009-2018,carry_annual_lag_10,10,-0.00023180950927641247,negative,0.0011674040475794134,0.7,0.3
era:2009-2018,xz_carry_lag_10,10,0.0027067354599814657,positive,0.0028848247679308784,0.9,0.1
era:2009-2018,log_return_lag_9,10,0.001518037346545476,positive,0.0018562254478914305,0.9,0.1
era:2009-2018,volatility_lag_9,10,0.0001325224771482828,positive,0.00043271079834818324,0.2,0.8
era:2009-2018,sma20_ratio_lag_9,10,0.0011236459166809748,positive,0.0011236459166809748,1.0,0.0
era:2009-2018,mom24_lag_9,10,0.0003587979959848274,positive,0.0003620043050470638,0.9,0.1
era:2009-2018,xz_mom24_lag_9,10,0.00037892200618412294,positive,0.00037892200618412294,1.0,0.0
era:2009-2018,xr_mom24_lag_9,10,-8.588379175627361e-05,negative,0.00010551180117735498,0.1,0.9
era:2009-2018,carry_annual_lag_9,10,-0.005259510485649118,negative,0.005259510485649118,0.0,1.0
era:2009-2018,xz_carry_lag_9,10,0.001849808956466031,positive,0.0020843274677155824,0.6,0.4
era:2009-2018,log_return_lag_8,10,0.002251425230234363,positive,0.0023578800334166884,0.9,0.1
era:2009-2018,volatility_lag_8,10,0.0001895739583837105,positive,0.0004251342289302064,0.8,0.2
era:2009-2018,sma20_ratio_lag_8,10,-0.004920774712893235,negative,0.004920774712893235,0.0,1.0
era:2009-2018,mom24_lag_8,10,-0.0005096764126161521,negative,0.0007978354989339919,0.1,0.9
era:2009-2018,xz_mom24_lag_8,10,0.00019363753652046003,positive,0.00021508117972017805,0.9,0.1
era:2009-2018,xr_mom24_lag_8,10,-0.00013759831343833958,negative,0.00013759831343833958,0.0,1.0
era:2009-2018,carry_annual_lag_8,10,0.0015294463087012094,positive,0.0020808850506455943,0.9,0.1
era:2009-2018,xz_carry_lag_8,10,-0.00027590888746118397,negative,0.0014897030674497524,0.1,0.9
era:2009-2018,log_return_lag_7,10,0.0001253914385161271,positive,0.0009188628174511085,0.7,0.3
era:2009-2018,volatility_lag_7,10,-0.0007949925472944295,negative,0.000846660875491192,0.1,0.9
era:2009-2018,sma20_ratio_lag_7,10,-0.0009308383003239446,negative,0.0012890033298921981,0.5,0.5
era:2009-2018,mom24_lag_7,10,-0.0005260037102964171,negative,0.0006368747555094036,0.1,0.9
era:2009-2018,xz_mom24_lag_7,10,-0.0004657399298392818,negative,0.0004657399298392818,0.0,1.0
era:2009-2018,xr_mom24_lag_7,10,0.0002169839212923103,positive,0.0002169839212923103,1.0,0.0
era:2009-2018,carry_annual_lag_7,10,-0.001181190514396454,negative,0.001557714413709932,0.5,0.5
era:2009-2018,xz_carry_lag_7,10,0.0008427416633995776,positive,0.0010662093259017759,0.5,0.5
era:2009-2018,log_return_lag_6,10,-0.0003405376544628446,negative,0.0009107157988066874,0.6,0.4
era:2009-2018,volatility_lag_6,10,0.0003249459647230429,positive,0.0008504824131312968,0.9,0.1
era:2009-2018,sma20_ratio_lag_6,10,0.007235247951593157,positive,0.007235247951593157,1.0,0.0
era:2009-2018,mom24_lag_6,10,-0.0006487217061064696,negative,0.0006487217061064696,0.0,1.0
era:2009-2018,xz_mom24_lag_6,10,-0.00015568477127893393,negative,0.00018605121322100808,0.2,0.8
era:2009-2018,xr_mom24_lag_6,10,9.619659284207228e-05,positive,9.619659284207228e-05,1.0,0.0
era:2009-2018,carry_annual_lag_6,10,0.005195252976470782,positive,0.005195252976470782,1.0,0.0
era:2009-2018,xz_carry_lag_6,10,-0.003719057047572291,negative,0.003913772274567541,0.4,0.6
era:2009-2018,log_return_lag_5,10,0.00288310440337998,positive,0.0034368555689248356,0.9,0.1
era:2009-2018,volatility_lag_5,10,0.0002744882248217111,positive,0.0004842374592581196,0.5,0.5
era:2009-2018,sma20_ratio_lag_5,10,-0.004166377198996882,negative,0.006831275720236755,0.1,0.9
era:2009-2018,mom24_lag_5,10,-0.00020804052819268742,negative,0.0002849323491527424,0.5,0.5
era:2009-2018,xz_mom24_lag_5,10,0.0005599223874186672,positive,0.0005599223874186672,1.0,0.0
era:2009-2018,xr_mom24_lag_5,10,-5.6563340714125716e-05,negative,6.575679478388401e-05,0.3,0.7
era:2009-2018,carry_annual_lag_5,10,-0.0014715866022413932,negative,0.0014715866022413932,0.0,1.0
era:2009-2018,xz_carry_lag_5,10,0.005093531674243745,positive,0.005230534966925974,0.6,0.4
era:2009-2018,log_return_lag_4,10,0.0012162694892352613,positive,0.0012162694892352613,1.0,0.0
era:2009-2018,volatility_lag_4,10,-0.0010073805456530809,negative,0.0010131561232913358,0.2,0.8
era:2009-2018,sma20_ratio_lag_4,10,0.0007855896352483507,positive,0.0009937809087060038,0.5,0.5
era:2009-2018,mom24_lag_4,10,0.0005788191642122709,positive,0.0006459291634104712,0.9,0.1
era:2009-2018,xz_mom24_lag_4,10,-0.00034155040003937525,negative,0.00034155040003937525,0.0,1.0
era:2009-2018,xr_mom24_lag_4,10,-7.603328557980412e-05,negative,0.00013059188603459432,0.2,0.8
era:2009-2018,carry_annual_lag_4,10,-0.002789200168248529,negative,0.002789200168248529,0.0,1.0
era:2009-2018,xz_carry_lag_4,10,-0.007702944304281712,negative,0.007702944304281712,0.0,1.0
era:2009-2018,log_return_lag_3,10,0.0017664033958222033,positive,0.0017664033958222033,1.0,0.0
era:2009-2018,volatility_lag_3,10,0.001550563819434051,positive,0.001550563819434051,1.0,0.0
era:2009-2018,sma20_ratio_lag_3,10,-0.002790610968837736,negative,0.002790610968837736,0.0,1.0
era:2009-2018,mom24_lag_3,10,0.0005922775196371789,positive,0.0006477783198957761,0.9,0.1
era:2009-2018,xz_mom24_lag_3,10,-0.0002734470476555443,negative,0.0002734470476555443,0.0,1.0
era:2009-2018,xr_mom24_lag_3,10,0.0002772486359774932,positive,0.0002772486359774932,1.0,0.0
era:2009-2018,carry_annual_lag_3,10,0.0036822150651642247,positive,0.0036822150651642247,1.0,0.0
era:2009-2018,xz_carry_lag_3,10,-0.000790848098509871,negative,0.0010411956198806268,0.2,0.8
era:2009-2018,log_return_lag_2,10,0.0007846451935230172,positive,0.0007846451935230172,1.0,0.0
era:2009-2018,volatility_lag_2,10,-0.001298395389650806,negative,0.0013945698007954339,0.1,0.9
era:2009-2018,sma20_ratio_lag_2,10,-0.0019512962039310872,negative,0.0019512962039310872,0.0,1.0
era:2009-2018,mom24_lag_2,10,0.0007140790331692016,positive,0.0007530447135443348,0.9,0.1
era:2009-2018,xz_mom24_lag_2,10,0.0002929548032037377,positive,0.0002929548032037377,1.0,0.0
era:2009-2018,xr_mom24_lag_2,10,-0.0002176358677312365,negative,0.0002176358677312365,0.0,1.0
era:2009-2018,carry_annual_lag_2,10,-0.0015776281146892498,negative,0.0015776281146892498,0.0,1.0
era:2009-2018,xz_carry_lag_2,10,0.0001849775985006002,positive,0.0022589564343310276,0.1,0.9
era:2009-2018,log_return_lag_1,10,0.00021317669901067755,positive,0.0007156945737311928,0.9,0.1
era:2009-2018,volatility_lag_1,10,-0.0005855994431172115,negative,0.0007103786965743004,0.3,0.7
era:2009-2018,sma20_ratio_lag_1,10,0.002448380941766629,positive,0.0024572907473600714,0.9,0.1
era:2009-2018,mom24_lag_1,10,0.0011146832588084835,positive,0.0013350413322395101,0.9,0.1
era:2009-2018,xz_mom24_lag_1,10,0.00025017373180008106,positive,0.00025017373180008106,1.0,0.0
era:2009-2018,xr_mom24_lag_1,10,0.00015163603464001348,positive,0.00017562338131872656,0.9,0.1
era:2009-2018,carry_annual_lag_1,10,-0.0009099507548503439,negative,0.0014426910061414386,0.1,0.9
era:2009-2018,xz_carry_lag_1,10,0.0009676863698241895,positive,0.002640170978982801,0.9,0.1
era:2009-2018,log_return_lag_0,10,0.0015111801504837019,positive,0.0016269230240942081,0.9,0.1
era:2009-2018,volatility_lag_0,10,0.0013395389533393932,positive,0.0013395389533393932,1.0,0.0
era:2009-2018,sma20_ratio_lag_0,10,-0.004758465214826249,negative,0.0050611673201266414,0.1,0.9
era:2009-2018,mom24_lag_0,10,0.0017153378893098568,positive,0.0019244690161202053,0.9,0.1
era:2009-2018,xz_mom24_lag_0,10,-0.00023330862277394209,negative,0.00023330862277394209,0.0,1.0
era:2009-2018,xr_mom24_lag_0,10,-0.00017915742791844443,negative,0.00017915742791844443,0.0,1.0
era:2009-2018,carry_annual_lag_0,10,-0.0014028809512228175,negative,0.0014421288032727413,0.4,0.6
era:2009-2018,xz_carry_lag_0,10,0.004339842907914443,positive,0.004339842907914443,1.0,0.0
era:2019-2025,log_return_lag_31,7,4.391925371985068e-05,positive,4.391925371985068e-05,1.0,0.0
era:2019-2025,volatility_lag_31,7,-0.00017603634903021892,negative,0.00017603634903021892,0.0,1.0
era:2019-2025,sma20_ratio_lag_31,7,0.00019540473222952873,positive,0.00019540473222952873,1.0,0.0
era:2019-2025,mom24_lag_31,7,4.0516306369718165e-05,positive,4.0516306369718165e-05,1.0,0.0
era:2019-2025,xz_mom24_lag_31,7,-0.0002624780848289779,negative,0.0002624780848289779,0.0,1.0
era:2019-2025,xr_mom24_lag_31,7,0.0002315686760152851,positive,0.0002315686760152851,1.0,0.0
era:2019-2025,carry_annual_lag_31,7,0.0013358196939432284,positive,0.001408029571503477,0.7142857142857143,0.2857142857142857
era:2019-2025,xz_carry_lag_31,7,-0.0027020920521129165,negative,0.0027020920521129165,0.0,1.0
era:2019-2025,log_return_lag_30,7,0.00021975269530532553,positive,0.00021975269530532553,1.0,0.0
era:2019-2025,volatility_lag_30,7,0.00010711727649511786,positive,0.00010711727649511786,1.0,0.0
era:2019-2025,sma20_ratio_lag_30,7,0.000766551730392178,positive,0.000766551730392178,1.0,0.0
era:2019-2025,mom24_lag_30,7,3.510866202929584e-05,positive,3.510866202929584e-05,1.0,0.0
era:2019-2025,xz_mom24_lag_30,7,0.00013791636990378783,positive,0.00013791636990378783,1.0,0.0
era:2019-2025,xr_mom24_lag_30,7,-0.0001425820065265142,negative,0.0001425820065265142,0.0,1.0
era:2019-2025,carry_annual_lag_30,7,-0.00408080351582124,negative,0.00408080351582124,0.0,1.0
era:2019-2025,xz_carry_lag_30,7,0.002712257557744971,positive,0.002712257557744971,1.0,0.0
era:2019-2025,log_return_lag_29,7,0.0006173299974610885,positive,0.0006173299974610885,1.0,0.0
era:2019-2025,volatility_lag_29,7,-0.0001932447549361183,negative,0.0001932447549361183,0.0,1.0
era:2019-2025,sma20_ratio_lag_29,7,-0.005290049791254074,negative,0.005290049791254074,0.0,1.0
era:2019-2025,mom24_lag_29,7,-5.400256076684562e-05,negative,5.400256076684562e-05,0.0,1.0
era:2019-2025,xz_mom24_lag_29,7,-2.5251990937179383e-06,negative,3.233899438742419e-05,0.7142857142857143,0.2857142857142857
era:2019-2025,xr_mom24_lag_29,7,0.00013614176488282466,positive,0.00013614176488282466,1.0,0.0
era:2019-2025,carry_annual_lag_29,7,0.003108851311637441,positive,0.003108851311637441,1.0,0.0
era:2019-2025,xz_carry_lag_29,7,0.0011265441950576553,positive,0.0011907339513540813,0.8571428571428571,0.14285714285714285
era:2019-2025,log_return_lag_28,7,-0.00182827958175618,negative,0.00182827958175618,0.0,1.0
era:2019-2025,volatility_lag_28,7,0.00032953244759022704,positive,0.00032953244759022704,1.0,0.0
era:2019-2025,sma20_ratio_lag_28,7,0.006937062857618266,positive,0.006937062857618266,1.0,0.0
era:2019-2025,mom24_lag_28,7,-5.382621735837549e-05,negative,5.382621735837549e-05,0.0,1.0
era:2019-2025,xz_mom24_lag_28,7,5.168106261741223e-05,positive,5.168106261741223e-05,1.0,0.0
era:2019-2025,xr_mom24_lag_28,7,-0.00018088440032281095,negative,0.00018088440032281095,0.0,1.0
era:2019-2025,carry_annual_lag_28,7,-0.0032307318867247697,negative,0.0032307318867247697,0.0,1.0
era:2019-2025,xz_carry_lag_28,7,-0.00015355179315677865,negative,0.00042149152687651385,0.7142857142857143,0.2857142857142857
era:2019-2025,log_return_lag_27,7,0.0008704342981723536,positive,0.0008704342981723536,1.0,0.0
era:2019-2025,volatility_lag_27,7,-0.00011102949044192532,negative,0.00012122182734798413,0.14285714285714285,0.8571428571428571
era:2019-2025,sma20_ratio_lag_27,7,-0.0009722930506564046,negative,0.0009722930506564046,0.0,1.0
era:2019-2025,mom24_lag_27,7,2.392515395817672e-05,positive,2.924758349851928e-05,0.7142857142857143,0.2857142857142857
era:2019-2025,xz_mom24_lag_27,7,3.308143310343241e-05,positive,3.308143310343241e-05,1.0,0.0
era:2019-2025,xr_mom24_lag_27,7,-3.7281263552174894e-05,negative,3.7281263552174894e-05,0.0,1.0
era:2019-2025,carry_annual_lag_27,7,0.0020501692317459164,positive,0.0020501692317459164,1.0,0.0
era:2019-2025,xz_carry_lag_27,7,0.0013767493244782347,positive,0.0013767493244782347,1.0,0.0
era:2019-2025,log_return_lag_26,7,0.00032818298672295627,positive,0.00032818298672295627,1.0,0.0
era:2019-2025,volatility_lag_26,7,0.0003308701376325721,positive,0.0003308701376325721,1.0,0.0
era:2019-2025,sma20_ratio_lag_26,7,-0.003209279679903757,negative,0.003209279679903757,0.0,1.0
era:2019-2025,mom24_lag_26,7,-6.0138051644875075e-05,negative,6.794382626058093e-05,0.14285714285714285,0.8571428571428571
era:2019-2025,xz_mom24_lag_26,7,8.763100017261662e-05,positive,8.763100017261662e-05,1.0,0.0
era:2019-2025,xr_mom24_lag_26,7,-3.135960456324986e-05,negative,3.308824354471438e-05,0.14285714285714285,0.8571428571428571
era:2019-2025,carry_annual_lag_26,7,-3.623743432517003e-05,negative,0.00045137008464209144,0.7142857142857143,0.2857142857142857
era:2019-2025,xz_carry_lag_26,7,0.0020530611538521304,positive,0.0020530611538521304,1.0,0.0
era:2019-2025,log_return_lag_25,7,-0.0012642048507774638,negative,0.0012642048507774638,0.0,1.0
era:2019-2025,volatility_lag_25,7,7.618712068970684e-05,positive,9.2284982965819e-05,0.8571428571428571,0.14285714285714285
era:2019-2025,sma20_ratio_lag_25,7,0.0008124006424642027,positive,0.0008124006424642027,1.0,0.0
era:2019-2025,mom24_lag_25,7,-0.0001506422004875256,negative,0.00015594683173910114,0.14285714285714285,0.8571428571428571
era:2019-2025,xz_mom24_lag_25,7,0.00011031232620295957,positive,0.00011031232620295957,1.0,0.0
era:2019-2025,xr_mom24_lag_25,7,-4.391835982810411e-05,negative,4.391835982810411e-05,0.0,1.0
era:2019-2025,carry_annual_lag_25,7,-0.001072707212698878,negative,0.001072707212698878,0.0,1.0
era:2019-2025,xz_carry_lag_25,7,-0.0013352537147234497,negative,0.0013352537147234497,0.0,1.0
era:2019-2025,log_return_lag_24,7,-0.001339320433179234,negative,0.001339320433179234,0.0,1.0
era:2019-2025,volatility_lag_24,7,-0.0005548010610914204,negative,0.0005548010610914204,0.0,1.0
era:2019-2025,sma20_ratio_lag_24,7,0.0059101821037361325,positive,0.0059101821037361325,1.0,0.0
era:2019-2025,mom24_lag_24,7,0.0004624519961285551,positive,0.0004624519961285551,1.0,0.0
era:2019-2025,xz_mom24_lag_24,7,-0.00020717347080757443,negative,0.00020717347080757443,0.0,1.0
era:2019-2025,xr_mom24_lag_24,7,5.97891615439191e-05,positive,5.97891615439191e-05,1.0,0.0
era:2019-2025,carry_annual_lag_24,7,-0.0022398808386040804,negative,0.0022398808386040804,0.0,1.0
era:2019-2025,xz_carry_lag_24,7,0.0012658207745231173,positive,0.0013920568731411909,0.5714285714285714,0.42857142857142855
era:2019-2025,log_return_lag_23,7,0.0009714791647776219,positive,0.0009714791647776219,1.0,0.0
era:2019-2025,volatility_lag_23,7,-8.005568129689197e-05,negative,8.376790208176733e-05,0.2857142857142857,0.7142857142857143
era:2019-2025,sma20_ratio_lag_23,7,-0.0024005256259157738,negative,0.0024005256259157738,0.0,1.0
era:2019-2025,mom24_lag_23,7,-8.115401178137023e-05,negative,8.115401178137023e-05,0.0,1.0
era:2019-2025,xz_mom24_lag_23,7,-0.00012289744664949217,negative,0.00012289744664949217,0.0,1.0
era:2019-2025,xr_mom24_lag_23,7,7.792593243878848e-05,positive,7.792593243878848e-05,1.0,0.0
era:2019-2025,carry_annual_lag_23,7,0.0003583545205092456,positive,0.0004278441575461931,0.7142857142857143,0.2857142857142857
era:2019-2025,xz_carry_lag_23,7,-0.001630762064007109,negative,0.001630762064007109,0.0,1.0
era:2019-2025,log_return_lag_22,7,-3.4854430211365124e-05,negative,8.571724604064935e-05,0.42857142857142855,0.5714285714285714
era:2019-2025,volatility_lag_22,7,6.363389865275233e-05,positive,0.00013727523558680532,0.5714285714285714,0.42857142857142855
era:2019-2025,sma20_ratio_lag_22,7,-0.000814679873777902,negative,0.000814679873777902,0.0,1.0
era:2019-2025,mom24_lag_22,7,-0.00024099962602273537,negative,0.00024099962602273537,0.0,1.0
era:2019-2025,xz_mom24_lag_22,7,-2.1384335118936616e-05,negative,3.6092038214758336e-05,0.2857142857142857,0.7142857142857143
era:2019-2025,xr_mom24_lag_22,7,0.0001174319093643192,positive,0.0001174319093643192,1.0,0.0
era:2019-2025,carry_annual_lag_22,7,0.0013176488953838756,positive,0.0013176488953838756,1.0,0.0
era:2019-2025,xz_carry_lag_22,7,-0.0011530993590640934,negative,0.0011530993590640934,0.0,1.0
era:2019-2025,log_return_lag_21,7,-0.00042611876065537415,negative,0.00042611876065537415,0.0,1.0
era:2019-2025,volatility_lag_21,7,0.00025250128225722077,positive,0.00025250128225722077,1.0,0.0
era:2019-2025,sma20_ratio_lag_21,7,0.003460495380066414,positive,0.003460495380066414,1.0,0.0
era:2019-2025,mom24_lag_21,7,0.00018817794542097126,positive,0.00018817794542097126,1.0,0.0
era:2019-2025,xz_mom24_lag_21,7,-7.615846364529476e-05,negative,7.615846364529476e-05,0.0,1.0
era:2019-2025,xr_mom24_lag_21,7,4.143306740283404e-06,positive,2.2757327770883337e-05,0.5714285714285714,0.42857142857142855
era:2019-2025,carry_annual_lag_21,7,0.0010973789592464082,positive,0.0010973789592464082,1.0,0.0
era:2019-2025,xz_carry_lag_21,7,-0.0006673533989312389,negative,0.0007991763013545707,0.14285714285714285,0.8571428571428571
era:2019-2025,log_return_lag_20,7,0.001258457578610653,positive,0.001258457578610653,1.0,0.0
era:2019-2025,volatility_lag_20,7,-0.0001599526219420134,negative,0.0001599526219420134,0.0,1.0
era:2019-2025,sma20_ratio_lag_20,7,-0.003531854355642252,negative,0.003531854355642252,0.0,1.0
era:2019-2025,mom24_lag_20,7,-4.106296542251072e-05,negative,8.331706335041555e-05,0.2857142857142857,0.7142857142857143
era:2019-2025,xz_mom24_lag_20,7,0.00017097052664707016,positive,0.00017097052664707016,1.0,0.0
era:2019-2025,xr_mom24_lag_20,7,2.21957860913849e-06,positive,1.5518876001571503e-05,0.42857142857142855,0.5714285714285714
era:2019-2025,carry_annual_lag_20,7,0.0028128617464994315,positive,0.0028128617464994315,1.0,0.0
era:2019-2025,xz_carry_lag_20,7,-0.002349649650540009,negative,0.002349649650540009,0.0,1.0
era:2019-2025,log_return_lag_19,7,-0.00021104243533908863,negative,0.0002643092598054758,0.2857142857142857,0.7142857142857143
era:2019-2025,volatility_lag_19,7,0.0003085829057374838,positive,0.0003085829057374838,1.0,0.0
era:2019-2025,sma20_ratio_lag_19,7,-0.0011619259212345948,negative,0.0011619259212345948,0.0,1.0
era:2019-2025,mom24_lag_19,7,-0.0003255038084185971,negative,0.0003255038084185971,0.0,1.0
era:2019-2025,xz_mom24_lag_19,7,-0.0001294039472225148,negative,0.0001294039472225148,0.0,1.0
era:2019-2025,xr_mom24_lag_19,7,-0.00011133734338143653,negative,0.00011133734338143653,0.0,1.0
era:2019-2025,carry_annual_lag_19,7,-0.0015364289841493164,negative,0.0015770487567902808,0.14285714285714285,0.8571428571428571
era:2019-2025,xz_carry_lag_19,7,0.0010719664934496123,positive,0.0012678024626317078,0.5714285714285714,0.42857142857142855
era:2019-2025,log_return_lag_18,7,-0.0006906431193146795,negative,0.0006906431193146795,0.0,1.0
era:2019-2025,volatility_lag_18,7,-0.0003231709224293105,negative,0.0003231709224293105,0.0,1.0
era:2019-2025,sma20_ratio_lag_18,7,0.003793521779571833,positive,0.003793521779571833,1.0,0.0
era:2019-2025,mom24_lag_18,7,-0.00033534323170718316,negative,0.00033534323170718316,0.0,1.0
era:2019-2025,xz_mom24_lag_18,7,0.00014472535618388263,positive,0.00014472535618388263,1.0,0.0
era:2019-2025,xr_mom24_lag_18,7,-1.817973100779791e-05,negative,2.1504413810886188e-05,0.14285714285714285,0.8571428571428571
era:2019-2025,carry_annual_lag_18,7,0.002122220096050096,positive,0.002122220096050096,1.0,0.0
era:2019-2025,xz_carry_lag_18,7,-0.00033539655009775214,negative,0.0005722020765210544,0.42857142857142855,0.5714285714285714
era:2019-2025,log_return_lag_17,7,0.0010029823523487022,positive,0.0010029823523487022,1.0,0.0
era:2019-2025,volatility_lag_17,7,5.153705729591407e-06,positive,4.30585023262814e-05,0.5714285714285714,0.42857142857142855
era:2019-2025,sma20_ratio_lag_17,7,0.00029104800628819167,positive,0.0004491637719300502,0.7142857142857143,0.2857142857142857
era:2019-2025,mom24_lag_17,7,-0.00023313070970028263,negative,0.00023313070970028263,0.0,1.0
era:2019-2025,xz_mom24_lag_17,7,-0.00025018291519828537,negative,0.00025018291519828537,0.0,1.0
era:2019-2025,xr_mom24_lag_17,7,0.00026322691329314714,positive,0.00026322691329314714,1.0,0.0
era:2019-2025,carry_annual_lag_17,7,0.00044553737302608347,positive,0.00045974392446322644,0.7142857142857143,0.2857142857142857
era:2019-2025,xz_carry_lag_17,7,-5.5336227100436004e-05,negative,0.00041376067801995967,0.5714285714285714,0.42857142857142855
era:2019-2025,log_return_lag_16,7,0.001289283705780032,positive,0.001289283705780032,1.0,0.0
era:2019-2025,volatility_lag_16,7,0.0002703007578899431,positive,0.0002703007578899431,1.0,0.0
era:2019-2025,sma20_ratio_lag_16,7,-0.0016955034021034104,negative,0.0016955034021034104,0.0,1.0
era:2019-2025,mom24_lag_16,7,-0.00036564278267304417,negative,0.00036564278267304417,0.0,1.0
era:2019-2025,xz_mom24_lag_16,7,0.00027126733656387584,positive,0.00027126733656387584,1.0,0.0
era:2019-2025,xr_mom24_lag_16,7,-0.00016775448806367055,negative,0.00016775448806367055,0.0,1.0
era:2019-2025,carry_annual_lag_16,7,-0.0016922601474580212,negative,0.0016922601474580212,0.0,1.0
era:2019-2025,xz_carry_lag_16,7,-0.0003065906357745153,negative,0.0005295712820051546,0.2857142857142857,0.7142857142857143
era:2019-2025,log_return_lag_15,7,0.0006258266309364928,positive,0.0006258266309364928,1.0,0.0
era:2019-2025,volatility_lag_15,7,-0.00025717755338854363,negative,0.00025717755338854363,0.0,1.0
era:2019-2025,sma20_ratio_lag_15,7,-0.002859606076231252,negative,0.002859606076231252,0.0,1.0
era:2019-2025,mom24_lag_15,7,-0.00040408003432318125,negative,0.00040408003432318125,0.0,1.0
era:2019-2025,xz_mom24_lag_15,7,-4.4509751544624585e-05,negative,5.019300773635134e-05,0.14285714285714285,0.8571428571428571
era:2019-2025,xr_mom24_lag_15,7,-7.294820314305926e-06,negative,1.3279811992170131e-05,0.42857142857142855,0.5714285714285714
era:2019-2025,carry_annual_lag_15,7,-0.0011448339121065618,negative,0.0011448339121065618,0.0,1.0
era:2019-2025,xz_carry_lag_15,7,-0.0005177427384416308,negative,0.0007022990572798651,0.2857142857142857,0.7142857142857143
era:2019-2025,log_return_lag_14,7,-0.0006433162086004466,negative,0.0006433162086004466,0.0,1.0
era:2019-2025,volatility_lag_14,7,2.275209726393474e-05,positive,6.1000250770005746e-05,0.7142857142857143,0.2857142857142857
era:2019-2025,sma20_ratio_lag_14,7,0.0015497286017675926,positive,0.0015497286017675926,1.0,0.0
era:2019-2025,mom24_lag_14,7,-3.0180582962643025e-05,negative,8.39729456325364e-05,0.2857142857142857,0.7142857142857143
era:2019-2025,xz_mom24_lag_14,7,-3.99722730077045e-05,negative,3.99722730077045e-05,0.0,1.0
era:2019-2025,xr_mom24_lag_14,7,9.225879170317892e-05,positive,9.225879170317892e-05,1.0,0.0
era:2019-2025,carry_annual_lag_14,7,0.00023958036233765492,positive,0.00026816621157124156,0.7142857142857143,0.2857142857142857
era:2019-2025,xz_carry_lag_14,7,0.003018451093288551,positive,0.003018451093288551,1.0,0.0
era:2019-2025,log_return_lag_13,7,9.473979104549062e-05,positive,0.00028180136705438367,0.5714285714285714,0.42857142857142855
era:2019-2025,volatility_lag_13,7,-0.00019541108806946022,negative,0.00019541108806946022,0.0,1.0
era:2019-2025,sma20_ratio_lag_13,7,-0.0033420820285900424,negative,0.0033420820285900424,0.0,1.0
era:2019-2025,mom24_lag_13,7,-0.0004922530850594249,negative,0.0004922530850594249,0.0,1.0
era:2019-2025,xz_mom24_lag_13,7,-3.862517433713152e-05,negative,4.589748880454482e-05,0.14285714285714285,0.8571428571428571
era:2019-2025,xr_mom24_lag_13,7,-0.00013963958280239984,negative,0.00013963958280239984,0.0,1.0
era:2019-2025,carry_annual_lag_13,7,-0.0026889168350289765,negative,0.0026889168350289765,0.0,1.0
era:2019-2025,xz_carry_lag_13,7,0.0007605416347106267,positive,0.0008013134107260641,0.8571428571428571,0.14285714285714285
era:2019-2025,log_return_lag_12,7,-0.0013343864249982002,negative,0.0013343864249982002,0.0,1.0
era:2019-2025,volatility_lag_12,7,0.00047884322803026807,positive,0.00047884322803026807,1.0,0.0
era:2019-2025,sma20_ratio_lag_12,7,-0.0011712344618845076,negative,0.0011712344618845076,0.0,1.0
era:2019-2025,mom24_lag_12,7,-0.0003036721034874499,negative,0.0003036721034874499,0.0,1.0
era:2019-2025,xz_mom24_lag_12,7,0.0001244497675406817,positive,0.0001244497675406817,1.0,0.0
era:2019-2025,xr_mom24_lag_12,7,1.4586685971115155e-05,positive,2.5051188373424072e-05,0.42857142857142855,0.5714285714285714
era:2019-2025,carry_annual_lag_12,7,0.0005211383694266236,positive,0.0005211383694266236,1.0,0.0
era:2019-2025,xz_carry_lag_12,7,-0.0013941439263078614,negative,0.0013941439263078614,0.0,1.0
era:2019-2025,log_return_lag_11,7,-0.001839741874783418,negative,0.001839741874783418,0.0,1.0
era:2019-2025,volatility_lag_11,7,-0.00022347532147928484,negative,0.00022347532147928484,0.0,1.0
era:2019-2025,sma20_ratio_lag_11,7,0.0029618798366914155,positive,0.0029618798366914155,1.0,0.0
era:2019-2025,mom24_lag_11,7,-0.00033334079632148375,negative,0.00033334079632148375,0.0,1.0
era:2019-2025,xz_mom24_lag_11,7,-0.00014025007849910058,negative,0.00014025007849910058,0.0,1.0
era:2019-2025,xr_mom24_lag_11,7,2.5786503368718347e-05,positive,2.5786503368718347e-05,1.0,0.0
era:2019-2025,carry_annual_lag_11,7,0.004744870775364494,positive,0.004744870775364494,1.0,0.0
era:2019-2025,xz_carry_lag_11,7,-0.0015771030149445606,negative,0.0017574363072531559,0.42857142857142855,0.5714285714285714
era:2019-2025,log_return_lag_10,7,-0.0006551614114740523,negative,0.0006551614114740523,0.0,1.0
era:2019-2025,volatility_lag_10,7,-0.00015247645771896304,negative,0.00015247645771896304,0.0,1.0
era:2019-2025,sma20_ratio_lag_10,7,0.003318290438023509,positive,0.003318290438023509,1.0,0.0
era:2019-2025,mom24_lag_10,7,-0.0001816040655794995,negative,0.0001816040655794995,0.0,1.0
era:2019-2025,xz_mom24_lag_10,7,-9.312565211524773e-05,negative,9.312565211524773e-05,0.0,1.0
era:2019-2025,xr_mom24_lag_10,7,-2.11052317519315e-05,negative,2.6629175310997963e-05,0.42857142857142855,0.5714285714285714
era:2019-2025,carry_annual_lag_10,7,0.000641162409778696,positive,0.000641162409778696,1.0,0.0
era:2019-2025,xz_carry_lag_10,7,-8.466408896463385e-05,negative,0.0004342210235132081,0.5714285714285714,0.42857142857142855
era:2019-2025,log_return_lag_9,7,0.0008637679641952341,positive,0.0008637679641952341,1.0,0.0
era:2019-2025,volatility_lag_9,7,-0.0001529034797537496,negative,0.0001529034797537496,0.0,1.0
era:2019-2025,sma20_ratio_lag_9,7,0.0016174181639876006,positive,0.0016174181639876006,1.0,0.0
era:2019-2025,mom24_lag_9,7,-2.66982853543838e-05,negative,6.671381229433871e-05,0.42857142857142855,0.5714285714285714
era:2019-2025,xz_mom24_lag_9,7,0.00022032808094917542,positive,0.00022032808094917542,1.0,0.0
era:2019-2025,xr_mom24_lag_9,7,-4.9000047173496675e-05,negative,4.9000047173496675e-05,0.0,1.0
era:2019-2025,carry_annual_lag_9,7,-0.0030835137805987596,negative,0.0030835137805987596,0.0,1.0
era:2019-2025,xz_carry_lag_9,7,0.0027182597785690545,positive,0.0027182597785690545,1.0,0.0
era:2019-2025,log_return_lag_8,7,0.0017098119169650218,positive,0.0017098119169650218,1.0,0.0
era:2019-2025,volatility_lag_8,7,0.0003588321873682537,positive,0.0003588321873682537,1.0,0.0
era:2019-2025,sma20_ratio_lag_8,7,-0.0045697434575182605,negative,0.0045697434575182605,0.0,1.0
era:2019-2025,mom24_lag_8,7,-8.293917954881924e-05,negative,9.223070010636773e-05,0.14285714285714285,0.8571428571428571
era:2019-2025,xz_mom24_lag_8,7,0.00011972462599699619,positive,0.00011972462599699619,1.0,0.0
era:2019-2025,xr_mom24_lag_8,7,-6.816475020431549e-05,negative,6.816475020431549e-05,0.0,1.0
era:2019-2025,carry_annual_lag_8,7,0.0013908855324657949,positive,0.0013908855324657949,1.0,0.0
era:2019-2025,xz_carry_lag_8,7,-0.0018949505252008406,negative,0.0018949505252008406,0.0,1.0
era:2019-2025,log_return_lag_7,7,-0.00013661645402299836,negative,0.00019502632529176962,0.42857142857142855,0.5714285714285714
era:2019-2025,volatility_lag_7,7,-0.000745669146523017,negative,0.000745669146523017,0.0,1.0
era:2019-2025,sma20_ratio_lag_7,7,-0.00021646317789765677,negative,0.0003419276224160719,0.2857142857142857,0.7142857142857143
era:2019-2025,mom24_lag_7,7,-0.0001232990684213959,negative,0.0001232990684213959,0.0,1.0
era:2019-2025,xz_mom24_lag_7,7,-0.0001894152223550462,negative,0.0001894152223550462,0.0,1.0
era:2019-2025,xr_mom24_lag_7,7,4.5872574568110663e-05,positive,4.5872574568110663e-05,1.0,0.0
era:2019-2025,carry_annual_lag_7,7,-0.0014613518283102826,negative,0.0014613518283102826,0.0,1.0
era:2019-2025,xz_carry_lag_7,7,0.0005489576228929919,positive,0.0006335388624482321,0.7142857142857143,0.2857142857142857
era:2019-2025,log_return_lag_6,7,-0.00016617702039660136,negative,0.0003111009509011189,0.42857142857142855,0.5714285714285714
era:2019-2025,volatility_lag_6,7,0.0006018054958892254,positive,0.0006018054958892254,1.0,0.0
era:2019-2025,sma20_ratio_lag_6,7,0.005297050786990323,positive,0.005297050786990323,1.0,0.0
era:2019-2025,mom24_lag_6,7,-0.00020950754203253422,negative,0.00020950754203253422,0.0,1.0
era:2019-2025,xz_mom24_lag_6,7,-0.00018793612664596166,negative,0.00018793612664596166,0.0,1.0
era:2019-2025,xr_mom24_lag_6,7,0.00015574636182555632,positive,0.00015574636182555632,1.0,0.0
era:2019-2025,carry_annual_lag_6,7,0.003258371856542518,positive,0.003258371856542518,1.0,0.0
era:2019-2025,xz_carry_lag_6,7,-0.00032883942352293297,negative,0.0008912736554967802,0.5714285714285714,0.42857142857142855
era:2019-2025,log_return_lag_5,7,0.002203555220390613,positive,0.002203555220390613,1.0,0.0
era:2019-2025,volatility_lag_5,7,-1.3949073901628045e-05,negative,6.127379627767763e-05,0.42857142857142855,0.5714285714285714
era:2019-2025,sma20_ratio_lag_5,7,-0.004640239865920394,negative,0.004640239865920394,0.0,1.0
era:2019-2025,mom24_lag_5,7,0.00014502781346135992,positive,0.00014502781346135992,1.0,0.0
era:2019-2025,xz_mom24_lag_5,7,0.0002530821085752014,positive,0.0002530821085752014,1.0,0.0
era:2019-2025,xr_mom24_lag_5,7,3.2779513623568996e-06,positive,1.9055998850212817e-05,0.42857142857142855,0.5714285714285714
era:2019-2025,carry_annual_lag_5,7,-0.0006042151620715817,negative,0.0006279065277925171,0.14285714285714285,0.8571428571428571
era:2019-2025,xz_carry_lag_5,7,-4.241164372535902e-05,negative,0.0008654179970767797,0.42857142857142855,0.5714285714285714
era:2019-2025,log_return_lag_4,7,0.0003967099230856587,positive,0.0003967099230856587,1.0,0.0
era:2019-2025,volatility_lag_4,7,-3.478645570672371e-05,negative,5.726617885162716e-05,0.5714285714285714,0.42857142857142855
era:2019-2025,sma20_ratio_lag_4,7,0.001032181309586443,positive,0.001032181309586443,1.0,0.0
era:2019-2025,mom24_lag_4,7,0.0006418370147455966,positive,0.0006418370147455966,1.0,0.0
era:2019-2025,xz_mom24_lag_4,7,-7.33721511354869e-05,negative,8.028636057988931e-05,0.14285714285714285,0.8571428571428571
era:2019-2025,xr_mom24_lag_4,7,-0.00015294580760953966,negative,0.00015294580760953966,0.0,1.0
era:2019-2025,carry_annual_lag_4,7,-0.0028702753881219745,negative,0.0028702753881219745,0.0,1.0
era:2019-2025,xz_carry_lag_4,7,-0.00147786962180801,negative,0.001840246401796328,0.14285714285714285,0.8571428571428571
era:2019-2025,log_return_lag_3,7,0.0010744954641875195,positive,0.0010744954641875195,1.0,0.0
era:2019-2025,volatility_lag_3,7,0.0006655364976986412,positive,0.0006655364976986412,1.0,0.0
era:2019-2025,sma20_ratio_lag_3,7,-0.0012759595824407863,negative,0.0012759595824407863,0.0,1.0
era:2019-2025,mom24_lag_3,7,0.0006876082606659038,positive,0.0006876082606659038,1.0,0.0
era:2019-2025,xz_mom24_lag_3,7,-8.20361606550278e-05,negative,8.20361606550278e-05,0.0,1.0
era:2019-2025,xr_mom24_lag_3,7,2.9772579334015692e-05,positive,2.9981347806578842e-05,0.8571428571428571,0.14285714285714285
era:2019-2025,carry_annual_lag_3,7,0.0021128236102539145,positive,0.0021128236102539145,1.0,0.0
era:2019-2025,xz_carry_lag_3,7,-0.0013150645373472426,negative,0.0013150645373472426,0.0,1.0
era:2019-2025,log_return_lag_2,7,0.0007672943602131577,positive,0.0007672943602131577,1.0,0.0
era:2019-2025,volatility_lag_2,7,-0.0010854636410527478,negative,0.0010854636410527478,0.0,1.0
era:2019-2025,sma20_ratio_lag_2,7,-0.0024909263135667633,negative,0.0024909263135667633,0.0,1.0
era:2019-2025,mom24_lag_2,7,0.0007857072330655983,positive,0.0007857072330655983,1.0,0.0
era:2019-2025,xz_mom24_lag_2,7,0.0001602864519917114,positive,0.0001602864519917114,1.0,0.0
era:2019-2025,xr_mom24_lag_2,7,-3.4252974462761047e-06,negative,2.503823865514527e-05,0.42857142857142855,0.5714285714285714
era:2019-2025,carry_annual_lag_2,7,-0.00035243938730125597,negative,0.0006151924056372156,0.2857142857142857,0.7142857142857143
era:2019-2025,xz_carry_lag_2,7,-0.0010798018230424482,negative,0.0010798018230424482,0.0,1.0
era:2019-2025,log_return_lag_1,7,-4.974705745913526e-05,negative,0.00025679620004860805,0.5714285714285714,0.42857142857142855
era:2019-2025,volatility_lag_1,7,0.00012507306596235617,positive,0.00012507306596235617,1.0,0.0
era:2019-2025,sma20_ratio_lag_1,7,0.0023753684737770585,positive,0.0023753684737770585,1.0,0.0
era:2019-2025,mom24_lag_1,7,0.001056743026545699,positive,0.001056743026545699,1.0,0.0
era:2019-2025,xz_mom24_lag_1,7,0.00011299403511378895,positive,0.00011299403511378895,1.0,0.0
era:2019-2025,xr_mom24_lag_1,7,0.00016194869756607898,positive,0.00016194869756607898,1.0,0.0
era:2019-2025,carry_annual_lag_1,7,-0.0009377807900261876,negative,0.0009377807900261876,0.0,1.0
era:2019-2025,xz_carry_lag_1,7,0.002510163245132808,positive,0.002510163245132808,1.0,0.0
era:2019-2025,log_return_lag_0,7,0.0012123911258497561,positive,0.0012123911258497561,1.0,0.0
era:2019-2025,volatility_lag_0,7,0.00047406368422795396,positive,0.00047406368422795396,1.0,0.0
era:2019-2025,sma20_ratio_lag_0,7,-0.00397803367744661,negative,0.00397803367744661,0.0,1.0
era:2019-2025,mom24_lag_0,7,0.0016264812894865876,positive,0.0016264812894865876,1.0,0.0
era:2019-2025,xz_mom24_lag_0,7,-0.00017115485308398832,negative,0.00017115485308398832,0.0,1.0
era:2019-2025,xr_mom24_lag_0,7,-0.00016803610387326452,negative,0.00016803610387326452,0.0,1.0
era:2019-2025,carry_annual_lag_0,7,-0.0004911433390726225,negative,0.0004911433390726225,0.0,1.0
era:2019-2025,xz_carry_lag_0,7,0.0012492474178969497,positive,0.0012492474178969497,1.0,0.0
